[0.570s] Invoking command in '/root/build/orb_slam3_ros2_wrapper': AMENT_PREFIX_PATH=/root/install/slam_msgs:${AMENT_PREFIX_PATH} CMAKE_PREFIX_PATH=/root/install/slam_msgs:/root/colcon_ws/install/orb_slam3_ros2_wrapper:/root/colcon_ws/install/orb_slam3_map_generator:/root/colcon_ws/install/slam_msgs:/root/colcon_ws/install/orb_slam3_planner:/root/colcon_ws/install/map_merger:/root/colcon_ws/install/color_pose_corrector:/opt/ros/humble LD_LIBRARY_PATH=/root/install/slam_msgs/lib:${LD_LIBRARY_PATH} PYTHONPATH=/root/install/slam_msgs/local/lib/python3.10/dist-packages:${PYTHONPATH} /usr/bin/cmake --build /root/build/orb_slam3_ros2_wrapper -- -j12 -l12
[0.604s] [0mBuild type: Release[0m
[0.604s] -- Found ament_cmake_auto: 1.3.11 (/opt/ros/humble/share/ament_cmake_auto/cmake)
[0.737s] -- Found rclcpp: 16.0.12 (/opt/ros/humble/share/rclcpp/cmake)
[0.780s] -- Found rosidl_generator_c: 3.1.6 (/opt/ros/humble/share/rosidl_generator_c/cmake)
[0.785s] -- Found rosidl_adapter: 3.1.6 (/opt/ros/humble/share/rosidl_adapter/cmake)
[0.795s] -- Found rosidl_generator_cpp: 3.1.6 (/opt/ros/humble/share/rosidl_generator_cpp/cmake)
[0.814s] -- Using all available rosidl_typesupport_c: rosidl_typesupport_fastrtps_c;rosidl_typesupport_introspection_c
[0.838s] -- Using all available rosidl_typesupport_cpp: rosidl_typesupport_fastrtps_cpp;rosidl_typesupport_introspection_cpp
[0.877s] -- Found rmw_implementation_cmake: 6.1.2 (/opt/ros/humble/share/rmw_implementation_cmake/cmake)
[0.879s] -- Found rmw_cyclonedds_cpp: 1.3.4 (/opt/ros/humble/share/rmw_cyclonedds_cpp/cmake)
[0.898s] -- Using RMW implementation 'rmw_cyclonedds_cpp' as default
[0.955s] -- Found sensor_msgs: 4.9.0 (/opt/ros/humble/share/sensor_msgs/cmake)
[0.989s] -- Found cv_bridge: 3.2.1 (/opt/ros/humble/share/cv_bridge/cmake)
[0.995s] -- Found message_filters: 4.3.7 (/opt/ros/humble/share/message_filters/cmake)
[1.003s] -- Found tf2_ros: 0.25.13 (/opt/ros/humble/share/tf2_ros/cmake)
[1.094s] -- Found tf2_eigen: 0.25.13 (/opt/ros/humble/share/tf2_eigen/cmake)
[1.096s] -- Found slam_msgs: 1.0.0 (/root/install/slam_msgs/share/slam_msgs/cmake)
[1.117s] -- Found nav_msgs: 4.9.0 (/opt/ros/humble/share/nav_msgs/cmake)
[1.143s] -- Found tf2_geometry_msgs: 0.25.13 (/opt/ros/humble/share/tf2_geometry_msgs/cmake)
[1.150s] -- Found eigen3_cmake_module: 0.1.1 (/opt/ros/humble/share/eigen3_cmake_module/cmake)
[1.152s] -- Found Eigen3: TRUE (found version "3.4.0") 
[1.152s] -- Ensuring Eigen3 include directory is part of orocos-kdl CMake target
[1.209s] -- FLANN found (include: /usr/include, lib: /usr/lib/x86_64-linux-gnu/libflann_cpp.so)
[1.414s] -- Found Eigen3: /usr/include/eigen3 (found version "3.4.0") 
[1.523s] -- OpenNI found (version: 1.5.4.0, include: /usr/include/ni, lib: /usr/lib/libOpenNI.so;libusb::libusb)
[1.531s] -- OpenNI2 found (version: 2.2.0.33, include: /usr/include/openni2, lib: /usr/lib/x86_64-linux-gnu/libOpenNI2.so;libusb::libusb)
[1.531s] [0m** WARNING ** io features related to pcap will be disabled[0m
[1.687s] -- OpenNI found (version: 1.5.4.0, include: /usr/include/ni, lib: /usr/lib/libOpenNI.so;libusb::libusb)
[1.695s] -- OpenNI2 found (version: 2.2.0.33, include: /usr/include/openni2, lib: /usr/lib/x86_64-linux-gnu/libOpenNI2.so;libusb::libusb)
[1.831s] -- Found Qhull version 8.0.2
[1.989s] -- OpenNI found (version: 1.5.4.0, include: /usr/include/ni, lib: /usr/lib/libOpenNI.so;libusb::libusb)
[2.131s] -- looking for PCL_COMMON
[2.131s] -- looking for PCL_KDTREE
[2.132s] -- looking for PCL_OCTREE
[2.132s] -- looking for PCL_SEARCH
[2.133s] -- looking for PCL_SAMPLE_CONSENSUS
[2.133s] -- looking for PCL_FILTERS
[2.134s] -- looking for PCL_2D
[2.134s] -- looking for PCL_GEOMETRY
[2.135s] -- looking for PCL_IO
[2.135s] -- looking for PCL_FEATURES
[2.136s] -- looking for PCL_ML
[2.136s] -- looking for PCL_SEGMENTATION
[2.137s] -- looking for PCL_VISUALIZATION
[2.137s] -- looking for PCL_SURFACE
[2.138s] -- looking for PCL_REGISTRATION
[2.138s] -- looking for PCL_KEYPOINTS
[2.139s] -- looking for PCL_TRACKING
[2.139s] -- looking for PCL_RECOGNITION
[2.140s] -- looking for PCL_STEREO
[2.140s] -- looking for PCL_APPS
[2.141s] -- looking for PCL_IN_HAND_SCANNER
[2.141s] -- looking for PCL_MODELER
[2.142s] -- looking for PCL_POINT_CLOUD_EDITOR
[2.142s] -- looking for PCL_OUTOFCORE
[2.143s] -- looking for PCL_PEOPLE
[2.144s] -- Found pcl_ros: 2.4.5 (/opt/ros/humble/share/pcl_ros/cmake)
[2.187s] -- Found std_srvs: 4.9.0 (/opt/ros/humble/share/std_srvs/cmake)
[2.225s] [33mCMake Warning at CMakeLists.txt:83 (find_package):
[2.225s]   By not providing "Findgtest.cmake" in CMAKE_MODULE_PATH this project has
[2.225s]   asked CMake to find a package configuration file provided by "gtest", but
[2.225s]   CMake did not find one.
[2.225s] 
[2.225s]   Could not find a package configuration file provided by "gtest" with any of
[2.225s]   the following names:
[2.225s] 
[2.225s]     gtestConfig.cmake
[2.226s]     gtest-config.cmake
[2.226s] 
[2.226s]   Add the installation prefix of "gtest" to CMAKE_PREFIX_PATH or set
[2.226s]   "gtest_DIR" to a directory containing one of the above files.  If "gtest"
[2.226s]   provides a separate development package or SDK, be sure it has been
[2.226s]   installed.
[2.226s] 
[2.226s] [0m
[2.226s] -- Found ament_cmake_gtest: 1.3.11 (/opt/ros/humble/share/ament_cmake_gtest/cmake)
[2.226s] -- Found gtest sources under '/opt/ros/humble/src/gtest_vendor': C++ tests using 'Google Test' will be built
[2.303s] -- Configuring done
[2.470s] -- Generating done
[2.493s] -- Build files have been written to: /root/build/orb_slam3_ros2_wrapper
[2.527s] [35m[1mConsolidate compiler generated dependencies of target gtest_main[0m
[2.527s] [35m[1mConsolidate compiler generated dependencies of target gtest[0m
[2.533s] [35m[1mConsolidate compiler generated dependencies of target rgbd[0m
[2.541s] [ 15%] Built target gtest_main
[2.542s] [ 30%] Built target gtest
[2.556s] [35m[1mConsolidate compiler generated dependencies of target typeconversionTests[0m
[2.580s] [ 38%] [32mBuilding CXX object CMakeFiles/rgbd.dir/src/type_conversion.cpp.o[0m
[2.585s] [ 46%] [32mBuilding CXX object CMakeFiles/rgbd.dir/src/time_profiler.cpp.o[0m
[2.585s] [ 53%] [32mBuilding CXX object CMakeFiles/rgbd.dir/src/orb_slam3_interface.cpp.o[0m
[2.588s] [ 61%] [32mBuilding CXX object CMakeFiles/rgbd.dir/src/rgbd/rgbd-slam-node.cpp.o[0m
[2.591s] [ 69%] [32mBuilding CXX object CMakeFiles/rgbd.dir/src/rgbd/rgbd.cpp.o[0m
[2.604s] [ 76%] [32mBuilding CXX object CMakeFiles/typeconversionTests.dir/tests/typeConversionsTests.cpp.o[0m
[2.606s] [ 84%] [32mBuilding CXX object CMakeFiles/typeconversionTests.dir/src/type_conversion.cpp.o[0m
[4.559s] [01m[K/root/colcon_ws/src/orb_slam3_ros2_wrapper/src/time_profiler.cpp:[m[K In constructor ‘[01m[KORB_SLAM3_Wrapper::TimeProfiler::TimeProfiler()[m[K’:
[4.559s] [01m[K/root/colcon_ws/src/orb_slam3_ros2_wrapper/src/time_profiler.cpp:10:14:[m[K [01;35m[Kwarning: [m[Kunused variable ‘[01m[KnowTime[m[K’ [[01;35m[K-Wunused-variable[m[K]
[4.560s]    10 |         auto [01;35m[KnowTime[m[K = std::chrono::system_clock::to_time_t(now);
[4.560s]       |              [01;35m[K^~~~~~~[m[K
[11.203s] In file included from [01m[K/home/orb/ORB_SLAM3/include/Frame.h:30[m[K,
[11.203s]                  from [01m[K/home/orb/ORB_SLAM3/include/KeyFrame.h:28[m[K,
[11.204s]                  from [01m[K/home/orb/ORB_SLAM3/include/MapPoint.h:23[m[K,
[11.204s]                  from [01m[K/root/colcon_ws/src/orb_slam3_ros2_wrapper/include/orb_slam3_ros2_wrapper/type_conversion.hpp:26[m[K,
[11.204s]                  from [01m[K/root/colcon_ws/src/orb_slam3_ros2_wrapper/src/type_conversion.cpp:7[m[K:
[11.204s] [01m[K/home/orb/ORB_SLAM3/include/ImuTypes.h:[m[K In member function ‘[01m[Kvoid ORB_SLAM3::IMU::Preintegrated::printMeasurements() const[m[K’:
[11.204s] [01m[K/home/orb/ORB_SLAM3/include/ImuTypes.h:204:23:[m[K [01;35m[Kwarning: [m[Kcomparison of integer expressions of different signedness: ‘[01m[Kint[m[K’ and ‘[01m[Kstd::vector<ORB_SLAM3::IMU::Preintegrated::integrable>::size_type[m[K’ {aka ‘[01m[Klong unsigned int[m[K’} [[01;35m[K-Wsign-compare[m[K]
[11.204s]   204 |         for(int i=0; [01;35m[Ki<mvMeasurements.size()[m[K; i++){
[11.204s]       |                      [01;35m[K~^~~~~~~~~~~~~~~~~~~~~~[m[K
[11.427s] In file included from [01m[K/home/orb/ORB_SLAM3/Thirdparty/g2o/g2o/types/types_six_dof_expmap.h:37[m[K,
[11.427s]                  from [01m[K/home/orb/ORB_SLAM3/include/Converter.h:26[m[K,
[11.428s]                  from [01m[K/home/orb/ORB_SLAM3/include/Frame.h:33[m[K,
[11.428s]                  from [01m[K/home/orb/ORB_SLAM3/include/KeyFrame.h:28[m[K,
[11.428s]                  from [01m[K/home/orb/ORB_SLAM3/include/MapPoint.h:23[m[K,
[11.428s]                  from [01m[K/root/colcon_ws/src/orb_slam3_ros2_wrapper/include/orb_slam3_ros2_wrapper/type_conversion.hpp:26[m[K,
[11.428s]                  from [01m[K/root/colcon_ws/src/orb_slam3_ros2_wrapper/src/type_conversion.cpp:7[m[K:
[11.428s] [01m[K/home/orb/ORB_SLAM3/Thirdparty/g2o/g2o/types/../core/base_vertex.h:[m[K At global scope:
[11.428s] [01m[K/home/orb/ORB_SLAM3/Thirdparty/g2o/g2o/types/../core/base_vertex.h:62:74:[m[K [01;35m[Kwarning: [m[K‘[01m[KEigen::AlignedBit[m[K’ is deprecated [[01;35m[K-Wdeprecated-declarations[m[K]
[11.428s]    62 |     typedef Eigen::Map<Matrix<double, D, D>, Matrix<double,D,D>::Flags & [01;35m[KAlignedBit[m[K ? Aligned : Unaligned >  HessianBlockType;
[11.428s]       |                                                                          [01;35m[K^~~~~~~~~~[m[K
[11.429s] In file included from [01m[K/usr/include/eigen3/Eigen/Core:161[m[K,
[11.429s]                  from [01m[K/root/colcon_ws/src/orb_slam3_ros2_wrapper/include/orb_slam3_ros2_wrapper/type_conversion.hpp:10[m[K,
[11.429s]                  from [01m[K/root/colcon_ws/src/orb_slam3_ros2_wrapper/src/type_conversion.cpp:7[m[K:
[11.429s] [01m[K/usr/include/eigen3/Eigen/src/Core/util/Constants.h:167:37:[m[K [01;36m[Knote: [m[Kdeclared here
[11.429s]   167 | EIGEN_DEPRECATED const unsigned int [01;36m[KAlignedBit[m[K = 0x80;
[11.429s]       |                                     [01;36m[K^~~~~~~~~~[m[K
[11.441s] In file included from [01m[K/home/orb/ORB_SLAM3/Thirdparty/g2o/g2o/types/types_six_dof_expmap.h:38[m[K,
[11.442s]                  from [01m[K/home/orb/ORB_SLAM3/include/Converter.h:26[m[K,
[11.442s]                  from [01m[K/home/orb/ORB_SLAM3/include/Frame.h:33[m[K,
[11.442s]                  from [01m[K/home/orb/ORB_SLAM3/include/KeyFrame.h:28[m[K,
[11.442s]                  from [01m[K/home/orb/ORB_SLAM3/include/MapPoint.h:23[m[K,
[11.442s]                  from [01m[K/root/colcon_ws/src/orb_slam3_ros2_wrapper/include/orb_slam3_ros2_wrapper/type_conversion.hpp:26[m[K,
[11.442s]                  from [01m[K/root/colcon_ws/src/orb_slam3_ros2_wrapper/src/type_conversion.cpp:7[m[K:
[11.442s] [01m[K/home/orb/ORB_SLAM3/Thirdparty/g2o/g2o/types/../core/base_binary_edge.h:59:82:[m[K [01;35m[Kwarning: [m[K‘[01m[KEigen::AlignedBit[m[K’ is deprecated [[01;35m[K-Wdeprecated-declarations[m[K]
[11.442s]    59 |       typedef Eigen::Map<Matrix<double, Di, Dj>, Matrix<double, Di, Dj>::Flags & [01;35m[KAlignedBit[m[K ? Aligned : Unaligned > HessianBlockType;
[11.443s]       |                                                                                  [01;35m[K^~~~~~~~~~[m[K
[11.443s] In file included from [01m[K/usr/include/eigen3/Eigen/Core:161[m[K,
[11.443s]                  from [01m[K/root/colcon_ws/src/orb_slam3_ros2_wrapper/include/orb_slam3_ros2_wrapper/type_conversion.hpp:10[m[K,
[11.443s]                  from [01m[K/root/colcon_ws/src/orb_slam3_ros2_wrapper/src/type_conversion.cpp:7[m[K:
[11.443s] [01m[K/usr/include/eigen3/Eigen/src/Core/util/Constants.h:167:37:[m[K [01;36m[Knote: [m[Kdeclared here
[11.443s]   167 | EIGEN_DEPRECATED const unsigned int [01;36m[KAlignedBit[m[K = 0x80;
[11.443s]       |                                     [01;36m[K^~~~~~~~~~[m[K
[11.443s] In file included from [01m[K/home/orb/ORB_SLAM3/Thirdparty/g2o/g2o/types/types_six_dof_expmap.h:38[m[K,
[11.443s]                  from [01m[K/home/orb/ORB_SLAM3/include/Converter.h:26[m[K,
[11.444s]                  from [01m[K/home/orb/ORB_SLAM3/include/Frame.h:33[m[K,
[11.444s]                  from [01m[K/home/orb/ORB_SLAM3/include/KeyFrame.h:28[m[K,
[11.444s]                  from [01m[K/home/orb/ORB_SLAM3/include/MapPoint.h:23[m[K,
[11.444s]                  from [01m[K/root/colcon_ws/src/orb_slam3_ros2_wrapper/include/orb_slam3_ros2_wrapper/type_conversion.hpp:26[m[K,
[11.444s]                  from [01m[K/root/colcon_ws/src/orb_slam3_ros2_wrapper/src/type_conversion.cpp:7[m[K:
[11.444s] [01m[K/home/orb/ORB_SLAM3/Thirdparty/g2o/g2o/types/../core/base_binary_edge.h:60:82:[m[K [01;35m[Kwarning: [m[K‘[01m[KEigen::AlignedBit[m[K’ is deprecated [[01;35m[K-Wdeprecated-declarations[m[K]
[11.444s]    60 |       typedef Eigen::Map<Matrix<double, Dj, Di>, Matrix<double, Dj, Di>::Flags & [01;35m[KAlignedBit[m[K ? Aligned : Unaligned > HessianBlockTransposedType;
[11.444s]       |                                                                                  [01;35m[K^~~~~~~~~~[m[K
[11.444s] In file included from [01m[K/usr/include/eigen3/Eigen/Core:161[m[K,
[11.445s]                  from [01m[K/root/colcon_ws/src/orb_slam3_ros2_wrapper/include/orb_slam3_ros2_wrapper/type_conversion.hpp:10[m[K,
[11.445s]                  from [01m[K/root/colcon_ws/src/orb_slam3_ros2_wrapper/src/type_conversion.cpp:7[m[K:
[11.445s] [01m[K/usr/include/eigen3/Eigen/src/Core/util/Constants.h:167:37:[m[K [01;36m[Knote: [m[Kdeclared here
[11.445s]   167 | EIGEN_DEPRECATED const unsigned int [01;36m[KAlignedBit[m[K = 0x80;
[11.445s]       |                                     [01;36m[K^~~~~~~~~~[m[K
[11.485s] In file included from [01m[K/home/orb/ORB_SLAM3/include/Frame.h:30[m[K,
[11.485s]                  from [01m[K/home/orb/ORB_SLAM3/include/KeyFrame.h:28[m[K,
[11.486s]                  from [01m[K/home/orb/ORB_SLAM3/include/MapPoint.h:23[m[K,
[11.486s]                  from [01m[K/root/colcon_ws/src/orb_slam3_ros2_wrapper/include/orb_slam3_ros2_wrapper/type_conversion.hpp:26[m[K,
[11.486s]                  from [01m[K/root/colcon_ws/src/orb_slam3_ros2_wrapper/src/type_conversion.cpp:7[m[K:
[11.486s] [01m[K/home/orb/ORB_SLAM3/include/ImuTypes.h:[m[K In member function ‘[01m[Kvoid ORB_SLAM3::IMU::Preintegrated::printMeasurements() const[m[K’:
[11.486s] [01m[K/home/orb/ORB_SLAM3/include/ImuTypes.h:204:23:[m[K [01;35m[Kwarning: [m[Kcomparison of integer expressions of different signedness: ‘[01m[Kint[m[K’ and ‘[01m[Kstd::vector<ORB_SLAM3::IMU::Preintegrated::integrable>::size_type[m[K’ {aka ‘[01m[Klong unsigned int[m[K’} [[01;35m[K-Wsign-compare[m[K]
[11.486s]   204 | int i=0; [01;35m[Ki<mvMeasurements.size()[m[K; i++){
[11.486s]       |          [01;35m[K~^~~~~~~~~~~~~~~~~~~~~~[m[K
[11.486s] 
[11.543s] In file included from [01m[K/home/orb/ORB_SLAM3/Thirdparty/g2o/g2o/types/types_six_dof_expmap.h:41[m[K,
[11.543s]                  from [01m[K/home/orb/ORB_SLAM3/include/Converter.h:26[m[K,
[11.544s]                  from [01m[K/home/orb/ORB_SLAM3/include/Frame.h:33[m[K,
[11.544s]                  from [01m[K/home/orb/ORB_SLAM3/include/KeyFrame.h:28[m[K,
[11.544s]                  from [01m[K/home/orb/ORB_SLAM3/include/MapPoint.h:23[m[K,
[11.544s]                  from [01m[K/root/colcon_ws/src/orb_slam3_ros2_wrapper/include/orb_slam3_ros2_wrapper/type_conversion.hpp:26[m[K,
[11.544s]                  from [01m[K/root/colcon_ws/src/orb_slam3_ros2_wrapper/src/type_conversion.cpp:7[m[K:
[11.544s] [01m[K/home/orb/ORB_SLAM3/Thirdparty/g2o/g2o/types/se3quat.h:43:38:[m[K [01;35m[Kwarning: [m[Kextra ‘[01m[K;[m[K’ [[01;35m[K-Wpedantic[m[K]
[11.544s]    43 |       EIGEN_MAKE_ALIGNED_OPERATOR_NEW[01;35m[K;[m[K
[11.544s]       |                                      [01;35m[K^[m[K
[11.545s]       |                                      [31m[K-[m[K
[11.661s] In file included from [01m[K/home/orb/ORB_SLAM3/Thirdparty/g2o/g2o/types/types_six_dof_expmap.h:37[m[K,
[11.661s]                  from [01m[K/home/orb/ORB_SLAM3/include/Converter.h:26[m[K,
[11.662s]                  from [01m[K/home/orb/ORB_SLAM3/include/Frame.h:33[m[K,
[11.662s]                  from [01m[K/home/orb/ORB_SLAM3/include/KeyFrame.h:28[m[K,
[11.662s]                  from [01m[K/home/orb/ORB_SLAM3/include/MapPoint.h:23[m[K,
[11.662s]                  from [01m[K/root/colcon_ws/src/orb_slam3_ros2_wrapper/include/orb_slam3_ros2_wrapper/type_conversion.hpp:26[m[K,
[11.662s]                  from [01m[K/root/colcon_ws/src/orb_slam3_ros2_wrapper/src/type_conversion.cpp:7[m[K:
[11.662s] [01m[K/home/orb/ORB_SLAM3/Thirdparty/g2o/g2o/types/../core/base_vertex.h:[m[K At global scope:
[11.662s] [01m[K/home/orb/ORB_SLAM3/Thirdparty/g2o/g2o/types/../core/base_vertex.h:62:74:[m[K [01;35m[Kwarning: [m[K‘[01m[KEigen::AlignedBit[m[K’ is deprecated [[01;35m[K-Wdeprecated-declarations[m[K]
[11.662s]    62 | ::Flags & [01;35m[KAlignedBit[m[K ? Aligned : Unaligned >  HessianBlockType;
[11.663s]       |           [01;35m[K^~~~~~~~~~[m[K
[11.663s] 
[11.664s] In file included from [01m[K/usr/include/eigen3/Eigen/Core:161[m[K,
[11.664s]                  from [01m[K/root/colcon_ws/src/orb_slam3_ros2_wrapper/include/orb_slam3_ros2_wrapper/type_conversion.hpp:10[m[K,
[11.665s]                  from [01m[K/root/colcon_ws/src/orb_slam3_ros2_wrapper/src/type_conversion.cpp:7[m[K:
[11.665s] [01m[K/usr/include/eigen3/Eigen/src/Core/util/Constants.h:167:37:[m[K [01;36m[Knote: [m[Kdeclared here
[11.665s]   167 | igned int [01;36m[KAlignedBit[m[K = 0x80;
[11.665s]       |           [01;36m[K^~~~~~~~~~[m[K
[11.665s] 
[11.680s] In file included from [01m[K/home/orb/ORB_SLAM3/Thirdparty/g2o/g2o/types/types_six_dof_expmap.h:38[m[K,
[11.680s]                  from [01m[K/home/orb/ORB_SLAM3/include/Converter.h:26[m[K,
[11.680s]                  from [01m[K/home/orb/ORB_SLAM3/include/Frame.h:33[m[K,
[11.681s]                  from [01m[K/home/orb/ORB_SLAM3/include/KeyFrame.h:28[m[K,
[11.681s]                  from [01m[K/home/orb/ORB_SLAM3/include/MapPoint.h:23[m[K,
[11.681s]                  from [01m[K/root/colcon_ws/src/orb_slam3_ros2_wrapper/include/orb_slam3_ros2_wrapper/type_conversion.hpp:26[m[K,
[11.681s]                  from [01m[K/root/colcon_ws/src/orb_slam3_ros2_wrapper/src/type_conversion.cpp:7[m[K:
[11.681s] [01m[K/home/orb/ORB_SLAM3/Thirdparty/g2o/g2o/types/../core/base_binary_edge.h:59:82:[m[K [01;35m[Kwarning: [m[K‘[01m[KEigen::AlignedBit[m[K’ is deprecated [[01;35m[K-Wdeprecated-declarations[m[K]
[11.681s]    59 | ::Flags & [01;35m[KAlignedBit[m[K ? Aligned : Unaligned > HessianBlockType;
[11.681s]       |           [01;35m[K^~~~~~~~~~[m[K
[11.682s] 
[11.682s] In file included from [01m[K/usr/include/eigen3/Eigen/Core:161[m[K,
[11.682s]                  from [01m[K/root/colcon_ws/src/orb_slam3_ros2_wrapper/include/orb_slam3_ros2_wrapper/type_conversion.hpp:10[m[K,
[11.682s]                  from [01m[K/root/colcon_ws/src/orb_slam3_ros2_wrapper/src/type_conversion.cpp:7[m[K:
[11.682s] [01m[K/usr/include/eigen3/Eigen/src/Core/util/Constants.h:167:37:[m[K [01;36m[Knote: [m[Kdeclared here
[11.682s]   167 | igned int [01;36m[KAlignedBit[m[K = 0x80;
[11.682s]       |           [01;36m[K^~~~~~~~~~[m[K
[11.682s] 
[11.682s] In file included from [01m[K/home/orb/ORB_SLAM3/Thirdparty/g2o/g2o/types/types_six_dof_expmap.h:38[m[K,
[11.683s]                  from [01m[K/home/orb/ORB_SLAM3/include/Converter.h:26[m[K,
[11.683s]                  from [01m[K/home/orb/ORB_SLAM3/include/Frame.h:33[m[K,
[11.683s]                  from [01m[K/home/orb/ORB_SLAM3/include/KeyFrame.h:28[m[K,
[11.689s]                  from [01m[K/home/orb/ORB_SLAM3/include/MapPoint.h:23[m[K,
[11.690s]                  from [01m[K/root/colcon_ws/src/orb_slam3_ros2_wrapper/include/orb_slam3_ros2_wrapper/type_conversion.hpp:26[m[K,
[11.690s]                  from [01m[K/root/colcon_ws/src/orb_slam3_ros2_wrapper/src/type_conversion.cpp:7[m[K:
[11.690s] [01m[K/home/orb/ORB_SLAM3/Thirdparty/g2o/g2o/types/../core/base_binary_edge.h:60:82:[m[K [01;35m[Kwarning: [m[K‘[01m[KEigen::AlignedBit[m[K’ is deprecated [[01;35m[K-Wdeprecated-declarations[m[K]
[11.690s]    60 | ::Flags & [01;35m[KAlignedBit[m[K ? Aligned : Unaligned > HessianBlockTransposedType;
[11.690s]       |           [01;35m[K^~~~~~~~~~[m[K
[11.690s] 
[11.690s] In file included from [01m[K/usr/include/eigen3/Eigen/Core:161[m[K,
[11.690s]                  from [01m[K/root/colcon_ws/src/orb_slam3_ros2_wrapper/include/orb_slam3_ros2_wrapper/type_conversion.hpp:10[m[K,
[11.691s]                  from [01m[K/root/colcon_ws/src/orb_slam3_ros2_wrapper/src/type_conversion.cpp:7[m[K:
[11.691s] [01m[K/usr/include/eigen3/Eigen/src/Core/util/Constants.h:167:37:[m[K [01;36m[Knote: [m[Kdeclared here
[11.691s]   167 | igned int [01;36m[KAlignedBit[m[K = 0x80;
[11.691s]       |           [01;36m[K^~~~~~~~~~[m[K
[11.691s] 
[11.781s] In file included from [01m[K/home/orb/ORB_SLAM3/Thirdparty/g2o/g2o/types/types_six_dof_expmap.h:41[m[K,
[11.781s]                  from [01m[K/home/orb/ORB_SLAM3/include/Converter.h:26[m[K,
[11.781s]                  from [01m[K/home/orb/ORB_SLAM3/include/Frame.h:33[m[K,
[11.781s]                  from [01m[K/home/orb/ORB_SLAM3/include/KeyFrame.h:28[m[K,
[11.781s]                  from [01m[K/home/orb/ORB_SLAM3/include/MapPoint.h:23[m[K,
[11.781s]                  from [01m[K/root/colcon_ws/src/orb_slam3_ros2_wrapper/include/orb_slam3_ros2_wrapper/type_conversion.hpp:26[m[K,
[11.781s]                  from [01m[K/root/colcon_ws/src/orb_slam3_ros2_wrapper/src/type_conversion.cpp:7[m[K:
[11.782s] [01m[K/home/orb/ORB_SLAM3/Thirdparty/g2o/g2o/types/se3quat.h:43:38:[m[K [01;35m[Kwarning: [m[Kextra ‘[01m[K;[m[K’ [[01;35m[K-Wpedantic[m[K]
[11.782s]    43 | ALIGNED_OPERATOR_NEW[01;35m[K;[m[K
[11.782s]       |                     [01;35m[K^[m[K
[11.782s]       |                     [31m[K-[m[K
[12.110s] In file included from [01m[K/home/orb/ORB_SLAM3/Thirdparty/g2o/g2o/types/types_six_dof_expmap.h:37[m[K,
[12.110s]                  from [01m[K/home/orb/ORB_SLAM3/include/Converter.h:26[m[K,
[12.110s]                  from [01m[K/home/orb/ORB_SLAM3/include/Frame.h:33[m[K,
[12.110s]                  from [01m[K/home/orb/ORB_SLAM3/include/KeyFrame.h:28[m[K,
[12.110s]                  from [01m[K/home/orb/ORB_SLAM3/include/MapPoint.h:23[m[K,
[12.111s]                  from [01m[K/root/colcon_ws/src/orb_slam3_ros2_wrapper/include/orb_slam3_ros2_wrapper/type_conversion.hpp:26[m[K,
[12.111s]                  from [01m[K/root/colcon_ws/src/orb_slam3_ros2_wrapper/src/type_conversion.cpp:7[m[K:
[12.111s] /home/orb/ORB_SLAM3/Thirdparty/g2o/g2o/types/../core/base_vertex.h: In instantiation of ‘[01m[Kclass g2o::BaseVertex<3, Eigen::Matrix<double, 3, 1> >[m[K’:
[12.111s] [01m[K/home/orb/ORB_SLAM3/Thirdparty/g2o/g2o/types/types_sba.h:40:35:[m[K   required from here
[12.118s] [01m[K/home/orb/ORB_SLAM3/Thirdparty/g2o/g2o/types/../core/base_vertex.h:62:72:[m[K [01;35m[Kwarning: [m[K‘[01m[KEigen::AlignedBit[m[K’ is deprecated [[01;35m[K-Wdeprecated-declarations[m[K]
[12.119s]    62 |     typedef Eigen::Map<Matrix<double, D, D>, Matrix<double,D,D>::[01;35m[KFlags & AlignedBit[m[K ? Aligned : Unaligned >  HessianBlockType;
[12.119s]       |                                                                  [01;35m[K~~~~~~^~~~~~~~~~~~[m[K
[12.119s] In file included from [01m[K/usr/include/eigen3/Eigen/Core:161[m[K,
[12.120s]                  from [01m[K/root/colcon_ws/src/orb_slam3_ros2_wrapper/include/orb_slam3_ros2_wrapper/type_conversion.hpp:10[m[K,
[12.120s]                  from [01m[K/root/colcon_ws/src/orb_slam3_ros2_wrapper/src/type_conversion.cpp:7[m[K:
[12.120s] [01m[K/usr/include/eigen3/Eigen/src/Core/util/Constants.h:167:37:[m[K [01;36m[Knote: [m[Kdeclared here
[12.120s]   167 | EIGEN_DEPRECATED const unsigned int [01;36m[KAlignedBit[m[K = 0x80;
[12.120s]       |                                     [01;36m[K^~~~~~~~~~[m[K
[12.151s] In file included from [01m[K/home/orb/ORB_SLAM3/Thirdparty/g2o/g2o/types/types_six_dof_expmap.h:37[m[K,
[12.151s]                  from [01m[K/home/orb/ORB_SLAM3/include/Converter.h:26[m[K,
[12.151s]                  from [01m[K/home/orb/ORB_SLAM3/include/Frame.h:33[m[K,
[12.151s]                  from [01m[K/home/orb/ORB_SLAM3/include/KeyFrame.h:28[m[K,
[12.151s]                  from [01m[K/home/orb/ORB_SLAM3/include/MapPoint.h:23[m[K,
[12.152s]                  from [01m[K/root/colcon_ws/src/orb_slam3_ros2_wrapper/include/orb_slam3_ros2_wrapper/type_conversion.hpp:26[m[K,
[12.152s]                  from [01m[K/root/colcon_ws/src/orb_slam3_ros2_wrapper/src/type_conversion.cpp:7[m[K:
[12.152s] /home/orb/ORB_SLAM3/Thirdparty/g2o/g2o/types/../core/base_vertex.h: In instantiation of ‘[01m[Kclass g2o::BaseVertex<6, g2o::SE3Quat>[m[K’:
[12.152s] [01m[K/home/orb/ORB_SLAM3/Thirdparty/g2o/g2o/types/types_six_dof_expmap.h:59:33:[m[K   required from here
[12.152s] [01m[K/home/orb/ORB_SLAM3/Thirdparty/g2o/g2o/types/../core/base_vertex.h:62:72:[m[K [01;35m[Kwarning: [m[K‘[01m[KEigen::AlignedBit[m[K’ is deprecated [[01;35m[K-Wdeprecated-declarations[m[K]
[12.152s]    62 |     typedef Eigen::Map<Matrix<double, D, D>, Matrix<double,D,D>::[01;35m[KFlags & AlignedBit[m[K ? Aligned : Unaligned >  HessianBlockType;
[12.152s]       |                                                                  [01;35m[K~~~~~~^~~~~~~~~~~~[m[K
[12.152s] In file included from [01m[K/usr/include/eigen3/Eigen/Core:161[m[K,
[12.152s]                  from [01m[K/root/colcon_ws/src/orb_slam3_ros2_wrapper/include/orb_slam3_ros2_wrapper/type_conversion.hpp:10[m[K,
[12.153s]                  from [01m[K/root/colcon_ws/src/orb_slam3_ros2_wrapper/src/type_conversion.cpp:7[m[K:
[12.153s] [01m[K/usr/include/eigen3/Eigen/src/Core/util/Constants.h:167:37:[m[K [01;36m[Knote: [m[Kdeclared here
[12.153s]   167 | EIGEN_DEPRECATED const unsigned int [01;36m[KAlignedBit[m[K = 0x80;
[12.153s]       |                                     [01;36m[K^~~~~~~~~~[m[K
[12.220s] In file included from [01m[K/home/orb/ORB_SLAM3/Thirdparty/g2o/g2o/types/types_six_dof_expmap.h:38[m[K,
[12.220s]                  from [01m[K/home/orb/ORB_SLAM3/include/Converter.h:26[m[K,
[12.220s]                  from [01m[K/home/orb/ORB_SLAM3/include/Frame.h:33[m[K,
[12.220s]                  from [01m[K/home/orb/ORB_SLAM3/include/KeyFrame.h:28[m[K,
[12.220s]                  from [01m[K/home/orb/ORB_SLAM3/include/MapPoint.h:23[m[K,
[12.220s]                  from [01m[K/root/colcon_ws/src/orb_slam3_ros2_wrapper/include/orb_slam3_ros2_wrapper/type_conversion.hpp:26[m[K,
[12.220s]                  from [01m[K/root/colcon_ws/src/orb_slam3_ros2_wrapper/src/type_conversion.cpp:7[m[K:
[12.221s] /home/orb/ORB_SLAM3/Thirdparty/g2o/g2o/types/../core/base_binary_edge.h: In instantiation of ‘[01m[Kclass g2o::BaseBinaryEdge<6, g2o::SE3Quat, g2o::VertexSE3Expmap, g2o::VertexSE3Expmap>[m[K’:
[12.221s] [01m[K/home/orb/ORB_SLAM3/Thirdparty/g2o/g2o/types/types_six_dof_expmap.h:83:24:[m[K   required from here
[12.221s] [01m[K/home/orb/ORB_SLAM3/Thirdparty/g2o/g2o/types/../core/base_binary_edge.h:59:80:[m[K [01;35m[Kwarning: [m[K‘[01m[KEigen::AlignedBit[m[K’ is deprecated [[01;35m[K-Wdeprecated-declarations[m[K]
[12.221s]    59 |       typedef Eigen::Map<Matrix<double, Di, Dj>, Matrix<double, Di, Dj>::[01;35m[KFlags & AlignedBit[m[K ? Aligned : Unaligned > HessianBlockType;
[12.221s]       |                                                                          [01;35m[K~~~~~~^~~~~~~~~~~~[m[K
[12.221s] In file included from [01m[K/usr/include/eigen3/Eigen/Core:161[m[K,
[12.222s]                  from [01m[K/root/colcon_ws/src/orb_slam3_ros2_wrapper/include/orb_slam3_ros2_wrapper/type_conversion.hpp:10[m[K,
[12.222s]                  from [01m[K/root/colcon_ws/src/orb_slam3_ros2_wrapper/src/type_conversion.cpp:7[m[K:
[12.222s] [01m[K/usr/include/eigen3/Eigen/src/Core/util/Constants.h:167:37:[m[K [01;36m[Knote: [m[Kdeclared here
[12.222s]   167 | EIGEN_DEPRECATED const unsigned int [01;36m[KAlignedBit[m[K = 0x80;
[12.222s]       |                                     [01;36m[K^~~~~~~~~~[m[K
[12.222s] In file included from [01m[K/home/orb/ORB_SLAM3/Thirdparty/g2o/g2o/types/types_six_dof_expmap.h:38[m[K,
[12.222s]                  from [01m[K/home/orb/ORB_SLAM3/include/Converter.h:26[m[K,
[12.222s]                  from [01m[K/home/orb/ORB_SLAM3/include/Frame.h:33[m[K,
[12.222s]                  from [01m[K/home/orb/ORB_SLAM3/include/KeyFrame.h:28[m[K,
[12.223s]                  from [01m[K/home/orb/ORB_SLAM3/include/MapPoint.h:23[m[K,
[12.223s]                  from [01m[K/root/colcon_ws/src/orb_slam3_ros2_wrapper/include/orb_slam3_ros2_wrapper/type_conversion.hpp:26[m[K,
[12.223s]                  from [01m[K/root/colcon_ws/src/orb_slam3_ros2_wrapper/src/type_conversion.cpp:7[m[K:
[12.223s] [01m[K/home/orb/ORB_SLAM3/Thirdparty/g2o/g2o/types/../core/base_binary_edge.h:60:80:[m[K [01;35m[Kwarning: [m[K‘[01m[KEigen::AlignedBit[m[K’ is deprecated [[01;35m[K-Wdeprecated-declarations[m[K]
[12.223s]    60 |       typedef Eigen::Map<Matrix<double, Dj, Di>, Matrix<double, Dj, Di>::[01;35m[KFlags & AlignedBit[m[K ? Aligned : Unaligned > HessianBlockTransposedType;
[12.223s]       |                                                                          [01;35m[K~~~~~~^~~~~~~~~~~~[m[K
[12.223s] In file included from [01m[K/usr/include/eigen3/Eigen/Core:161[m[K,
[12.223s]                  from [01m[K/root/colcon_ws/src/orb_slam3_ros2_wrapper/include/orb_slam3_ros2_wrapper/type_conversion.hpp:10[m[K,
[12.224s]                  from [01m[K/root/colcon_ws/src/orb_slam3_ros2_wrapper/src/type_conversion.cpp:7[m[K:
[12.224s] [01m[K/usr/include/eigen3/Eigen/src/Core/util/Constants.h:167:37:[m[K [01;36m[Knote: [m[Kdeclared here
[12.224s]   167 | EIGEN_DEPRECATED const unsigned int [01;36m[KAlignedBit[m[K = 0x80;
[12.224s]       |                                     [01;36m[K^~~~~~~~~~[m[K
[12.314s] In file included from [01m[K/home/orb/ORB_SLAM3/Thirdparty/g2o/g2o/types/types_six_dof_expmap.h:38[m[K,
[12.315s]                  from [01m[K/home/orb/ORB_SLAM3/include/Converter.h:26[m[K,
[12.315s]                  from [01m[K/home/orb/ORB_SLAM3/include/Frame.h:33[m[K,
[12.315s]                  from [01m[K/home/orb/ORB_SLAM3/include/KeyFrame.h:28[m[K,
[12.315s]                  from [01m[K/home/orb/ORB_SLAM3/include/MapPoint.h:23[m[K,
[12.315s]                  from [01m[K/root/colcon_ws/src/orb_slam3_ros2_wrapper/include/orb_slam3_ros2_wrapper/type_conversion.hpp:26[m[K,
[12.315s]                  from [01m[K/root/colcon_ws/src/orb_slam3_ros2_wrapper/src/type_conversion.cpp:7[m[K:
[12.315s] /home/orb/ORB_SLAM3/Thirdparty/g2o/g2o/types/../core/base_binary_edge.h: In instantiation of ‘[01m[Kclass g2o::BaseBinaryEdge<2, Eigen::Matrix<double, 2, 1>, g2o::VertexSBAPointXYZ, g2o::VertexSE3Expmap>[m[K’:
[12.315s] [01m[K/home/orb/ORB_SLAM3/Thirdparty/g2o/g2o/types/types_six_dof_expmap.h:114:35:[m[K   required from here
[12.316s] [01m[K/home/orb/ORB_SLAM3/Thirdparty/g2o/g2o/types/../core/base_binary_edge.h:59:80:[m[K [01;35m[Kwarning: [m[K‘[01m[KEigen::AlignedBit[m[K’ is deprecated [[01;35m[K-Wdeprecated-declarations[m[K]
[12.316s]    59 |       typedef Eigen::Map<Matrix<double, Di, Dj>, Matrix<double, Di, Dj>::[01;35m[KFlags & AlignedBit[m[K ? Aligned : Unaligned > HessianBlockType;
[12.316s]       |                                                                          [01;35m[K~~~~~~^~~~~~~~~~~~[m[K
[12.316s] In file included from [01m[K/usr/include/eigen3/Eigen/Core:161[m[K,
[12.316s]                  from [01m[K/root/colcon_ws/src/orb_slam3_ros2_wrapper/include/orb_slam3_ros2_wrapper/type_conversion.hpp:10[m[K,
[12.316s]                  from [01m[K/root/colcon_ws/src/orb_slam3_ros2_wrapper/src/type_conversion.cpp:7[m[K:
[12.316s] [01m[K/usr/include/eigen3/Eigen/src/Core/util/Constants.h:167:37:[m[K [01;36m[Knote: [m[Kdeclared here
[12.316s]   167 | EIGEN_DEPRECATED const unsigned int [01;36m[KAlignedBit[m[K = 0x80;
[12.316s]       |                                     [01;36m[K^~~~~~~~~~[m[K
[12.335s] In file included from [01m[K/home/orb/ORB_SLAM3/Thirdparty/g2o/g2o/types/types_six_dof_expmap.h:38[m[K,
[12.335s]                  from [01m[K/home/orb/ORB_SLAM3/include/Converter.h:26[m[K,
[12.336s]                  from [01m[K/home/orb/ORB_SLAM3/include/Frame.h:33[m[K,
[12.336s]                  from [01m[K/home/orb/ORB_SLAM3/include/KeyFrame.h:28[m[K,
[12.336s]                  from [01m[K/home/orb/ORB_SLAM3/include/MapPoint.h:23[m[K,
[12.336s]                  from [01m[K/root/colcon_ws/src/orb_slam3_ros2_wrapper/include/orb_slam3_ros2_wrapper/type_conversion.hpp:26[m[K,
[12.336s]                  from [01m[K/root/colcon_ws/src/orb_slam3_ros2_wrapper/src/type_conversion.cpp:7[m[K:
[12.336s] [01m[K/home/orb/ORB_SLAM3/Thirdparty/g2o/g2o/types/../core/base_binary_edge.h:60:80:[m[K [01;35m[Kwarning: [m[K‘[01m[KEigen::AlignedBit[m[K’ is deprecated [[01;35m[K-Wdeprecated-declarations[m[K]
[12.336s]    60 |       typedef Eigen::Map<Matrix<double, Dj, Di>, Matrix<double, Dj, Di>::[01;35m[KFlags & AlignedBit[m[K ? Aligned : Unaligned > HessianBlockTransposedType;
[12.336s]       |                                                                          [01;35m[K~~~~~~^~~~~~~~~~~~[m[K
[12.337s] In file included from [01m[K/usr/include/eigen3/Eigen/Core:161[m[K,
[12.337s]                  from [01m[K/root/colcon_ws/src/orb_slam3_ros2_wrapper/include/orb_slam3_ros2_wrapper/type_conversion.hpp:10[m[K,
[12.337s]                  from [01m[K/root/colcon_ws/src/orb_slam3_ros2_wrapper/src/type_conversion.cpp:7[m[K:
[12.337s] [01m[K/usr/include/eigen3/Eigen/src/Core/util/Constants.h:167:37:[m[K [01;36m[Knote: [m[Kdeclared here
[12.337s]   167 | EIGEN_DEPRECATED const unsigned int [01;36m[KAlignedBit[m[K = 0x80;
[12.337s]       |                                     [01;36m[K^~~~~~~~~~[m[K
[12.413s] In file included from [01m[K/home/orb/ORB_SLAM3/Thirdparty/g2o/g2o/types/types_six_dof_expmap.h:37[m[K,
[12.414s]                  from [01m[K/home/orb/ORB_SLAM3/include/Converter.h:26[m[K,
[12.414s]                  from [01m[K/home/orb/ORB_SLAM3/include/Frame.h:33[m[K,
[12.414s]                  from [01m[K/home/orb/ORB_SLAM3/include/KeyFrame.h:28[m[K,
[12.414s]                  from [01m[K/home/orb/ORB_SLAM3/include/MapPoint.h:23[m[K,
[12.414s]                  from [01m[K/root/colcon_ws/src/orb_slam3_ros2_wrapper/include/orb_slam3_ros2_wrapper/type_conversion.hpp:26[m[K,
[12.414s]                  from [01m[K/root/colcon_ws/src/orb_slam3_ros2_wrapper/src/type_conversion.cpp:7[m[K:
[12.414s] /home/orb/ORB_SLAM3/Thirdparty/g2o/g2o/types/../core/base_vertex.h: In instantiation of ‘[01m[Kclass g2o::BaseVertex<3, Eigen::Matrix<double, 3, 1> >[m[K’:
[12.414s] [01m[K/home/orb/ORB_SLAM3/Thirdparty/g2o/g2o/types/types_sba.h:40:35:[m[K   required from here
[12.415s] [01m[K/home/orb/ORB_SLAM3/Thirdparty/g2o/g2o/types/../core/base_vertex.h:62:72:[m[K [01;35m[Kwarning: [m[K‘[01m[KEigen::AlignedBit[m[K’ is deprecated [[01;35m[K-Wdeprecated-declarations[m[K]
[12.415s]    62 | D>::[01;35m[KFlags & AlignedBit[m[K ? Aligned : Unaligned >  HessianBlockType;
[12.415s]       |     [01;35m[K~~~~~~^~~~~~~~~~~~[m[K
[12.415s] 
[12.415s] In file included from [01m[K/usr/include/eigen3/Eigen/Core:161[m[K,
[12.415s]                  from [01m[K/root/colcon_ws/src/orb_slam3_ros2_wrapper/include/orb_slam3_ros2_wrapper/type_conversion.hpp:10[m[K,
[12.415s]                  from [01m[K/root/colcon_ws/src/orb_slam3_ros2_wrapper/src/type_conversion.cpp:7[m[K:
[12.415s] [01m[K/usr/include/eigen3/Eigen/src/Core/util/Constants.h:167:37:[m[K [01;36m[Knote: [m[Kdeclared here
[12.415s]   167 | igned int [01;36m[KAlignedBit[m[K = 0x80;
[12.416s]       |           [01;36m[K^~~~~~~~~~[m[K
[12.416s] 
[12.419s] In file included from [01m[K/home/orb/ORB_SLAM3/Thirdparty/g2o/g2o/types/types_six_dof_expmap.h:38[m[K,
[12.420s]                  from [01m[K/home/orb/ORB_SLAM3/include/Converter.h:26[m[K,
[12.420s]                  from [01m[K/home/orb/ORB_SLAM3/include/Frame.h:33[m[K,
[12.420s]                  from [01m[K/home/orb/ORB_SLAM3/include/KeyFrame.h:28[m[K,
[12.420s]                  from [01m[K/home/orb/ORB_SLAM3/include/MapPoint.h:23[m[K,
[12.420s]                  from [01m[K/root/colcon_ws/src/orb_slam3_ros2_wrapper/include/orb_slam3_ros2_wrapper/type_conversion.hpp:26[m[K,
[12.420s]                  from [01m[K/root/colcon_ws/src/orb_slam3_ros2_wrapper/src/type_conversion.cpp:7[m[K:
[12.420s] /home/orb/ORB_SLAM3/Thirdparty/g2o/g2o/types/../core/base_binary_edge.h: In instantiation of ‘[01m[Kclass g2o::BaseBinaryEdge<3, Eigen::Matrix<double, 3, 1>, g2o::VertexSBAPointXYZ, g2o::VertexSE3Expmap>[m[K’:
[12.420s] [01m[K/home/orb/ORB_SLAM3/Thirdparty/g2o/g2o/types/types_six_dof_expmap.h:146:41:[m[K   required from here
[12.421s] [01m[K/home/orb/ORB_SLAM3/Thirdparty/g2o/g2o/types/../core/base_binary_edge.h:59:80:[m[K [01;35m[Kwarning: [m[K‘[01m[KEigen::AlignedBit[m[K’ is deprecated [[01;35m[K-Wdeprecated-declarations[m[K]
[12.421s]    59 |       typedef Eigen::Map<Matrix<double, Di, Dj>, Matrix<double, Di, Dj>::[01;35m[KFlags & AlignedBit[m[K ? Aligned : Unaligned > HessianBlockType;
[12.421s]       |                                                                          [01;35m[K~~~~~~^~~~~~~~~~~~[m[K
[12.421s] In file included from [01m[K/usr/include/eigen3/Eigen/Core:161[m[K,
[12.421s]                  from [01m[K/root/colcon_ws/src/orb_slam3_ros2_wrapper/include/orb_slam3_ros2_wrapper/type_conversion.hpp:10[m[K,
[12.421s]                  from [01m[K/root/colcon_ws/src/orb_slam3_ros2_wrapper/src/type_conversion.cpp:7[m[K:
[12.421s] [01m[K/usr/include/eigen3/Eigen/src/Core/util/Constants.h:167:37:[m[K [01;36m[Knote: [m[Kdeclared here
[12.421s]   167 | EIGEN_DEPRECATED const unsigned int [01;36m[KAlignedBit[m[K = 0x80;
[12.421s]       |                                     [01;36m[K^~~~~~~~~~[m[K
[12.422s] In file included from [01m[K/home/orb/ORB_SLAM3/Thirdparty/g2o/g2o/types/types_six_dof_expmap.h:38[m[K,
[12.422s]                  from [01m[K/home/orb/ORB_SLAM3/include/Converter.h:26[m[K,
[12.422s]                  from [01m[K/home/orb/ORB_SLAM3/include/Frame.h:33[m[K,
[12.422s]                  from [01m[K/home/orb/ORB_SLAM3/include/KeyFrame.h:28[m[K,
[12.422s]                  from [01m[K/home/orb/ORB_SLAM3/include/MapPoint.h:23[m[K,
[12.422s]                  from [01m[K/root/colcon_ws/src/orb_slam3_ros2_wrapper/include/orb_slam3_ros2_wrapper/type_conversion.hpp:26[m[K,
[12.422s]                  from [01m[K/root/colcon_ws/src/orb_slam3_ros2_wrapper/src/type_conversion.cpp:7[m[K:
[12.422s] [01m[K/home/orb/ORB_SLAM3/Thirdparty/g2o/g2o/types/../core/base_binary_edge.h:60:80:[m[K [01;35m[Kwarning: [m[K‘[01m[KEigen::AlignedBit[m[K’ is deprecated [[01;35m[K-Wdeprecated-declarations[m[K]
[12.422s]    60 |       typedef Eigen::Map<Matrix<double, Dj, Di>, Matrix<double, Dj, Di>::[01;35m[KFlags & AlignedBit[m[K ? Aligned : Unaligned > HessianBlockTransposedType;
[12.423s]       |                                                                          [01;35m[K~~~~~~^~~~~~~~~~~~[m[K
[12.423s] In file included from [01m[K/usr/include/eigen3/Eigen/Core:161[m[K,
[12.423s]                  from [01m[K/root/colcon_ws/src/orb_slam3_ros2_wrapper/include/orb_slam3_ros2_wrapper/type_conversion.hpp:10[m[K,
[12.423s]                  from [01m[K/root/colcon_ws/src/orb_slam3_ros2_wrapper/src/type_conversion.cpp:7[m[K:
[12.423s] [01m[K/usr/include/eigen3/Eigen/src/Core/util/Constants.h:167:37:[m[K [01;36m[Knote: [m[Kdeclared here
[12.423s]   167 | EIGEN_DEPRECATED const unsigned int [01;36m[KAlignedBit[m[K = 0x80;
[12.423s]       |                                     [01;36m[K^~~~~~~~~~[m[K
[12.487s] In file included from [01m[K/home/orb/ORB_SLAM3/Thirdparty/g2o/g2o/types/types_six_dof_expmap.h:37[m[K,
[12.488s]                  from [01m[K/home/orb/ORB_SLAM3/include/Converter.h:26[m[K,
[12.488s]                  from [01m[K/home/orb/ORB_SLAM3/include/Frame.h:33[m[K,
[12.488s]                  from [01m[K/home/orb/ORB_SLAM3/include/KeyFrame.h:28[m[K,
[12.488s]                  from [01m[K/home/orb/ORB_SLAM3/include/MapPoint.h:23[m[K,
[12.488s]                  from [01m[K/root/colcon_ws/src/orb_slam3_ros2_wrapper/include/orb_slam3_ros2_wrapper/type_conversion.hpp:26[m[K,
[12.488s]                  from [01m[K/root/colcon_ws/src/orb_slam3_ros2_wrapper/src/type_conversion.cpp:7[m[K:
[12.488s] /home/orb/ORB_SLAM3/Thirdparty/g2o/g2o/types/../core/base_vertex.h: In instantiation of ‘[01m[Kclass g2o::BaseVertex<6, g2o::SE3Quat>[m[K’:
[12.488s] [01m[K/home/orb/ORB_SLAM3/Thirdparty/g2o/g2o/types/types_six_dof_expmap.h:59:33:[m[K   required from here
[12.488s] [01m[K/home/orb/ORB_SLAM3/Thirdparty/g2o/g2o/types/../core/base_vertex.h:62:72:[m[K [01;35m[Kwarning: [m[K‘[01m[KEigen::AlignedBit[m[K’ is deprecated [[01;35m[K-Wdeprecated-declarations[m[K]
[12.489s]    62 | D>::[01;35m[KFlags & AlignedBit[m[K ? Aligned : Unaligned >  HessianBlockType;
[12.489s]       |     [01;35m[K~~~~~~^~~~~~~~~~~~[m[K
[12.489s] 
[12.489s] In file included from [01m[K/usr/include/eigen3/Eigen/Core:161[m[K,
[12.489s]                  from [01m[K/root/colcon_ws/src/orb_slam3_ros2_wrapper/include/orb_slam3_ros2_wrapper/type_conversion.hpp:10[m[K,
[12.489s]                  from [01m[K/root/colcon_ws/src/orb_slam3_ros2_wrapper/src/type_conversion.cpp:7[m[K:
[12.489s] [01m[K/usr/include/eigen3/Eigen/src/Core/util/Constants.h:167:37:[m[K [01;36m[Knote: [m[Kdeclared here
[12.489s]   167 | igned int [01;36m[KAlignedBit[m[K = 0x80;
[12.489s]       |           [01;36m[K^~~~~~~~~~[m[K
[12.490s] 
[12.537s] In file included from [01m[K/home/orb/ORB_SLAM3/Thirdparty/g2o/g2o/types/types_six_dof_expmap.h:38[m[K,
[12.537s]                  from [01m[K/home/orb/ORB_SLAM3/include/Converter.h:26[m[K,
[12.537s]                  from [01m[K/home/orb/ORB_SLAM3/include/Frame.h:33[m[K,
[12.537s]                  from [01m[K/home/orb/ORB_SLAM3/include/KeyFrame.h:28[m[K,
[12.537s]                  from [01m[K/home/orb/ORB_SLAM3/include/MapPoint.h:23[m[K,
[12.537s]                  from [01m[K/root/colcon_ws/src/orb_slam3_ros2_wrapper/include/orb_slam3_ros2_wrapper/type_conversion.hpp:26[m[K,
[12.537s]                  from [01m[K/root/colcon_ws/src/orb_slam3_ros2_wrapper/src/type_conversion.cpp:7[m[K:
[12.538s] /home/orb/ORB_SLAM3/Thirdparty/g2o/g2o/types/../core/base_binary_edge.h: In instantiation of ‘[01m[Kclass g2o::BaseBinaryEdge<6, g2o::SE3Quat, g2o::VertexSE3Expmap, g2o::VertexSE3Expmap>[m[K’:
[12.538s] [01m[K/home/orb/ORB_SLAM3/Thirdparty/g2o/g2o/types/types_six_dof_expmap.h:83:24:[m[K   required from here
[12.538s] [01m[K/home/orb/ORB_SLAM3/Thirdparty/g2o/g2o/types/../core/base_binary_edge.h:59:80:[m[K [01;35m[Kwarning: [m[K‘[01m[KEigen::AlignedBit[m[K’ is deprecated [[01;35m[K-Wdeprecated-declarations[m[K]
[12.538s]    59 | j>::[01;35m[KFlags & AlignedBit[m[K ? Aligned : Unaligned > HessianBlockType;
[12.538s]       |     [01;35m[K~~~~~~^~~~~~~~~~~~[m[K
[12.538s] 
[12.538s] In file included from [01m[K/usr/include/eigen3/Eigen/Core:161[m[K,
[12.538s]                  from [01m[K/root/colcon_ws/src/orb_slam3_ros2_wrapper/include/orb_slam3_ros2_wrapper/type_conversion.hpp:10[m[K,
[12.538s]                  from [01m[K/root/colcon_ws/src/orb_slam3_ros2_wrapper/src/type_conversion.cpp:7[m[K:
[12.539s] [01m[K/usr/include/eigen3/Eigen/src/Core/util/Constants.h:167:37:[m[K [01;36m[Knote: [m[Kdeclared here
[12.539s]   167 | igned int [01;36m[KAlignedBit[m[K = 0x80;
[12.539s]       |           [01;36m[K^~~~~~~~~~[m[K
[12.539s] 
[12.539s] In file included from [01m[K/home/orb/ORB_SLAM3/Thirdparty/g2o/g2o/types/types_six_dof_expmap.h:38[m[K,
[12.539s]                  from [01m[K/home/orb/ORB_SLAM3/include/Converter.h:26[m[K,
[12.539s]                  from [01m[K/home/orb/ORB_SLAM3/include/Frame.h:33[m[K,
[12.539s]                  from [01m[K/home/orb/ORB_SLAM3/include/KeyFrame.h:28[m[K,
[12.539s]                  from [01m[K/home/orb/ORB_SLAM3/include/MapPoint.h:23[m[K,
[12.539s]                  from [01m[K/root/colcon_ws/src/orb_slam3_ros2_wrapper/include/orb_slam3_ros2_wrapper/type_conversion.hpp:26[m[K,
[12.540s]                  from [01m[K/root/colcon_ws/src/orb_slam3_ros2_wrapper/src/type_conversion.cpp:7[m[K:
[12.540s] [01m[K/home/orb/ORB_SLAM3/Thirdparty/g2o/g2o/types/../core/base_binary_edge.h:60:80:[m[K [01;35m[Kwarning: [m[K‘[01m[KEigen::AlignedBit[m[K’ is deprecated [[01;35m[K-Wdeprecated-declarations[m[K]
[12.540s]    60 | i>::[01;35m[KFlags & AlignedBit[m[K ? Aligned : Unaligned > HessianBlockTransposedType;
[12.540s]       |     [01;35m[K~~~~~~^~~~~~~~~~~~[m[K
[12.540s] 
[12.540s] In file included from [01m[K/usr/include/eigen3/Eigen/Core:161[m[K,
[12.540s]                  from [01m[K/root/colcon_ws/src/orb_slam3_ros2_wrapper/include/orb_slam3_ros2_wrapper/type_conversion.hpp:10[m[K,
[12.540s]                  from [01m[K/root/colcon_ws/src/orb_slam3_ros2_wrapper/src/type_conversion.cpp:7[m[K:
[12.540s] [01m[K/usr/include/eigen3/Eigen/src/Core/util/Constants.h:167:37:[m[K [01;36m[Knote: [m[Kdeclared here
[12.540s]   167 | igned int [01;36m[KAlignedBit[m[K = 0x80;
[12.540s]       |           [01;36m[K^~~~~~~~~~[m[K
[12.540s] 
[12.686s] In file included from [01m[K/home/orb/ORB_SLAM3/Thirdparty/g2o/g2o/types/types_six_dof_expmap.h:38[m[K,
[12.686s]                  from [01m[K/home/orb/ORB_SLAM3/include/Converter.h:26[m[K,
[12.686s]                  from [01m[K/home/orb/ORB_SLAM3/include/Frame.h:33[m[K,
[12.686s]                  from [01m[K/home/orb/ORB_SLAM3/include/KeyFrame.h:28[m[K,
[12.686s]                  from [01m[K/home/orb/ORB_SLAM3/include/MapPoint.h:23[m[K,
[12.686s]                  from [01m[K/root/colcon_ws/src/orb_slam3_ros2_wrapper/include/orb_slam3_ros2_wrapper/type_conversion.hpp:26[m[K,
[12.686s]                  from [01m[K/root/colcon_ws/src/orb_slam3_ros2_wrapper/src/type_conversion.cpp:7[m[K:
[12.686s] /home/orb/ORB_SLAM3/Thirdparty/g2o/g2o/types/../core/base_binary_edge.h: In instantiation of ‘[01m[Kclass g2o::BaseBinaryEdge<2, Eigen::Matrix<double, 2, 1>, g2o::VertexSBAPointXYZ, g2o::VertexSE3Expmap>[m[K’:
[12.686s] [01m[K/home/orb/ORB_SLAM3/Thirdparty/g2o/g2o/types/types_six_dof_expmap.h:114:35:[m[K   required from here
[12.686s] [01m[K/home/orb/ORB_SLAM3/Thirdparty/g2o/g2o/types/../core/base_binary_edge.h:59:80:[m[K [01;35m[Kwarning: [m[K‘[01m[KEigen::AlignedBit[m[K’ is deprecated [[01;35m[K-Wdeprecated-declarations[m[K]
[12.686s]    59 | j>::[01;35m[KFlags & AlignedBit[m[K ? Aligned : Unaligned > HessianBlockType;
[12.686s]       |     [01;35m[K~~~~~~^~~~~~~~~~~~[m[K
[12.686s] 
[12.686s] In file included from [01m[K/usr/include/eigen3/Eigen/Core:161[m[K,
[12.686s]                  from [01m[K/root/colcon_ws/src/orb_slam3_ros2_wrapper/include/orb_slam3_ros2_wrapper/type_conversion.hpp:10[m[K,
[12.687s]                  from [01m[K/root/colcon_ws/src/orb_slam3_ros2_wrapper/src/type_conversion.cpp:7[m[K:
[12.687s] [01m[K/usr/include/eigen3/Eigen/src/Core/util/Constants.h:167:37:[m[K [01;36m[Knote: [m[Kdeclared here
[12.687s]   167 | igned int [01;36m[KAlignedBit[m[K = 0x80;
[12.687s]       |           [01;36m[K^~~~~~~~~~[m[K
[12.687s] 
[12.716s] In file included from [01m[K/home/orb/ORB_SLAM3/Thirdparty/g2o/g2o/types/types_six_dof_expmap.h:38[m[K,
[12.717s]                  from [01m[K/home/orb/ORB_SLAM3/include/Converter.h:26[m[K,
[12.717s]                  from [01m[K/home/orb/ORB_SLAM3/include/Frame.h:33[m[K,
[12.717s]                  from [01m[K/home/orb/ORB_SLAM3/include/KeyFrame.h:28[m[K,
[12.717s]                  from [01m[K/home/orb/ORB_SLAM3/include/MapPoint.h:23[m[K,
[12.717s]                  from [01m[K/root/colcon_ws/src/orb_slam3_ros2_wrapper/include/orb_slam3_ros2_wrapper/type_conversion.hpp:26[m[K,
[12.717s]                  from [01m[K/root/colcon_ws/src/orb_slam3_ros2_wrapper/src/type_conversion.cpp:7[m[K:
[12.717s] [01m[K/home/orb/ORB_SLAM3/Thirdparty/g2o/g2o/types/../core/base_binary_edge.h:60:80:[m[K [01;35m[Kwarning: [m[K‘[01m[KEigen::AlignedBit[m[K’ is deprecated [[01;35m[K-Wdeprecated-declarations[m[K]
[12.717s]    60 | i>::[01;35m[KFlags & AlignedBit[m[K ? Aligned : Unaligned > HessianBlockTransposedType;
[12.717s]       |     [01;35m[K~~~~~~^~~~~~~~~~~~[m[K
[12.718s] 
[12.718s] In file included from [01m[K/usr/include/eigen3/Eigen/Core:161[m[K,
[12.718s]                  from [01m[K/root/colcon_ws/src/orb_slam3_ros2_wrapper/include/orb_slam3_ros2_wrapper/type_conversion.hpp:10[m[K,
[12.718s]                  from [01m[K/root/colcon_ws/src/orb_slam3_ros2_wrapper/src/type_conversion.cpp:7[m[K:
[12.718s] [01m[K/usr/include/eigen3/Eigen/src/Core/util/Constants.h:167:37:[m[K [01;36m[Knote: [m[Kdeclared here
[12.718s]   167 | igned int [01;36m[KAlignedBit[m[K = 0x80;
[12.718s]       |           [01;36m[K^~~~~~~~~~[m[K
[12.718s] 
[12.836s] In file included from [01m[K/home/orb/ORB_SLAM3/Thirdparty/g2o/g2o/types/types_six_dof_expmap.h:38[m[K,
[12.837s]                  from [01m[K/home/orb/ORB_SLAM3/include/Converter.h:26[m[K,
[12.837s]                  from [01m[K/home/orb/ORB_SLAM3/include/Frame.h:33[m[K,
[12.837s]                  from [01m[K/home/orb/ORB_SLAM3/include/KeyFrame.h:28[m[K,
[12.837s]                  from [01m[K/home/orb/ORB_SLAM3/include/MapPoint.h:23[m[K,
[12.837s]                  from [01m[K/root/colcon_ws/src/orb_slam3_ros2_wrapper/include/orb_slam3_ros2_wrapper/type_conversion.hpp:26[m[K,
[12.837s]                  from [01m[K/root/colcon_ws/src/orb_slam3_ros2_wrapper/src/type_conversion.cpp:7[m[K:
[12.837s] /home/orb/ORB_SLAM3/Thirdparty/g2o/g2o/types/../core/base_binary_edge.h: In instantiation of ‘[01m[Kclass g2o::BaseBinaryEdge<3, Eigen::Matrix<double, 3, 1>, g2o::VertexSBAPointXYZ, g2o::VertexSE3Expmap>[m[K’:
[12.837s] [01m[K/home/orb/ORB_SLAM3/Thirdparty/g2o/g2o/types/types_six_dof_expmap.h:146:41:[m[K   required from here
[12.837s] [01m[K/home/orb/ORB_SLAM3/Thirdparty/g2o/g2o/types/../core/base_binary_edge.h:59:80:[m[K [01;35m[Kwarning: [m[K‘[01m[KEigen::AlignedBit[m[K’ is deprecated [[01;35m[K-Wdeprecated-declarations[m[K]
[12.838s]    59 | j>::[01;35m[KFlags & AlignedBit[m[K ? Aligned : Unaligned > HessianBlockType;
[12.838s]       |     [01;35m[K~~~~~~^~~~~~~~~~~~[m[K
[12.838s] 
[12.838s] In file included from [01m[K/usr/include/eigen3/Eigen/Core:161[m[K,
[12.838s]                  from [01m[K/root/colcon_ws/src/orb_slam3_ros2_wrapper/include/orb_slam3_ros2_wrapper/type_conversion.hpp:10[m[K,
[12.838s]                  from [01m[K/root/colcon_ws/src/orb_slam3_ros2_wrapper/src/type_conversion.cpp:7[m[K:
[12.838s] [01m[K/usr/include/eigen3/Eigen/src/Core/util/Constants.h:167:37:[m[K [01;36m[Knote: [m[Kdeclared here
[12.838s]   167 | igned int [01;36m[KAlignedBit[m[K = 0x80;
[12.838s]       |           [01;36m[K^~~~~~~~~~[m[K
[12.838s] 
[12.839s] In file included from [01m[K/home/orb/ORB_SLAM3/Thirdparty/g2o/g2o/types/types_six_dof_expmap.h:38[m[K,
[12.839s]                  from [01m[K/home/orb/ORB_SLAM3/include/Converter.h:26[m[K,
[12.839s]                  from [01m[K/home/orb/ORB_SLAM3/include/Frame.h:33[m[K,
[12.839s]                  from [01m[K/home/orb/ORB_SLAM3/include/KeyFrame.h:28[m[K,
[12.839s]                  from [01m[K/home/orb/ORB_SLAM3/include/MapPoint.h:23[m[K,
[12.839s]                  from [01m[K/root/colcon_ws/src/orb_slam3_ros2_wrapper/include/orb_slam3_ros2_wrapper/type_conversion.hpp:26[m[K,
[12.839s]                  from [01m[K/root/colcon_ws/src/orb_slam3_ros2_wrapper/src/type_conversion.cpp:7[m[K:
[12.840s] [01m[K/home/orb/ORB_SLAM3/Thirdparty/g2o/g2o/types/../core/base_binary_edge.h:60:80:[m[K [01;35m[Kwarning: [m[K‘[01m[KEigen::AlignedBit[m[K’ is deprecated [[01;35m[K-Wdeprecated-declarations[m[K]
[12.840s]    60 | i>::[01;35m[KFlags & AlignedBit[m[K ? Aligned : Unaligned > HessianBlockTransposedType;
[12.840s]       |     [01;35m[K~~~~~~^~~~~~~~~~~~[m[K
[12.840s] 
[12.840s] In file included from [01m[K/usr/include/eigen3/Eigen/Core:161[m[K,
[12.840s]                  from [01m[K/root/colcon_ws/src/orb_slam3_ros2_wrapper/include/orb_slam3_ros2_wrapper/type_conversion.hpp:10[m[K,
[12.840s]                  from [01m[K/root/colcon_ws/src/orb_slam3_ros2_wrapper/src/type_conversion.cpp:7[m[K:
[12.840s] [01m[K/usr/include/eigen3/Eigen/src/Core/util/Constants.h:167:37:[m[K [01;36m[Knote: [m[Kdeclared here
[12.840s]   167 | igned int [01;36m[KAlignedBit[m[K = 0x80;
[12.841s]       |           [01;36m[K^~~~~~~~~~[m[K
[12.841s] 
[12.846s] In file included from [01m[K/home/orb/ORB_SLAM3/Thirdparty/g2o/g2o/types/types_six_dof_expmap.h:37[m[K,
[12.846s]                  from [01m[K/home/orb/ORB_SLAM3/include/Converter.h:26[m[K,
[12.847s]                  from [01m[K/home/orb/ORB_SLAM3/include/Frame.h:33[m[K,
[12.847s]                  from [01m[K/home/orb/ORB_SLAM3/include/KeyFrame.h:28[m[K,
[12.847s]                  from [01m[K/home/orb/ORB_SLAM3/include/MapPoint.h:23[m[K,
[12.847s]                  from [01m[K/root/colcon_ws/src/orb_slam3_ros2_wrapper/include/orb_slam3_ros2_wrapper/type_conversion.hpp:26[m[K,
[12.847s]                  from [01m[K/root/colcon_ws/src/orb_slam3_ros2_wrapper/src/type_conversion.cpp:7[m[K:
[12.847s] /home/orb/ORB_SLAM3/Thirdparty/g2o/g2o/types/../core/base_vertex.h: In instantiation of ‘[01m[Kclass g2o::BaseVertex<7, g2o::Sim3>[m[K’:
[12.847s] [01m[K/home/orb/ORB_SLAM3/Thirdparty/g2o/g2o/types/types_seven_dof_expmap.h:48:35:[m[K   required from here
[12.847s] [01m[K/home/orb/ORB_SLAM3/Thirdparty/g2o/g2o/types/../core/base_vertex.h:62:72:[m[K [01;35m[Kwarning: [m[K‘[01m[KEigen::AlignedBit[m[K’ is deprecated [[01;35m[K-Wdeprecated-declarations[m[K]
[12.847s]    62 |     typedef Eigen::Map<Matrix<double, D, D>, Matrix<double,D,D>::[01;35m[KFlags & AlignedBit[m[K ? Aligned : Unaligned >  HessianBlockType;
[12.848s]       |                                                                  [01;35m[K~~~~~~^~~~~~~~~~~~[m[K
[12.848s] In file included from [01m[K/usr/include/eigen3/Eigen/Core:161[m[K,
[12.848s]                  from [01m[K/root/colcon_ws/src/orb_slam3_ros2_wrapper/include/orb_slam3_ros2_wrapper/type_conversion.hpp:10[m[K,
[12.848s]                  from [01m[K/root/colcon_ws/src/orb_slam3_ros2_wrapper/src/type_conversion.cpp:7[m[K:
[12.848s] [01m[K/usr/include/eigen3/Eigen/src/Core/util/Constants.h:167:37:[m[K [01;36m[Knote: [m[Kdeclared here
[12.848s]   167 | EIGEN_DEPRECATED const unsigned int [01;36m[KAlignedBit[m[K = 0x80;
[12.848s]       |                                     [01;36m[K^~~~~~~~~~[m[K
[12.911s] In file included from [01m[K/home/orb/ORB_SLAM3/Thirdparty/g2o/g2o/types/types_six_dof_expmap.h:38[m[K,
[12.911s]                  from [01m[K/home/orb/ORB_SLAM3/include/Converter.h:26[m[K,
[12.911s]                  from [01m[K/home/orb/ORB_SLAM3/include/Frame.h:33[m[K,
[12.912s]                  from [01m[K/home/orb/ORB_SLAM3/include/KeyFrame.h:28[m[K,
[12.912s]                  from [01m[K/home/orb/ORB_SLAM3/include/MapPoint.h:23[m[K,
[12.912s]                  from [01m[K/root/colcon_ws/src/orb_slam3_ros2_wrapper/include/orb_slam3_ros2_wrapper/type_conversion.hpp:26[m[K,
[12.912s]                  from [01m[K/root/colcon_ws/src/orb_slam3_ros2_wrapper/src/type_conversion.cpp:7[m[K:
[12.912s] /home/orb/ORB_SLAM3/Thirdparty/g2o/g2o/types/../core/base_binary_edge.h: In instantiation of ‘[01m[Kclass g2o::BaseBinaryEdge<7, g2o::Sim3, g2o::VertexSim3Expmap, g2o::VertexSim3Expmap>[m[K’:
[12.912s] [01m[K/home/orb/ORB_SLAM3/Thirdparty/g2o/g2o/types/types_seven_dof_expmap.h:99:27:[m[K   required from here
[12.912s] [01m[K/home/orb/ORB_SLAM3/Thirdparty/g2o/g2o/types/../core/base_binary_edge.h:59:80:[m[K [01;35m[Kwarning: [m[K‘[01m[KEigen::AlignedBit[m[K’ is deprecated [[01;35m[K-Wdeprecated-declarations[m[K]
[12.912s]    59 |       typedef Eigen::Map<Matrix<double, Di, Dj>, Matrix<double, Di, Dj>::[01;35m[KFlags & AlignedBit[m[K ? Aligned : Unaligned > HessianBlockType;
[12.912s]       |                                                                          [01;35m[K~~~~~~^~~~~~~~~~~~[m[K
[12.913s] In file included from [01m[K/usr/include/eigen3/Eigen/Core:161[m[K,
[12.913s]                  from [01m[K/root/colcon_ws/src/orb_slam3_ros2_wrapper/include/orb_slam3_ros2_wrapper/type_conversion.hpp:10[m[K,
[12.913s]                  from [01m[K/root/colcon_ws/src/orb_slam3_ros2_wrapper/src/type_conversion.cpp:7[m[K:
[12.913s] [01m[K/usr/include/eigen3/Eigen/src/Core/util/Constants.h:167:37:[m[K [01;36m[Knote: [m[Kdeclared here
[12.913s]   167 | EIGEN_DEPRECATED const unsigned int [01;36m[KAlignedBit[m[K = 0x80;
[12.913s]       |                                     [01;36m[K^~~~~~~~~~[m[K
[12.913s] In file included from [01m[K/home/orb/ORB_SLAM3/Thirdparty/g2o/g2o/types/types_six_dof_expmap.h:38[m[K,
[12.913s]                  from [01m[K/home/orb/ORB_SLAM3/include/Converter.h:26[m[K,
[12.913s]                  from [01m[K/home/orb/ORB_SLAM3/include/Frame.h:33[m[K,
[12.914s]                  from [01m[K/home/orb/ORB_SLAM3/include/KeyFrame.h:28[m[K,
[12.914s]                  from [01m[K/home/orb/ORB_SLAM3/include/MapPoint.h:23[m[K,
[12.914s]                  from [01m[K/root/colcon_ws/src/orb_slam3_ros2_wrapper/include/orb_slam3_ros2_wrapper/type_conversion.hpp:26[m[K,
[12.914s]                  from [01m[K/root/colcon_ws/src/orb_slam3_ros2_wrapper/src/type_conversion.cpp:7[m[K:
[12.914s] [01m[K/home/orb/ORB_SLAM3/Thirdparty/g2o/g2o/types/../core/base_binary_edge.h:60:80:[m[K [01;35m[Kwarning: [m[K‘[01m[KEigen::AlignedBit[m[K’ is deprecated [[01;35m[K-Wdeprecated-declarations[m[K]
[12.914s]    60 |       typedef Eigen::Map<Matrix<double, Dj, Di>, Matrix<double, Dj, Di>::[01;35m[KFlags & AlignedBit[m[K ? Aligned : Unaligned > HessianBlockTransposedType;
[12.914s]       |                                                                          [01;35m[K~~~~~~^~~~~~~~~~~~[m[K
[12.914s] In file included from [01m[K/usr/include/eigen3/Eigen/Core:161[m[K,
[12.914s]                  from [01m[K/root/colcon_ws/src/orb_slam3_ros2_wrapper/include/orb_slam3_ros2_wrapper/type_conversion.hpp:10[m[K,
[12.915s]                  from [01m[K/root/colcon_ws/src/orb_slam3_ros2_wrapper/src/type_conversion.cpp:7[m[K:
[12.915s] [01m[K/usr/include/eigen3/Eigen/src/Core/util/Constants.h:167:37:[m[K [01;36m[Knote: [m[Kdeclared here
[12.915s]   167 | EIGEN_DEPRECATED const unsigned int [01;36m[KAlignedBit[m[K = 0x80;
[12.915s]       |                                     [01;36m[K^~~~~~~~~~[m[K
[13.008s] In file included from [01m[K/home/orb/ORB_SLAM3/Thirdparty/g2o/g2o/types/types_six_dof_expmap.h:38[m[K,
[13.008s]                  from [01m[K/home/orb/ORB_SLAM3/include/Converter.h:26[m[K,
[13.009s]                  from [01m[K/home/orb/ORB_SLAM3/include/Frame.h:33[m[K,
[13.009s]                  from [01m[K/home/orb/ORB_SLAM3/include/KeyFrame.h:28[m[K,
[13.009s]                  from [01m[K/home/orb/ORB_SLAM3/include/MapPoint.h:23[m[K,
[13.009s]                  from [01m[K/root/colcon_ws/src/orb_slam3_ros2_wrapper/include/orb_slam3_ros2_wrapper/type_conversion.hpp:26[m[K,
[13.009s]                  from [01m[K/root/colcon_ws/src/orb_slam3_ros2_wrapper/src/type_conversion.cpp:7[m[K:
[13.009s] /home/orb/ORB_SLAM3/Thirdparty/g2o/g2o/types/../core/base_binary_edge.h: In instantiation of ‘[01m[Kclass g2o::BaseBinaryEdge<2, Eigen::Matrix<double, 2, 1>, g2o::VertexSBAPointXYZ, g2o::VertexSim3Expmap>[m[K’:
[13.009s] [01m[K/home/orb/ORB_SLAM3/Thirdparty/g2o/g2o/types/types_seven_dof_expmap.h:130:36:[m[K   required from here
[13.009s] [01m[K/home/orb/ORB_SLAM3/Thirdparty/g2o/g2o/types/../core/base_binary_edge.h:59:80:[m[K [01;35m[Kwarning: [m[K‘[01m[KEigen::AlignedBit[m[K’ is deprecated [[01;35m[K-Wdeprecated-declarations[m[K]
[13.009s]    59 |       typedef Eigen::Map<Matrix<double, Di, Dj>, Matrix<double, Di, Dj>::[01;35m[KFlags & AlignedBit[m[K ? Aligned : Unaligned > HessianBlockType;
[13.010s]       |                                                                          [01;35m[K~~~~~~^~~~~~~~~~~~[m[K
[13.010s] In file included from [01m[K/usr/include/eigen3/Eigen/Core:161[m[K,
[13.010s]                  from [01m[K/root/colcon_ws/src/orb_slam3_ros2_wrapper/include/orb_slam3_ros2_wrapper/type_conversion.hpp:10[m[K,
[13.010s]                  from [01m[K/root/colcon_ws/src/orb_slam3_ros2_wrapper/src/type_conversion.cpp:7[m[K:
[13.010s] [01m[K/usr/include/eigen3/Eigen/src/Core/util/Constants.h:167:37:[m[K [01;36m[Knote: [m[Kdeclared here
[13.010s]   167 | EIGEN_DEPRECATED const unsigned int [01;36m[KAlignedBit[m[K = 0x80;
[13.010s]       |                                     [01;36m[K^~~~~~~~~~[m[K
[13.031s] In file included from [01m[K/home/orb/ORB_SLAM3/include/Frame.h:30[m[K,
[13.031s]                  from [01m[K/home/orb/ORB_SLAM3/include/KeyFrame.h:28[m[K,
[13.031s]                  from [01m[K/home/orb/ORB_SLAM3/include/MapPoint.h:23[m[K,
[13.031s]                  from [01m[K/root/colcon_ws/src/orb_slam3_ros2_wrapper/include/orb_slam3_ros2_wrapper/type_conversion.hpp:26[m[K,
[13.032s]                  from [01m[K/root/colcon_ws/src/orb_slam3_ros2_wrapper/src/rgbd/rgbd-slam-node.hpp:40[m[K,
[13.032s]                  from [01m[K/root/colcon_ws/src/orb_slam3_ros2_wrapper/src/rgbd/rgbd.cpp:7[m[K:
[13.032s] [01m[K/home/orb/ORB_SLAM3/include/ImuTypes.h:[m[K In member function ‘[01m[Kvoid ORB_SLAM3::IMU::Preintegrated::printMeasurements() const[m[K’:
[13.032s] [01m[K/home/orb/ORB_SLAM3/include/ImuTypes.h:204:23:[m[K [01;35m[Kwarning: [m[Kcomparison of integer expressions of different signedness: ‘[01m[Kint[m[K’ and ‘[01m[Kstd::vector<ORB_SLAM3::IMU::Preintegrated::integrable>::size_type[m[K’ {aka ‘[01m[Klong unsigned int[m[K’} [[01;35m[K-Wsign-compare[m[K]
[13.032s]   204 |         for(int i=0; [01;35m[Ki<mvMeasurements.size()[m[K; i++){
[13.032s]       |                      [01;35m[K~^~~~~~~~~~~~~~~~~~~~~~[m[K
[13.042s] In file included from [01m[K/home/orb/ORB_SLAM3/Thirdparty/g2o/g2o/types/types_six_dof_expmap.h:38[m[K,
[13.042s]                  from [01m[K/home/orb/ORB_SLAM3/include/Converter.h:26[m[K,
[13.042s]                  from [01m[K/home/orb/ORB_SLAM3/include/Frame.h:33[m[K,
[13.042s]                  from [01m[K/home/orb/ORB_SLAM3/include/KeyFrame.h:28[m[K,
[13.042s]                  from [01m[K/home/orb/ORB_SLAM3/include/MapPoint.h:23[m[K,
[13.043s]                  from [01m[K/root/colcon_ws/src/orb_slam3_ros2_wrapper/include/orb_slam3_ros2_wrapper/type_conversion.hpp:26[m[K,
[13.043s]                  from [01m[K/root/colcon_ws/src/orb_slam3_ros2_wrapper/src/type_conversion.cpp:7[m[K:
[13.043s] [01m[K/home/orb/ORB_SLAM3/Thirdparty/g2o/g2o/types/../core/base_binary_edge.h:60:80:[m[K [01;35m[Kwarning: [m[K‘[01m[KEigen::AlignedBit[m[K’ is deprecated [[01;35m[K-Wdeprecated-declarations[m[K]
[13.043s]    60 |       typedef Eigen::Map<Matrix<double, Dj, Di>, Matrix<double, Dj, Di>::[01;35m[KFlags & AlignedBit[m[K ? Aligned : Unaligned > HessianBlockTransposedType;
[13.043s]       |                                                                          [01;35m[K~~~~~~^~~~~~~~~~~~[m[K
[13.043s] In file included from [01m[K/usr/include/eigen3/Eigen/Core:161[m[K,
[13.043s]                  from [01m[K/root/colcon_ws/src/orb_slam3_ros2_wrapper/include/orb_slam3_ros2_wrapper/type_conversion.hpp:10[m[K,
[13.043s]                  from [01m[K/root/colcon_ws/src/orb_slam3_ros2_wrapper/src/type_conversion.cpp:7[m[K:
[13.043s] [01m[K/usr/include/eigen3/Eigen/src/Core/util/Constants.h:167:37:[m[K [01;36m[Knote: [m[Kdeclared here
[13.043s]   167 | EIGEN_DEPRECATED const unsigned int [01;36m[KAlignedBit[m[K = 0x80;
[13.044s]       |                                     [01;36m[K^~~~~~~~~~[m[K
[13.151s] In file included from [01m[K/home/orb/ORB_SLAM3/Thirdparty/g2o/g2o/types/types_six_dof_expmap.h:37[m[K,
[13.152s]                  from [01m[K/home/orb/ORB_SLAM3/include/Converter.h:26[m[K,
[13.152s]                  from [01m[K/home/orb/ORB_SLAM3/include/Frame.h:33[m[K,
[13.152s]                  from [01m[K/home/orb/ORB_SLAM3/include/KeyFrame.h:28[m[K,
[13.152s]                  from [01m[K/home/orb/ORB_SLAM3/include/MapPoint.h:23[m[K,
[13.152s]                  from [01m[K/root/colcon_ws/src/orb_slam3_ros2_wrapper/include/orb_slam3_ros2_wrapper/type_conversion.hpp:26[m[K,
[13.152s]                  from [01m[K/root/colcon_ws/src/orb_slam3_ros2_wrapper/src/rgbd/rgbd-slam-node.hpp:40[m[K,
[13.152s]                  from [01m[K/root/colcon_ws/src/orb_slam3_ros2_wrapper/src/rgbd/rgbd.cpp:7[m[K:
[13.152s] [01m[K/home/orb/ORB_SLAM3/Thirdparty/g2o/g2o/types/../core/base_vertex.h:[m[K At global scope:
[13.152s] [01m[K/home/orb/ORB_SLAM3/Thirdparty/g2o/g2o/types/../core/base_vertex.h:62:74:[m[K [01;35m[Kwarning: [m[K‘[01m[KEigen::AlignedBit[m[K’ is deprecated [[01;35m[K-Wdeprecated-declarations[m[K]
[13.153s]    62 |     typedef Eigen::Map<Matrix<double, D, D>, Matrix<double,D,D>::Flags & [01;35m[KAlignedBit[m[K ? Aligned : Unaligned >  HessianBlockType;
[13.153s]       |                                                                          [01;35m[K^~~~~~~~~~[m[K
[13.153s] In file included from [01m[K/usr/include/eigen3/Eigen/Core:161[m[K,
[13.153s]                  from [01m[K/root/colcon_ws/src/orb_slam3_ros2_wrapper/include/orb_slam3_ros2_wrapper/type_conversion.hpp:10[m[K,
[13.153s]                  from [01m[K/root/colcon_ws/src/orb_slam3_ros2_wrapper/src/rgbd/rgbd-slam-node.hpp:40[m[K,
[13.153s]                  from [01m[K/root/colcon_ws/src/orb_slam3_ros2_wrapper/src/rgbd/rgbd.cpp:7[m[K:
[13.153s] [01m[K/usr/include/eigen3/Eigen/src/Core/util/Constants.h:167:37:[m[K [01;36m[Knote: [m[Kdeclared here
[13.153s]   167 | EIGEN_DEPRECATED const unsigned int [01;36m[KAlignedBit[m[K = 0x80;
[13.153s]       |                                     [01;36m[K^~~~~~~~~~[m[K
[13.164s] In file included from [01m[K/home/orb/ORB_SLAM3/Thirdparty/g2o/g2o/types/types_six_dof_expmap.h:38[m[K,
[13.165s]                  from [01m[K/home/orb/ORB_SLAM3/include/Converter.h:26[m[K,
[13.165s]                  from [01m[K/home/orb/ORB_SLAM3/include/Frame.h:33[m[K,
[13.165s]                  from [01m[K/home/orb/ORB_SLAM3/include/KeyFrame.h:28[m[K,
[13.165s]                  from [01m[K/home/orb/ORB_SLAM3/include/MapPoint.h:23[m[K,
[13.165s]                  from [01m[K/root/colcon_ws/src/orb_slam3_ros2_wrapper/include/orb_slam3_ros2_wrapper/type_conversion.hpp:26[m[K,
[13.165s]                  from [01m[K/root/colcon_ws/src/orb_slam3_ros2_wrapper/src/rgbd/rgbd-slam-node.hpp:40[m[K,
[13.165s]                  from [01m[K/root/colcon_ws/src/orb_slam3_ros2_wrapper/src/rgbd/rgbd.cpp:7[m[K:
[13.165s] [01m[K/home/orb/ORB_SLAM3/Thirdparty/g2o/g2o/types/../core/base_binary_edge.h:59:82:[m[K [01;35m[Kwarning: [m[K‘[01m[KEigen::AlignedBit[m[K’ is deprecated [[01;35m[K-Wdeprecated-declarations[m[K]
[13.165s]    59 |       typedef Eigen::Map<Matrix<double, Di, Dj>, Matrix<double, Di, Dj>::Flags & [01;35m[KAlignedBit[m[K ? Aligned : Unaligned > HessianBlockType;
[13.165s]       |                                                                                  [01;35m[K^~~~~~~~~~[m[K
[13.166s] In file included from [01m[K/usr/include/eigen3/Eigen/Core:161[m[K,
[13.166s]                  from [01m[K/root/colcon_ws/src/orb_slam3_ros2_wrapper/include/orb_slam3_ros2_wrapper/type_conversion.hpp:10[m[K,
[13.166s]                  from [01m[K/root/colcon_ws/src/orb_slam3_ros2_wrapper/src/rgbd/rgbd-slam-node.hpp:40[m[K,
[13.166s]                  from [01m[K/root/colcon_ws/src/orb_slam3_ros2_wrapper/src/rgbd/rgbd.cpp:7[m[K:
[13.166s] [01m[K/usr/include/eigen3/Eigen/src/Core/util/Constants.h:167:37:[m[K [01;36m[Knote: [m[Kdeclared here
[13.166s]   167 | EIGEN_DEPRECATED const unsigned int [01;36m[KAlignedBit[m[K = 0x80;
[13.166s]       |                                     [01;36m[K^~~~~~~~~~[m[K
[13.166s] In file included from [01m[K/home/orb/ORB_SLAM3/Thirdparty/g2o/g2o/types/types_six_dof_expmap.h:38[m[K,
[13.166s]                  from [01m[K/home/orb/ORB_SLAM3/include/Converter.h:26[m[K,
[13.166s]                  from [01m[K/home/orb/ORB_SLAM3/include/Frame.h:33[m[K,
[13.166s]                  from [01m[K/home/orb/ORB_SLAM3/include/KeyFrame.h:28[m[K,
[13.167s]                  from [01m[K/home/orb/ORB_SLAM3/include/MapPoint.h:23[m[K,
[13.167s]                  from [01m[K/root/colcon_ws/src/orb_slam3_ros2_wrapper/include/orb_slam3_ros2_wrapper/type_conversion.hpp:26[m[K,
[13.167s]                  from [01m[K/root/colcon_ws/src/orb_slam3_ros2_wrapper/src/rgbd/rgbd-slam-node.hpp:40[m[K,
[13.167s]                  from [01m[K/root/colcon_ws/src/orb_slam3_ros2_wrapper/src/rgbd/rgbd.cpp:7[m[K:
[13.167s] [01m[K/home/orb/ORB_SLAM3/Thirdparty/g2o/g2o/types/../core/base_binary_edge.h:60:82:[m[K [01;35m[Kwarning: [m[K‘[01m[KEigen::AlignedBit[m[K’ is deprecated [[01;35m[K-Wdeprecated-declarations[m[K]
[13.167s]    60 |       typedef Eigen::Map<Matrix<double, Dj, Di>, Matrix<double, Dj, Di>::Flags & [01;35m[KAlignedBit[m[K ? Aligned : Unaligned > HessianBlockTransposedType;
[13.167s]       |                                                                                  [01;35m[K^~~~~~~~~~[m[K
[13.167s] In file included from [01m[K/usr/include/eigen3/Eigen/Core:161[m[K,
[13.167s]                  from [01m[K/root/colcon_ws/src/orb_slam3_ros2_wrapper/include/orb_slam3_ros2_wrapper/type_conversion.hpp:10[m[K,
[13.167s]                  from [01m[K/root/colcon_ws/src/orb_slam3_ros2_wrapper/src/rgbd/rgbd-slam-node.hpp:40[m[K,
[13.168s]                  from [01m[K/root/colcon_ws/src/orb_slam3_ros2_wrapper/src/rgbd/rgbd.cpp:7[m[K:
[13.168s] [01m[K/usr/include/eigen3/Eigen/src/Core/util/Constants.h:167:37:[m[K [01;36m[Knote: [m[Kdeclared here
[13.168s]   167 | EIGEN_DEPRECATED const unsigned int [01;36m[KAlignedBit[m[K = 0x80;
[13.168s]       |                                     [01;36m[K^~~~~~~~~~[m[K
[13.181s] In file included from [01m[K/home/orb/ORB_SLAM3/Thirdparty/g2o/g2o/types/types_six_dof_expmap.h:37[m[K,
[13.182s]                  from [01m[K/home/orb/ORB_SLAM3/include/Converter.h:26[m[K,
[13.182s]                  from [01m[K/home/orb/ORB_SLAM3/include/Frame.h:33[m[K,
[13.182s]                  from [01m[K/home/orb/ORB_SLAM3/include/KeyFrame.h:28[m[K,
[13.182s]                  from [01m[K/home/orb/ORB_SLAM3/include/MapPoint.h:23[m[K,
[13.182s]                  from [01m[K/root/colcon_ws/src/orb_slam3_ros2_wrapper/include/orb_slam3_ros2_wrapper/type_conversion.hpp:26[m[K,
[13.182s]                  from [01m[K/root/colcon_ws/src/orb_slam3_ros2_wrapper/src/type_conversion.cpp:7[m[K:
[13.182s] /home/orb/ORB_SLAM3/Thirdparty/g2o/g2o/types/../core/base_vertex.h: In instantiation of ‘[01m[Kclass g2o::BaseVertex<7, g2o::Sim3>[m[K’:
[13.182s] [01m[K/home/orb/ORB_SLAM3/Thirdparty/g2o/g2o/types/types_seven_dof_expmap.h:48:35:[m[K   required from here
[13.182s] [01m[K/home/orb/ORB_SLAM3/Thirdparty/g2o/g2o/types/../core/base_vertex.h:62:72:[m[K [01;35m[Kwarning: [m[K‘[01m[KEigen::AlignedBit[m[K’ is deprecated [[01;35m[K-Wdeprecated-declarations[m[K]
[13.183s]    62 | D>::[01;35m[KFlags & AlignedBit[m[K ? Aligned : Unaligned >  HessianBlockType;
[13.183s]       |     [01;35m[K~~~~~~^~~~~~~~~~~~[m[K
[13.183s] 
[13.183s] In file included from [01m[K/usr/include/eigen3/Eigen/Core:161[m[K,
[13.183s]                  from [01m[K/root/colcon_ws/src/orb_slam3_ros2_wrapper/include/orb_slam3_ros2_wrapper/type_conversion.hpp:10[m[K,
[13.183s]                  from [01m[K/root/colcon_ws/src/orb_slam3_ros2_wrapper/src/type_conversion.cpp:7[m[K:
[13.183s] [01m[K/usr/include/eigen3/Eigen/src/Core/util/Constants.h:167:37:[m[K [01;36m[Knote: [m[Kdeclared here
[13.183s]   167 | igned int [01;36m[KAlignedBit[m[K = 0x80;
[13.183s]       |           [01;36m[K^~~~~~~~~~[m[K
[13.183s] 
[13.229s] In file included from [01m[K/home/orb/ORB_SLAM3/Thirdparty/g2o/g2o/types/types_six_dof_expmap.h:38[m[K,
[13.229s]                  from [01m[K/home/orb/ORB_SLAM3/include/Converter.h:26[m[K,
[13.229s]                  from [01m[K/home/orb/ORB_SLAM3/include/Frame.h:33[m[K,
[13.229s]                  from [01m[K/home/orb/ORB_SLAM3/include/KeyFrame.h:28[m[K,
[13.229s]                  from [01m[K/home/orb/ORB_SLAM3/include/MapPoint.h:23[m[K,
[13.229s]                  from [01m[K/root/colcon_ws/src/orb_slam3_ros2_wrapper/include/orb_slam3_ros2_wrapper/type_conversion.hpp:26[m[K,
[13.229s]                  from [01m[K/root/colcon_ws/src/orb_slam3_ros2_wrapper/src/type_conversion.cpp:7[m[K:
[13.229s] /home/orb/ORB_SLAM3/Thirdparty/g2o/g2o/types/../core/base_binary_edge.h: In instantiation of ‘[01m[Kclass g2o::BaseBinaryEdge<7, g2o::Sim3, g2o::VertexSim3Expmap, g2o::VertexSim3Expmap>[m[K’:
[13.230s] [01m[K/home/orb/ORB_SLAM3/Thirdparty/g2o/g2o/types/types_seven_dof_expmap.h:99:27:[m[K   required from here
[13.230s] [01m[K/home/orb/ORB_SLAM3/Thirdparty/g2o/g2o/types/../core/base_binary_edge.h:59:80:[m[K [01;35m[Kwarning: [m[K‘[01m[KEigen::AlignedBit[m[K’ is deprecated [[01;35m[K-Wdeprecated-declarations[m[K]
[13.231s]    59 | j>::[01;35m[KFlags & AlignedBit[m[K ? Aligned : Unaligned > HessianBlockType;
[13.231s]       |     [01;35m[K~~~~~~^~~~~~~~~~~~[m[K
[13.231s] 
[13.232s] In file included from [01m[K/usr/include/eigen3/Eigen/Core:161[m[K,
[13.232s]                  from [01m[K/root/colcon_ws/src/orb_slam3_ros2_wrapper/include/orb_slam3_ros2_wrapper/type_conversion.hpp:10[m[K,
[13.233s]                  from [01m[K/root/colcon_ws/src/orb_slam3_ros2_wrapper/src/type_conversion.cpp:7[m[K:
[13.233s] [01m[K/usr/include/eigen3/Eigen/src/Core/util/Constants.h:167:37:[m[K [01;36m[Knote: [m[Kdeclared here
[13.233s]   167 | igned int [01;36m[KAlignedBit[m[K = 0x80;
[13.233s]       |           [01;36m[K^~~~~~~~~~[m[K
[13.238s] 
[13.238s] In file included from [01m[K/home/orb/ORB_SLAM3/Thirdparty/g2o/g2o/types/types_six_dof_expmap.h:38[m[K,
[13.238s]                  from [01m[K/home/orb/ORB_SLAM3/include/Converter.h:26[m[K,
[13.238s]                  from [01m[K/home/orb/ORB_SLAM3/include/Frame.h:33[m[K,
[13.238s]                  from [01m[K/home/orb/ORB_SLAM3/include/KeyFrame.h:28[m[K,
[13.239s]                  from [01m[K/home/orb/ORB_SLAM3/include/MapPoint.h:23[m[K,
[13.239s]                  from [01m[K/root/colcon_ws/src/orb_slam3_ros2_wrapper/include/orb_slam3_ros2_wrapper/type_conversion.hpp:26[m[K,
[13.239s]                  from [01m[K/root/colcon_ws/src/orb_slam3_ros2_wrapper/src/type_conversion.cpp:7[m[K:
[13.239s] [01m[K/home/orb/ORB_SLAM3/Thirdparty/g2o/g2o/types/../core/base_binary_edge.h:60:80:[m[K [01;35m[Kwarning: [m[K‘[01m[KEigen::AlignedBit[m[K’ is deprecated [[01;35m[K-Wdeprecated-declarations[m[K]
[13.239s]    60 | i>::[01;35m[KFlags & AlignedBit[m[K ? Aligned : Unaligned > HessianBlockTransposedType;
[13.239s]       |     [01;35m[K~~~~~~^~~~~~~~~~~~[m[K
[13.239s] 
[13.239s] In file included from [01m[K/usr/include/eigen3/Eigen/Core:161[m[K,
[13.239s]                  from [01m[K/root/colcon_ws/src/orb_slam3_ros2_wrapper/include/orb_slam3_ros2_wrapper/type_conversion.hpp:10[m[K,
[13.240s]                  from [01m[K/root/colcon_ws/src/orb_slam3_ros2_wrapper/src/type_conversion.cpp:7[m[K:
[13.241s] [01m[K/usr/include/eigen3/Eigen/src/Core/util/Constants.h:167:37:[m[K [01;36m[Knote: [m[Kdeclared here
[13.241s]   167 | igned int [01;36m[KAlignedBit[m[K = 0x80;
[13.241s]       |           [01;36m[K^~~~~~~~~~[m[K
[13.241s] 
[13.256s] In file included from [01m[K/home/orb/ORB_SLAM3/Thirdparty/g2o/g2o/types/types_six_dof_expmap.h:41[m[K,
[13.256s]                  from [01m[K/home/orb/ORB_SLAM3/include/Converter.h:26[m[K,
[13.256s]                  from [01m[K/home/orb/ORB_SLAM3/include/Frame.h:33[m[K,
[13.256s]                  from [01m[K/home/orb/ORB_SLAM3/include/KeyFrame.h:28[m[K,
[13.256s]                  from [01m[K/home/orb/ORB_SLAM3/include/MapPoint.h:23[m[K,
[13.256s]                  from [01m[K/root/colcon_ws/src/orb_slam3_ros2_wrapper/include/orb_slam3_ros2_wrapper/type_conversion.hpp:26[m[K,
[13.256s]                  from [01m[K/root/colcon_ws/src/orb_slam3_ros2_wrapper/src/rgbd/rgbd-slam-node.hpp:40[m[K,
[13.256s]                  from [01m[K/root/colcon_ws/src/orb_slam3_ros2_wrapper/src/rgbd/rgbd.cpp:7[m[K:
[13.257s] [01m[K/home/orb/ORB_SLAM3/Thirdparty/g2o/g2o/types/se3quat.h:43:38:[m[K [01;35m[Kwarning: [m[Kextra ‘[01m[K;[m[K’ [[01;35m[K-Wpedantic[m[K]
[13.257s]    43 |       EIGEN_MAKE_ALIGNED_OPERATOR_NEW[01;35m[K;[m[K
[13.257s]       |                                      [01;35m[K^[m[K
[13.257s]       |                                      [31m[K-[m[K
[13.296s] In file included from [01m[K/home/orb/ORB_SLAM3/Thirdparty/g2o/g2o/types/types_six_dof_expmap.h:38[m[K,
[13.296s]                  from [01m[K/home/orb/ORB_SLAM3/include/Converter.h:26[m[K,
[13.296s]                  from [01m[K/home/orb/ORB_SLAM3/include/Frame.h:33[m[K,
[13.296s]                  from [01m[K/home/orb/ORB_SLAM3/include/KeyFrame.h:28[m[K,
[13.296s]                  from [01m[K/home/orb/ORB_SLAM3/include/MapPoint.h:23[m[K,
[13.296s]                  from [01m[K/root/colcon_ws/src/orb_slam3_ros2_wrapper/include/orb_slam3_ros2_wrapper/type_conversion.hpp:26[m[K,
[13.297s]                  from [01m[K/root/colcon_ws/src/orb_slam3_ros2_wrapper/src/type_conversion.cpp:7[m[K:
[13.297s] /home/orb/ORB_SLAM3/Thirdparty/g2o/g2o/types/../core/base_binary_edge.h: In instantiation of ‘[01m[Kclass g2o::BaseBinaryEdge<2, Eigen::Matrix<double, 2, 1>, g2o::VertexSBAPointXYZ, g2o::VertexSim3Expmap>[m[K’:
[13.297s] [01m[K/home/orb/ORB_SLAM3/Thirdparty/g2o/g2o/types/types_seven_dof_expmap.h:130:36:[m[K   required from here
[13.297s] [01m[K/home/orb/ORB_SLAM3/Thirdparty/g2o/g2o/types/../core/base_binary_edge.h:59:80:[m[K [01;35m[Kwarning: [m[K‘[01m[KEigen::AlignedBit[m[K’ is deprecated [[01;35m[K-Wdeprecated-declarations[m[K]
[13.297s]    59 | j>::[01;35m[KFlags & AlignedBit[m[K ? Aligned : Unaligned > HessianBlockType;
[13.297s]       |     [01;35m[K~~~~~~^~~~~~~~~~~~[m[K
[13.297s] 
[13.297s] In file included from [01m[K/usr/include/eigen3/Eigen/Core:161[m[K,
[13.297s]                  from [01m[K/root/colcon_ws/src/orb_slam3_ros2_wrapper/include/orb_slam3_ros2_wrapper/type_conversion.hpp:10[m[K,
[13.298s]                  from [01m[K/root/colcon_ws/src/orb_slam3_ros2_wrapper/src/type_conversion.cpp:7[m[K:
[13.298s] [01m[K/usr/include/eigen3/Eigen/src/Core/util/Constants.h:167:37:[m[K [01;36m[Knote: [m[Kdeclared here
[13.298s]   167 | igned int [01;36m[KAlignedBit[m[K = 0x80;
[13.298s]       |           [01;36m[K^~~~~~~~~~[m[K
[13.298s] 
[13.317s] In file included from [01m[K/home/orb/ORB_SLAM3/Thirdparty/g2o/g2o/types/types_six_dof_expmap.h:38[m[K,
[13.317s]                  from [01m[K/home/orb/ORB_SLAM3/include/Converter.h:26[m[K,
[13.318s]                  from [01m[K/home/orb/ORB_SLAM3/include/Frame.h:33[m[K,
[13.318s]                  from [01m[K/home/orb/ORB_SLAM3/include/KeyFrame.h:28[m[K,
[13.318s]                  from [01m[K/home/orb/ORB_SLAM3/include/MapPoint.h:23[m[K,
[13.318s]                  from [01m[K/root/colcon_ws/src/orb_slam3_ros2_wrapper/include/orb_slam3_ros2_wrapper/type_conversion.hpp:26[m[K,
[13.318s]                  from [01m[K/root/colcon_ws/src/orb_slam3_ros2_wrapper/src/type_conversion.cpp:7[m[K:
[13.318s] [01m[K/home/orb/ORB_SLAM3/Thirdparty/g2o/g2o/types/../core/base_binary_edge.h:60:80:[m[K [01;35m[Kwarning: [m[K‘[01m[KEigen::AlignedBit[m[K’ is deprecated [[01;35m[K-Wdeprecated-declarations[m[K]
[13.318s]    60 | i>::[01;35m[KFlags & AlignedBit[m[K ? Aligned : Unaligned > HessianBlockTransposedType;
[13.318s]       |     [01;35m[K~~~~~~^~~~~~~~~~~~[m[K
[13.318s] 
[13.319s] In file included from [01m[K/usr/include/eigen3/Eigen/Core:161[m[K,
[13.319s]                  from [01m[K/root/colcon_ws/src/orb_slam3_ros2_wrapper/include/orb_slam3_ros2_wrapper/type_conversion.hpp:10[m[K,
[13.319s]                  from [01m[K/root/colcon_ws/src/orb_slam3_ros2_wrapper/src/type_conversion.cpp:7[m[K:
[13.319s] [01m[K/usr/include/eigen3/Eigen/src/Core/util/Constants.h:167:37:[m[K [01;36m[Knote: [m[Kdeclared here
[13.319s]   167 | igned int [01;36m[KAlignedBit[m[K = 0x80;
[13.319s]       |           [01;36m[K^~~~~~~~~~[m[K
[13.319s] 
[13.687s] In file included from [01m[K/home/orb/ORB_SLAM3/Thirdparty/g2o/g2o/types/types_six_dof_expmap.h:37[m[K,
[13.688s]                  from [01m[K/home/orb/ORB_SLAM3/include/Converter.h:26[m[K,
[13.688s]                  from [01m[K/home/orb/ORB_SLAM3/include/Frame.h:33[m[K,
[13.688s]                  from [01m[K/home/orb/ORB_SLAM3/include/KeyFrame.h:28[m[K,
[13.688s]                  from [01m[K/home/orb/ORB_SLAM3/include/MapPoint.h:23[m[K,
[13.688s]                  from [01m[K/root/colcon_ws/src/orb_slam3_ros2_wrapper/include/orb_slam3_ros2_wrapper/type_conversion.hpp:26[m[K,
[13.688s]                  from [01m[K/root/colcon_ws/src/orb_slam3_ros2_wrapper/src/rgbd/rgbd-slam-node.hpp:40[m[K,
[13.688s]                  from [01m[K/root/colcon_ws/src/orb_slam3_ros2_wrapper/src/rgbd/rgbd.cpp:7[m[K:
[13.688s] /home/orb/ORB_SLAM3/Thirdparty/g2o/g2o/types/../core/base_vertex.h: In instantiation of ‘[01m[Kclass g2o::BaseVertex<3, Eigen::Matrix<double, 3, 1> >[m[K’:
[13.688s] [01m[K/home/orb/ORB_SLAM3/Thirdparty/g2o/g2o/types/types_sba.h:40:35:[m[K   required from here
[13.689s] [01m[K/home/orb/ORB_SLAM3/Thirdparty/g2o/g2o/types/../core/base_vertex.h:62:72:[m[K [01;35m[Kwarning: [m[K‘[01m[KEigen::AlignedBit[m[K’ is deprecated [[01;35m[K-Wdeprecated-declarations[m[K]
[13.689s]    62 |     typedef Eigen::Map<Matrix<double, D, D>, Matrix<double,D,D>::[01;35m[KFlags & AlignedBit[m[K ? Aligned : Unaligned >  HessianBlockType;
[13.689s]       |                                                                  [01;35m[K~~~~~~^~~~~~~~~~~~[m[K
[13.689s] In file included from [01m[K/usr/include/eigen3/Eigen/Core:161[m[K,
[13.689s]                  from [01m[K/root/colcon_ws/src/orb_slam3_ros2_wrapper/include/orb_slam3_ros2_wrapper/type_conversion.hpp:10[m[K,
[13.689s]                  from [01m[K/root/colcon_ws/src/orb_slam3_ros2_wrapper/src/rgbd/rgbd-slam-node.hpp:40[m[K,
[13.689s]                  from [01m[K/root/colcon_ws/src/orb_slam3_ros2_wrapper/src/rgbd/rgbd.cpp:7[m[K:
[13.690s] [01m[K/usr/include/eigen3/Eigen/src/Core/util/Constants.h:167:37:[m[K [01;36m[Knote: [m[Kdeclared here
[13.690s]   167 | EIGEN_DEPRECATED const unsigned int [01;36m[KAlignedBit[m[K = 0x80;
[13.690s]       |                                     [01;36m[K^~~~~~~~~~[m[K
[13.730s] In file included from [01m[K/home/orb/ORB_SLAM3/Thirdparty/g2o/g2o/types/types_six_dof_expmap.h:37[m[K,
[13.730s]                  from [01m[K/home/orb/ORB_SLAM3/include/Converter.h:26[m[K,
[13.730s]                  from [01m[K/home/orb/ORB_SLAM3/include/Frame.h:33[m[K,
[13.731s]                  from [01m[K/home/orb/ORB_SLAM3/include/KeyFrame.h:28[m[K,
[13.731s]                  from [01m[K/home/orb/ORB_SLAM3/include/MapPoint.h:23[m[K,
[13.731s]                  from [01m[K/root/colcon_ws/src/orb_slam3_ros2_wrapper/include/orb_slam3_ros2_wrapper/type_conversion.hpp:26[m[K,
[13.731s]                  from [01m[K/root/colcon_ws/src/orb_slam3_ros2_wrapper/src/rgbd/rgbd-slam-node.hpp:40[m[K,
[13.731s]                  from [01m[K/root/colcon_ws/src/orb_slam3_ros2_wrapper/src/rgbd/rgbd.cpp:7[m[K:
[13.731s] /home/orb/ORB_SLAM3/Thirdparty/g2o/g2o/types/../core/base_vertex.h: In instantiation of ‘[01m[Kclass g2o::BaseVertex<6, g2o::SE3Quat>[m[K’:
[13.731s] [01m[K/home/orb/ORB_SLAM3/Thirdparty/g2o/g2o/types/types_six_dof_expmap.h:59:33:[m[K   required from here
[13.731s] [01m[K/home/orb/ORB_SLAM3/Thirdparty/g2o/g2o/types/../core/base_vertex.h:62:72:[m[K [01;35m[Kwarning: [m[K‘[01m[KEigen::AlignedBit[m[K’ is deprecated [[01;35m[K-Wdeprecated-declarations[m[K]
[13.731s]    62 |     typedef Eigen::Map<Matrix<double, D, D>, Matrix<double,D,D>::[01;35m[KFlags & AlignedBit[m[K ? Aligned : Unaligned >  HessianBlockType;
[13.731s]       |                                                                  [01;35m[K~~~~~~^~~~~~~~~~~~[m[K
[13.732s] In file included from [01m[K/usr/include/eigen3/Eigen/Core:161[m[K,
[13.732s]                  from [01m[K/root/colcon_ws/src/orb_slam3_ros2_wrapper/include/orb_slam3_ros2_wrapper/type_conversion.hpp:10[m[K,
[13.732s]                  from [01m[K/root/colcon_ws/src/orb_slam3_ros2_wrapper/src/rgbd/rgbd-slam-node.hpp:40[m[K,
[13.732s]                  from [01m[K/root/colcon_ws/src/orb_slam3_ros2_wrapper/src/rgbd/rgbd.cpp:7[m[K:
[13.732s] [01m[K/usr/include/eigen3/Eigen/src/Core/util/Constants.h:167:37:[m[K [01;36m[Knote: [m[Kdeclared here
[13.732s]   167 | EIGEN_DEPRECATED const unsigned int [01;36m[KAlignedBit[m[K = 0x80;
[13.732s]       |                                     [01;36m[K^~~~~~~~~~[m[K
[13.790s] In file included from [01m[K/home/orb/ORB_SLAM3/Thirdparty/g2o/g2o/types/types_six_dof_expmap.h:38[m[K,
[13.790s]                  from [01m[K/home/orb/ORB_SLAM3/include/Converter.h:26[m[K,
[13.790s]                  from [01m[K/home/orb/ORB_SLAM3/include/Frame.h:33[m[K,
[13.791s]                  from [01m[K/home/orb/ORB_SLAM3/include/KeyFrame.h:28[m[K,
[13.791s]                  from [01m[K/home/orb/ORB_SLAM3/include/MapPoint.h:23[m[K,
[13.791s]                  from [01m[K/root/colcon_ws/src/orb_slam3_ros2_wrapper/include/orb_slam3_ros2_wrapper/type_conversion.hpp:26[m[K,
[13.791s]                  from [01m[K/root/colcon_ws/src/orb_slam3_ros2_wrapper/src/rgbd/rgbd-slam-node.hpp:40[m[K,
[13.791s]                  from [01m[K/root/colcon_ws/src/orb_slam3_ros2_wrapper/src/rgbd/rgbd.cpp:7[m[K:
[13.791s] /home/orb/ORB_SLAM3/Thirdparty/g2o/g2o/types/../core/base_binary_edge.h: In instantiation of ‘[01m[Kclass g2o::BaseBinaryEdge<6, g2o::SE3Quat, g2o::VertexSE3Expmap, g2o::VertexSE3Expmap>[m[K’:
[13.792s] [01m[K/home/orb/ORB_SLAM3/Thirdparty/g2o/g2o/types/types_six_dof_expmap.h:83:24:[m[K   required from here
[13.792s] [01m[K/home/orb/ORB_SLAM3/Thirdparty/g2o/g2o/types/../core/base_binary_edge.h:59:80:[m[K [01;35m[Kwarning: [m[K‘[01m[KEigen::AlignedBit[m[K’ is deprecated [[01;35m[K-Wdeprecated-declarations[m[K]
[13.792s]    59 |       typedef Eigen::Map<Matrix<double, Di, Dj>, Matrix<double, Di, Dj>::[01;35m[KFlags & AlignedBit[m[K ? Aligned : Unaligned > HessianBlockType;
[13.792s]       |                                                                          [01;35m[K~~~~~~^~~~~~~~~~~~[m[K
[13.792s] In file included from [01m[K/usr/include/eigen3/Eigen/Core:161[m[K,
[13.792s]                  from [01m[K/root/colcon_ws/src/orb_slam3_ros2_wrapper/include/orb_slam3_ros2_wrapper/type_conversion.hpp:10[m[K,
[13.792s]                  from [01m[K/root/colcon_ws/src/orb_slam3_ros2_wrapper/src/rgbd/rgbd-slam-node.hpp:40[m[K,
[13.792s]                  from [01m[K/root/colcon_ws/src/orb_slam3_ros2_wrapper/src/rgbd/rgbd.cpp:7[m[K:
[13.793s] [01m[K/usr/include/eigen3/Eigen/src/Core/util/Constants.h:167:37:[m[K [01;36m[Knote: [m[Kdeclared here
[13.793s]   167 | EIGEN_DEPRECATED const unsigned int [01;36m[KAlignedBit[m[K = 0x80;
[13.793s]       |                                     [01;36m[K^~~~~~~~~~[m[K
[13.793s] In file included from [01m[K/home/orb/ORB_SLAM3/Thirdparty/g2o/g2o/types/types_six_dof_expmap.h:38[m[K,
[13.793s]                  from [01m[K/home/orb/ORB_SLAM3/include/Converter.h:26[m[K,
[13.793s]                  from [01m[K/home/orb/ORB_SLAM3/include/Frame.h:33[m[K,
[13.793s]                  from [01m[K/home/orb/ORB_SLAM3/include/KeyFrame.h:28[m[K,
[13.793s]                  from [01m[K/home/orb/ORB_SLAM3/include/MapPoint.h:23[m[K,
[13.793s]                  from [01m[K/root/colcon_ws/src/orb_slam3_ros2_wrapper/include/orb_slam3_ros2_wrapper/type_conversion.hpp:26[m[K,
[13.794s]                  from [01m[K/root/colcon_ws/src/orb_slam3_ros2_wrapper/src/rgbd/rgbd-slam-node.hpp:40[m[K,
[13.794s]                  from [01m[K/root/colcon_ws/src/orb_slam3_ros2_wrapper/src/rgbd/rgbd.cpp:7[m[K:
[13.794s] [01m[K/home/orb/ORB_SLAM3/Thirdparty/g2o/g2o/types/../core/base_binary_edge.h:60:80:[m[K [01;35m[Kwarning: [m[K‘[01m[KEigen::AlignedBit[m[K’ is deprecated [[01;35m[K-Wdeprecated-declarations[m[K]
[13.794s]    60 |       typedef Eigen::Map<Matrix<double, Dj, Di>, Matrix<double, Dj, Di>::[01;35m[KFlags & AlignedBit[m[K ? Aligned : Unaligned > HessianBlockTransposedType;
[13.794s]       |                                                                          [01;35m[K~~~~~~^~~~~~~~~~~~[m[K
[13.794s] In file included from [01m[K/usr/include/eigen3/Eigen/Core:161[m[K,
[13.794s]                  from [01m[K/root/colcon_ws/src/orb_slam3_ros2_wrapper/include/orb_slam3_ros2_wrapper/type_conversion.hpp:10[m[K,
[13.794s]                  from [01m[K/root/colcon_ws/src/orb_slam3_ros2_wrapper/src/rgbd/rgbd-slam-node.hpp:40[m[K,
[13.794s]                  from [01m[K/root/colcon_ws/src/orb_slam3_ros2_wrapper/src/rgbd/rgbd.cpp:7[m[K:
[13.795s] [01m[K/usr/include/eigen3/Eigen/src/Core/util/Constants.h:167:37:[m[K [01;36m[Knote: [m[Kdeclared here
[13.795s]   167 | EIGEN_DEPRECATED const unsigned int [01;36m[KAlignedBit[m[K = 0x80;
[13.795s]       |                                     [01;36m[K^~~~~~~~~~[m[K
[13.813s] In file included from [01m[K/home/orb/ORB_SLAM3/include/Frame.h:30[m[K,
[13.813s]                  from [01m[K/home/orb/ORB_SLAM3/include/KeyFrame.h:28[m[K,
[13.813s]                  from [01m[K/home/orb/ORB_SLAM3/include/MapPoint.h:23[m[K,
[13.813s]                  from [01m[K/root/colcon_ws/src/orb_slam3_ros2_wrapper/include/orb_slam3_ros2_wrapper/type_conversion.hpp:26[m[K,
[13.813s]                  from [01m[K/root/colcon_ws/src/orb_slam3_ros2_wrapper/src/rgbd/rgbd-slam-node.hpp:40[m[K,
[13.813s]                  from [01m[K/root/colcon_ws/src/orb_slam3_ros2_wrapper/src/rgbd/rgbd-slam-node.cpp:6[m[K:
[13.813s] [01m[K/home/orb/ORB_SLAM3/include/ImuTypes.h:[m[K In member function ‘[01m[Kvoid ORB_SLAM3::IMU::Preintegrated::printMeasurements() const[m[K’:
[13.813s] [01m[K/home/orb/ORB_SLAM3/include/ImuTypes.h:204:23:[m[K [01;35m[Kwarning: [m[Kcomparison of integer expressions of different signedness: ‘[01m[Kint[m[K’ and ‘[01m[Kstd::vector<ORB_SLAM3::IMU::Preintegrated::integrable>::size_type[m[K’ {aka ‘[01m[Klong unsigned int[m[K’} [[01;35m[K-Wsign-compare[m[K]
[13.813s]   204 |         for(int i=0; [01;35m[Ki<mvMeasurements.size()[m[K; i++){
[13.814s]       |                      [01;35m[K~^~~~~~~~~~~~~~~~~~~~~~[m[K
[13.931s] In file included from [01m[K/home/orb/ORB_SLAM3/Thirdparty/g2o/g2o/types/types_six_dof_expmap.h:38[m[K,
[13.931s]                  from [01m[K/home/orb/ORB_SLAM3/include/Converter.h:26[m[K,
[13.931s]                  from [01m[K/home/orb/ORB_SLAM3/include/Frame.h:33[m[K,
[13.931s]                  from [01m[K/home/orb/ORB_SLAM3/include/KeyFrame.h:28[m[K,
[13.932s]                  from [01m[K/home/orb/ORB_SLAM3/include/MapPoint.h:23[m[K,
[13.932s]                  from [01m[K/root/colcon_ws/src/orb_slam3_ros2_wrapper/include/orb_slam3_ros2_wrapper/type_conversion.hpp:26[m[K,
[13.932s]                  from [01m[K/root/colcon_ws/src/orb_slam3_ros2_wrapper/src/rgbd/rgbd-slam-node.hpp:40[m[K,
[13.932s]                  from [01m[K/root/colcon_ws/src/orb_slam3_ros2_wrapper/src/rgbd/rgbd.cpp:7[m[K:
[13.932s] /home/orb/ORB_SLAM3/Thirdparty/g2o/g2o/types/../core/base_binary_edge.h: In instantiation of ‘[01m[Kclass g2o::BaseBinaryEdge<2, Eigen::Matrix<double, 2, 1>, g2o::VertexSBAPointXYZ, g2o::VertexSE3Expmap>[m[K’:
[13.932s] [01m[K/home/orb/ORB_SLAM3/Thirdparty/g2o/g2o/types/types_six_dof_expmap.h:114:35:[m[K   required from here
[13.932s] [01m[K/home/orb/ORB_SLAM3/Thirdparty/g2o/g2o/types/../core/base_binary_edge.h:59:80:[m[K [01;35m[Kwarning: [m[K‘[01m[KEigen::AlignedBit[m[K’ is deprecated [[01;35m[K-Wdeprecated-declarations[m[K]
[13.932s]    59 |       typedef Eigen::Map<Matrix<double, Di, Dj>, Matrix<double, Di, Dj>::[01;35m[KFlags & AlignedBit[m[K ? Aligned : Unaligned > HessianBlockType;
[13.932s]       |                                                                          [01;35m[K~~~~~~^~~~~~~~~~~~[m[K
[13.933s] In file included from [01m[K/usr/include/eigen3/Eigen/Core:161[m[K,
[13.933s]                  from [01m[K/root/colcon_ws/src/orb_slam3_ros2_wrapper/include/orb_slam3_ros2_wrapper/type_conversion.hpp:10[m[K,
[13.933s]                  from [01m[K/root/colcon_ws/src/orb_slam3_ros2_wrapper/src/rgbd/rgbd-slam-node.hpp:40[m[K,
[13.933s]                  from [01m[K/root/colcon_ws/src/orb_slam3_ros2_wrapper/src/rgbd/rgbd.cpp:7[m[K:
[13.933s] [01m[K/usr/include/eigen3/Eigen/src/Core/util/Constants.h:167:37:[m[K [01;36m[Knote: [m[Kdeclared here
[13.933s]   167 | EIGEN_DEPRECATED const unsigned int [01;36m[KAlignedBit[m[K = 0x80;
[13.933s]       |                                     [01;36m[K^~~~~~~~~~[m[K
[13.944s] In file included from [01m[K/home/orb/ORB_SLAM3/include/Frame.h:30[m[K,
[13.944s]                  from [01m[K/home/orb/ORB_SLAM3/include/KeyFrame.h:28[m[K,
[13.944s]                  from [01m[K/home/orb/ORB_SLAM3/include/MapPoint.h:23[m[K,
[13.944s]                  from [01m[K/home/orb/ORB_SLAM3/include/FrameDrawer.h:24[m[K,
[13.944s]                  from [01m[K/home/orb/ORB_SLAM3/include/Viewer.h:23[m[K,
[13.944s]                  from [01m[K/home/orb/ORB_SLAM3/include/Tracking.h:26[m[K,
[13.944s]                  from [01m[K/home/orb/ORB_SLAM3/include/System.h:31[m[K,
[13.944s]                  from [01m[K/root/colcon_ws/src/orb_slam3_ros2_wrapper/include/orb_slam3_ros2_wrapper/orb_slam3_interface.hpp:28[m[K,
[13.945s]                  from [01m[K/root/colcon_ws/src/orb_slam3_ros2_wrapper/src/orb_slam3_interface.cpp:6[m[K:
[13.945s] [01m[K/home/orb/ORB_SLAM3/include/ImuTypes.h:[m[K In member function ‘[01m[Kvoid ORB_SLAM3::IMU::Preintegrated::printMeasurements() const[m[K’:
[13.945s] [01m[K/home/orb/ORB_SLAM3/include/ImuTypes.h:204:23:[m[K [01;35m[Kwarning: [m[Kcomparison of integer expressions of different signedness: ‘[01m[Kint[m[K’ and ‘[01m[Kstd::vector<ORB_SLAM3::IMU::Preintegrated::integrable>::size_type[m[K’ {aka ‘[01m[Klong unsigned int[m[K’} [[01;35m[K-Wsign-compare[m[K]
[13.945s]   204 |         for(int i=0; [01;35m[Ki<mvMeasurements.size()[m[K; i++){
[13.945s]       |                      [01;35m[K~^~~~~~~~~~~~~~~~~~~~~~[m[K
[13.951s] In file included from [01m[K/home/orb/ORB_SLAM3/Thirdparty/g2o/g2o/types/types_six_dof_expmap.h:37[m[K,
[13.952s]                  from [01m[K/home/orb/ORB_SLAM3/include/Converter.h:26[m[K,
[13.952s]                  from [01m[K/home/orb/ORB_SLAM3/include/Frame.h:33[m[K,
[13.952s]                  from [01m[K/home/orb/ORB_SLAM3/include/KeyFrame.h:28[m[K,
[13.952s]                  from [01m[K/home/orb/ORB_SLAM3/include/MapPoint.h:23[m[K,
[13.952s]                  from [01m[K/root/colcon_ws/src/orb_slam3_ros2_wrapper/include/orb_slam3_ros2_wrapper/type_conversion.hpp:26[m[K,
[13.952s]                  from [01m[K/root/colcon_ws/src/orb_slam3_ros2_wrapper/src/rgbd/rgbd-slam-node.hpp:40[m[K,
[13.952s]                  from [01m[K/root/colcon_ws/src/orb_slam3_ros2_wrapper/src/rgbd/rgbd-slam-node.cpp:6[m[K:
[13.952s] [01m[K/home/orb/ORB_SLAM3/Thirdparty/g2o/g2o/types/../core/base_vertex.h:[m[K At global scope:
[13.952s] [01m[K/home/orb/ORB_SLAM3/Thirdparty/g2o/g2o/types/../core/base_vertex.h:62:74:[m[K [01;35m[Kwarning: [m[K‘[01m[KEigen::AlignedBit[m[K’ is deprecated [[01;35m[K-Wdeprecated-declarations[m[K]
[13.952s]    62 |     typedef Eigen::Map<Matrix<double, D, D>, Matrix<double,D,D>::Flags & [01;35m[KAlignedBit[m[K ? Aligned : Unaligned >  HessianBlockType;
[13.953s]       |                                                                          [01;35m[K^~~~~~~~~~[m[K
[13.954s] In file included from [01m[K/usr/include/eigen3/Eigen/Core:161[m[K,
[13.955s]                  from [01m[K/root/colcon_ws/src/orb_slam3_ros2_wrapper/include/orb_slam3_ros2_wrapper/type_conversion.hpp:10[m[K,
[13.955s]                  from [01m[K/root/colcon_ws/src/orb_slam3_ros2_wrapper/src/rgbd/rgbd-slam-node.hpp:40[m[K,
[13.955s]                  from [01m[K/root/colcon_ws/src/orb_slam3_ros2_wrapper/src/rgbd/rgbd-slam-node.cpp:6[m[K:
[13.956s] [01m[K/usr/include/eigen3/Eigen/src/Core/util/Constants.h:167:37:[m[K [01;36m[Knote: [m[Kdeclared here
[13.956s]   167 | EIGEN_DEPRECATED const unsigned int [01;36m[KAlignedBit[m[K = 0x80;
[13.956s]       |                                     [01;36m[K^~~~~~~~~~[m[K
[13.961s] In file included from [01m[K/home/orb/ORB_SLAM3/Thirdparty/g2o/g2o/types/types_six_dof_expmap.h:38[m[K,
[13.961s]                  from [01m[K/home/orb/ORB_SLAM3/include/Converter.h:26[m[K,
[13.961s]                  from [01m[K/home/orb/ORB_SLAM3/include/Frame.h:33[m[K,
[13.961s]                  from [01m[K/home/orb/ORB_SLAM3/include/KeyFrame.h:28[m[K,
[13.961s]                  from [01m[K/home/orb/ORB_SLAM3/include/MapPoint.h:23[m[K,
[13.961s]                  from [01m[K/root/colcon_ws/src/orb_slam3_ros2_wrapper/include/orb_slam3_ros2_wrapper/type_conversion.hpp:26[m[K,
[13.961s]                  from [01m[K/root/colcon_ws/src/orb_slam3_ros2_wrapper/src/rgbd/rgbd-slam-node.hpp:40[m[K,
[13.961s]                  from [01m[K/root/colcon_ws/src/orb_slam3_ros2_wrapper/src/rgbd/rgbd.cpp:7[m[K:
[13.962s] [01m[K/home/orb/ORB_SLAM3/Thirdparty/g2o/g2o/types/../core/base_binary_edge.h:60:80:[m[K [01;35m[Kwarning: [m[K‘[01m[KEigen::AlignedBit[m[K’ is deprecated [[01;35m[K-Wdeprecated-declarations[m[K]
[13.962s]    60 |       typedef Eigen::Map<Matrix<double, Dj, Di>, Matrix<double, Dj, Di>::[01;35m[KFlags & AlignedBit[m[K ? Aligned : Unaligned > HessianBlockTransposedType;
[13.962s]       |                                                                          [01;35m[K~~~~~~^~~~~~~~~~~~[m[K
[13.962s] In file included from [01m[K/usr/include/eigen3/Eigen/Core:161[m[K,
[13.962s]                  from [01m[K/root/colcon_ws/src/orb_slam3_ros2_wrapper/include/orb_slam3_ros2_wrapper/type_conversion.hpp:10[m[K,
[13.962s]                  from [01m[K/root/colcon_ws/src/orb_slam3_ros2_wrapper/src/rgbd/rgbd-slam-node.hpp:40[m[K,
[13.962s]                  from [01m[K/root/colcon_ws/src/orb_slam3_ros2_wrapper/src/rgbd/rgbd.cpp:7[m[K:
[13.962s] [01m[K/usr/include/eigen3/Eigen/src/Core/util/Constants.h:167:37:[m[K [01;36m[Knote: [m[Kdeclared here
[13.962s]   167 | EIGEN_DEPRECATED const unsigned int [01;36m[KAlignedBit[m[K = 0x80;
[13.963s]       |                                     [01;36m[K^~~~~~~~~~[m[K
[13.964s] In file included from [01m[K/home/orb/ORB_SLAM3/Thirdparty/g2o/g2o/types/types_six_dof_expmap.h:38[m[K,
[13.964s]                  from [01m[K/home/orb/ORB_SLAM3/include/Converter.h:26[m[K,
[13.964s]                  from [01m[K/home/orb/ORB_SLAM3/include/Frame.h:33[m[K,
[13.964s]                  from [01m[K/home/orb/ORB_SLAM3/include/KeyFrame.h:28[m[K,
[13.964s]                  from [01m[K/home/orb/ORB_SLAM3/include/MapPoint.h:23[m[K,
[13.965s]                  from [01m[K/root/colcon_ws/src/orb_slam3_ros2_wrapper/include/orb_slam3_ros2_wrapper/type_conversion.hpp:26[m[K,
[13.965s]                  from [01m[K/root/colcon_ws/src/orb_slam3_ros2_wrapper/src/rgbd/rgbd-slam-node.hpp:40[m[K,
[13.965s]                  from [01m[K/root/colcon_ws/src/orb_slam3_ros2_wrapper/src/rgbd/rgbd-slam-node.cpp:6[m[K:
[13.965s] [01m[K/home/orb/ORB_SLAM3/Thirdparty/g2o/g2o/types/../core/base_binary_edge.h:59:82:[m[K [01;35m[Kwarning: [m[K‘[01m[KEigen::AlignedBit[m[K’ is deprecated [[01;35m[K-Wdeprecated-declarations[m[K]
[13.965s]    59 |       typedef Eigen::Map<Matrix<double, Di, Dj>, Matrix<double, Di, Dj>::Flags & [01;35m[KAlignedBit[m[K ? Aligned : Unaligned > HessianBlockType;
[13.965s]       |                                                                                  [01;35m[K^~~~~~~~~~[m[K
[13.965s] In file included from [01m[K/usr/include/eigen3/Eigen/Core:161[m[K,
[13.965s]                  from [01m[K/root/colcon_ws/src/orb_slam3_ros2_wrapper/include/orb_slam3_ros2_wrapper/type_conversion.hpp:10[m[K,
[13.966s]                  from [01m[K/root/colcon_ws/src/orb_slam3_ros2_wrapper/src/rgbd/rgbd-slam-node.hpp:40[m[K,
[13.966s]                  from [01m[K/root/colcon_ws/src/orb_slam3_ros2_wrapper/src/rgbd/rgbd-slam-node.cpp:6[m[K:
[13.966s] [01m[K/usr/include/eigen3/Eigen/src/Core/util/Constants.h:167:37:[m[K [01;36m[Knote: [m[Kdeclared here
[13.966s]   167 | EIGEN_DEPRECATED const unsigned int [01;36m[KAlignedBit[m[K = 0x80;
[13.966s]       |                                     [01;36m[K^~~~~~~~~~[m[K
[13.966s] In file included from [01m[K/home/orb/ORB_SLAM3/Thirdparty/g2o/g2o/types/types_six_dof_expmap.h:38[m[K,
[13.966s]                  from [01m[K/home/orb/ORB_SLAM3/include/Converter.h:26[m[K,
[13.966s]                  from [01m[K/home/orb/ORB_SLAM3/include/Frame.h:33[m[K,
[13.966s]                  from [01m[K/home/orb/ORB_SLAM3/include/KeyFrame.h:28[m[K,
[13.967s]                  from [01m[K/home/orb/ORB_SLAM3/include/MapPoint.h:23[m[K,
[13.967s]                  from [01m[K/root/colcon_ws/src/orb_slam3_ros2_wrapper/include/orb_slam3_ros2_wrapper/type_conversion.hpp:26[m[K,
[13.967s]                  from [01m[K/root/colcon_ws/src/orb_slam3_ros2_wrapper/src/rgbd/rgbd-slam-node.hpp:40[m[K,
[13.967s]                  from [01m[K/root/colcon_ws/src/orb_slam3_ros2_wrapper/src/rgbd/rgbd-slam-node.cpp:6[m[K:
[13.967s] [01m[K/home/orb/ORB_SLAM3/Thirdparty/g2o/g2o/types/../core/base_binary_edge.h:60:82:[m[K [01;35m[Kwarning: [m[K‘[01m[KEigen::AlignedBit[m[K’ is deprecated [[01;35m[K-Wdeprecated-declarations[m[K]
[13.967s]    60 |       typedef Eigen::Map<Matrix<double, Dj, Di>, Matrix<double, Dj, Di>::Flags & [01;35m[KAlignedBit[m[K ? Aligned : Unaligned > HessianBlockTransposedType;
[13.967s]       |                                                                                  [01;35m[K^~~~~~~~~~[m[K
[13.967s] In file included from [01m[K/usr/include/eigen3/Eigen/Core:161[m[K,
[13.967s]                  from [01m[K/root/colcon_ws/src/orb_slam3_ros2_wrapper/include/orb_slam3_ros2_wrapper/type_conversion.hpp:10[m[K,
[13.968s]                  from [01m[K/root/colcon_ws/src/orb_slam3_ros2_wrapper/src/rgbd/rgbd-slam-node.hpp:40[m[K,
[13.968s]                  from [01m[K/root/colcon_ws/src/orb_slam3_ros2_wrapper/src/rgbd/rgbd-slam-node.cpp:6[m[K:
[13.968s] [01m[K/usr/include/eigen3/Eigen/src/Core/util/Constants.h:167:37:[m[K [01;36m[Knote: [m[Kdeclared here
[13.968s]   167 | EIGEN_DEPRECATED const unsigned int [01;36m[KAlignedBit[m[K = 0x80;
[13.968s]       |                                     [01;36m[K^~~~~~~~~~[m[K
[14.044s] In file included from [01m[K/home/orb/ORB_SLAM3/Thirdparty/g2o/g2o/types/types_six_dof_expmap.h:41[m[K,
[14.044s]                  from [01m[K/home/orb/ORB_SLAM3/include/Converter.h:26[m[K,
[14.044s]                  from [01m[K/home/orb/ORB_SLAM3/include/Frame.h:33[m[K,
[14.045s]                  from [01m[K/home/orb/ORB_SLAM3/include/KeyFrame.h:28[m[K,
[14.045s]                  from [01m[K/home/orb/ORB_SLAM3/include/MapPoint.h:23[m[K,
[14.045s]                  from [01m[K/root/colcon_ws/src/orb_slam3_ros2_wrapper/include/orb_slam3_ros2_wrapper/type_conversion.hpp:26[m[K,
[14.045s]                  from [01m[K/root/colcon_ws/src/orb_slam3_ros2_wrapper/src/rgbd/rgbd-slam-node.hpp:40[m[K,
[14.045s]                  from [01m[K/root/colcon_ws/src/orb_slam3_ros2_wrapper/src/rgbd/rgbd-slam-node.cpp:6[m[K:
[14.045s] [01m[K/home/orb/ORB_SLAM3/Thirdparty/g2o/g2o/types/se3quat.h:43:38:[m[K [01;35m[Kwarning: [m[Kextra ‘[01m[K;[m[K’ [[01;35m[K-Wpedantic[m[K]
[14.045s]    43 |       EIGEN_MAKE_ALIGNED_OPERATOR_NEW[01;35m[K;[m[K
[14.045s]       |                                      [01;35m[K^[m[K
[14.045s]       |                                      [31m[K-[m[K
[14.120s] In file included from [01m[K/home/orb/ORB_SLAM3/Thirdparty/g2o/g2o/types/types_six_dof_expmap.h:38[m[K,
[14.120s]                  from [01m[K/home/orb/ORB_SLAM3/include/Converter.h:26[m[K,
[14.120s]                  from [01m[K/home/orb/ORB_SLAM3/include/Frame.h:33[m[K,
[14.120s]                  from [01m[K/home/orb/ORB_SLAM3/include/KeyFrame.h:28[m[K,
[14.121s]                  from [01m[K/home/orb/ORB_SLAM3/include/MapPoint.h:23[m[K,
[14.121s]                  from [01m[K/root/colcon_ws/src/orb_slam3_ros2_wrapper/include/orb_slam3_ros2_wrapper/type_conversion.hpp:26[m[K,
[14.121s]                  from [01m[K/root/colcon_ws/src/orb_slam3_ros2_wrapper/src/rgbd/rgbd-slam-node.hpp:40[m[K,
[14.121s]                  from [01m[K/root/colcon_ws/src/orb_slam3_ros2_wrapper/src/rgbd/rgbd.cpp:7[m[K:
[14.121s] /home/orb/ORB_SLAM3/Thirdparty/g2o/g2o/types/../core/base_binary_edge.h: In instantiation of ‘[01m[Kclass g2o::BaseBinaryEdge<3, Eigen::Matrix<double, 3, 1>, g2o::VertexSBAPointXYZ, g2o::VertexSE3Expmap>[m[K’:
[14.121s] [01m[K/home/orb/ORB_SLAM3/Thirdparty/g2o/g2o/types/types_six_dof_expmap.h:146:41:[m[K   required from here
[14.121s] [01m[K/home/orb/ORB_SLAM3/Thirdparty/g2o/g2o/types/../core/base_binary_edge.h:59:80:[m[K [01;35m[Kwarning: [m[K‘[01m[KEigen::AlignedBit[m[K’ is deprecated [[01;35m[K-Wdeprecated-declarations[m[K]
[14.121s]    59 |       typedef Eigen::Map<Matrix<double, Di, Dj>, Matrix<double, Di, Dj>::[01;35m[KFlags & AlignedBit[m[K ? Aligned : Unaligned > HessianBlockType;
[14.121s]       |                                                                          [01;35m[K~~~~~~^~~~~~~~~~~~[m[K
[14.121s] In file included from [01m[K/usr/include/eigen3/Eigen/Core:161[m[K,
[14.122s]                  from [01m[K/root/colcon_ws/src/orb_slam3_ros2_wrapper/include/orb_slam3_ros2_wrapper/type_conversion.hpp:10[m[K,
[14.122s]                  from [01m[K/root/colcon_ws/src/orb_slam3_ros2_wrapper/src/rgbd/rgbd-slam-node.hpp:40[m[K,
[14.122s]                  from [01m[K/root/colcon_ws/src/orb_slam3_ros2_wrapper/src/rgbd/rgbd.cpp:7[m[K:
[14.122s] [01m[K/usr/include/eigen3/Eigen/src/Core/util/Constants.h:167:37:[m[K [01;36m[Knote: [m[Kdeclared here
[14.122s]   167 | EIGEN_DEPRECATED const unsigned int [01;36m[KAlignedBit[m[K = 0x80;
[14.122s]       |                                     [01;36m[K^~~~~~~~~~[m[K
[14.122s] In file included from [01m[K/home/orb/ORB_SLAM3/Thirdparty/g2o/g2o/types/types_six_dof_expmap.h:38[m[K,
[14.122s]                  from [01m[K/home/orb/ORB_SLAM3/include/Converter.h:26[m[K,
[14.122s]                  from [01m[K/home/orb/ORB_SLAM3/include/Frame.h:33[m[K,
[14.122s]                  from [01m[K/home/orb/ORB_SLAM3/include/KeyFrame.h:28[m[K,
[14.123s]                  from [01m[K/home/orb/ORB_SLAM3/include/MapPoint.h:23[m[K,
[14.123s]                  from [01m[K/root/colcon_ws/src/orb_slam3_ros2_wrapper/include/orb_slam3_ros2_wrapper/type_conversion.hpp:26[m[K,
[14.123s]                  from [01m[K/root/colcon_ws/src/orb_slam3_ros2_wrapper/src/rgbd/rgbd-slam-node.hpp:40[m[K,
[14.123s]                  from [01m[K/root/colcon_ws/src/orb_slam3_ros2_wrapper/src/rgbd/rgbd.cpp:7[m[K:
[14.127s] [01m[K/home/orb/ORB_SLAM3/Thirdparty/g2o/g2o/types/../core/base_binary_edge.h:60:80:[m[K [01;35m[Kwarning: [m[K‘[01m[KEigen::AlignedBit[m[K’ is deprecated [[01;35m[K-Wdeprecated-declarations[m[K]
[14.127s]    60 |       typedef Eigen::Map<Matrix<double, Dj, Di>, Matrix<double, Dj, Di>::[01;35m[KFlags & AlignedBit[m[K ? Aligned : Unaligned > HessianBlockTransposedType;
[14.127s]       |                                                                          [01;35m[K~~~~~~^~~~~~~~~~~~[m[K
[14.128s] In file included from [01m[K/usr/include/eigen3/Eigen/Core:161[m[K,
[14.128s]                  from [01m[K/root/colcon_ws/src/orb_slam3_ros2_wrapper/include/orb_slam3_ros2_wrapper/type_conversion.hpp:10[m[K,
[14.128s]                  from [01m[K/root/colcon_ws/src/orb_slam3_ros2_wrapper/src/rgbd/rgbd-slam-node.hpp:40[m[K,
[14.128s]                  from [01m[K/root/colcon_ws/src/orb_slam3_ros2_wrapper/src/rgbd/rgbd.cpp:7[m[K:
[14.128s] [01m[K/usr/include/eigen3/Eigen/src/Core/util/Constants.h:167:37:[m[K [01;36m[Knote: [m[Kdeclared here
[14.128s]   167 | EIGEN_DEPRECATED const unsigned int [01;36m[KAlignedBit[m[K = 0x80;
[14.128s]       |                                     [01;36m[K^~~~~~~~~~[m[K
[14.288s] In file included from [01m[K/home/orb/ORB_SLAM3/Thirdparty/g2o/g2o/types/types_six_dof_expmap.h:37[m[K,
[14.288s]                  from [01m[K/home/orb/ORB_SLAM3/include/Converter.h:26[m[K,
[14.288s]                  from [01m[K/home/orb/ORB_SLAM3/include/Frame.h:33[m[K,
[14.288s]                  from [01m[K/home/orb/ORB_SLAM3/include/KeyFrame.h:28[m[K,
[14.288s]                  from [01m[K/home/orb/ORB_SLAM3/include/MapPoint.h:23[m[K,
[14.288s]                  from [01m[K/home/orb/ORB_SLAM3/include/FrameDrawer.h:24[m[K,
[14.289s]                  from [01m[K/home/orb/ORB_SLAM3/include/Viewer.h:23[m[K,
[14.289s]                  from [01m[K/home/orb/ORB_SLAM3/include/Tracking.h:26[m[K,
[14.289s]                  from [01m[K/home/orb/ORB_SLAM3/include/System.h:31[m[K,
[14.289s]                  from [01m[K/root/colcon_ws/src/orb_slam3_ros2_wrapper/include/orb_slam3_ros2_wrapper/orb_slam3_interface.hpp:28[m[K,
[14.289s]                  from [01m[K/root/colcon_ws/src/orb_slam3_ros2_wrapper/src/orb_slam3_interface.cpp:6[m[K:
[14.289s] [01m[K/home/orb/ORB_SLAM3/Thirdparty/g2o/g2o/types/../core/base_vertex.h:[m[K At global scope:
[14.289s] [01m[K/home/orb/ORB_SLAM3/Thirdparty/g2o/g2o/types/../core/base_vertex.h:62:74:[m[K [01;35m[Kwarning: [m[K‘[01m[KEigen::AlignedBit[m[K’ is deprecated [[01;35m[K-Wdeprecated-declarations[m[K]
[14.290s]    62 |     typedef Eigen::Map<Matrix<double, D, D>, Matrix<double,D,D>::Flags & [01;35m[KAlignedBit[m[K ? Aligned : Unaligned >  HessianBlockType;
[14.290s]       |                                                                          [01;35m[K^~~~~~~~~~[m[K
[14.290s] In file included from [01m[K/usr/include/eigen3/Eigen/Core:161[m[K,
[14.290s]                  from [01m[K/root/colcon_ws/src/orb_slam3_ros2_wrapper/include/orb_slam3_ros2_wrapper/orb_slam3_interface.hpp:12[m[K,
[14.290s]                  from [01m[K/root/colcon_ws/src/orb_slam3_ros2_wrapper/src/orb_slam3_interface.cpp:6[m[K:
[14.290s] [01m[K/usr/include/eigen3/Eigen/src/Core/util/Constants.h:167:37:[m[K [01;36m[Knote: [m[Kdeclared here
[14.290s]   167 | EIGEN_DEPRECATED const unsigned int [01;36m[KAlignedBit[m[K = 0x80;
[14.290s]       |                                     [01;36m[K^~~~~~~~~~[m[K
[14.303s] In file included from [01m[K/home/orb/ORB_SLAM3/Thirdparty/g2o/g2o/types/types_six_dof_expmap.h:38[m[K,
[14.303s]                  from [01m[K/home/orb/ORB_SLAM3/include/Converter.h:26[m[K,
[14.303s]                  from [01m[K/home/orb/ORB_SLAM3/include/Frame.h:33[m[K,
[14.304s]                  from [01m[K/home/orb/ORB_SLAM3/include/KeyFrame.h:28[m[K,
[14.304s]                  from [01m[K/home/orb/ORB_SLAM3/include/MapPoint.h:23[m[K,
[14.304s]                  from [01m[K/home/orb/ORB_SLAM3/include/FrameDrawer.h:24[m[K,
[14.304s]                  from [01m[K/home/orb/ORB_SLAM3/include/Viewer.h:23[m[K,
[14.304s]                  from [01m[K/home/orb/ORB_SLAM3/include/Tracking.h:26[m[K,
[14.304s]                  from [01m[K/home/orb/ORB_SLAM3/include/System.h:31[m[K,
[14.304s]                  from [01m[K/root/colcon_ws/src/orb_slam3_ros2_wrapper/include/orb_slam3_ros2_wrapper/orb_slam3_interface.hpp:28[m[K,
[14.304s]                  from [01m[K/root/colcon_ws/src/orb_slam3_ros2_wrapper/src/orb_slam3_interface.cpp:6[m[K:
[14.304s] [01m[K/home/orb/ORB_SLAM3/Thirdparty/g2o/g2o/types/../core/base_binary_edge.h:59:82:[m[K [01;35m[Kwarning: [m[K‘[01m[KEigen::AlignedBit[m[K’ is deprecated [[01;35m[K-Wdeprecated-declarations[m[K]
[14.305s]    59 |       typedef Eigen::Map<Matrix<double, Di, Dj>, Matrix<double, Di, Dj>::Flags & [01;35m[KAlignedBit[m[K ? Aligned : Unaligned > HessianBlockType;
[14.305s]       |                                                                                  [01;35m[K^~~~~~~~~~[m[K
[14.305s] In file included from [01m[K/usr/include/eigen3/Eigen/Core:161[m[K,
[14.305s]                  from [01m[K/root/colcon_ws/src/orb_slam3_ros2_wrapper/include/orb_slam3_ros2_wrapper/orb_slam3_interface.hpp:12[m[K,
[14.305s]                  from [01m[K/root/colcon_ws/src/orb_slam3_ros2_wrapper/src/orb_slam3_interface.cpp:6[m[K:
[14.305s] [01m[K/usr/include/eigen3/Eigen/src/Core/util/Constants.h:167:37:[m[K [01;36m[Knote: [m[Kdeclared here
[14.306s]   167 | EIGEN_DEPRECATED const unsigned int [01;36m[KAlignedBit[m[K = 0x80;
[14.306s]       |                                     [01;36m[K^~~~~~~~~~[m[K
[14.306s] In file included from [01m[K/home/orb/ORB_SLAM3/Thirdparty/g2o/g2o/types/types_six_dof_expmap.h:38[m[K,
[14.312s]                  from [01m[K/home/orb/ORB_SLAM3/include/Converter.h:26[m[K,
[14.312s]                  from [01m[K/home/orb/ORB_SLAM3/include/Frame.h:33[m[K,
[14.313s]                  from [01m[K/home/orb/ORB_SLAM3/include/KeyFrame.h:28[m[K,
[14.313s]                  from [01m[K/home/orb/ORB_SLAM3/include/MapPoint.h:23[m[K,
[14.313s]                  from [01m[K/home/orb/ORB_SLAM3/include/FrameDrawer.h:24[m[K,
[14.313s]                  from [01m[K/home/orb/ORB_SLAM3/include/Viewer.h:23[m[K,
[14.313s]                  from [01m[K/home/orb/ORB_SLAM3/include/Tracking.h:26[m[K,
[14.313s]                  from [01m[K/home/orb/ORB_SLAM3/include/System.h:31[m[K,
[14.313s]                  from [01m[K/root/colcon_ws/src/orb_slam3_ros2_wrapper/include/orb_slam3_ros2_wrapper/orb_slam3_interface.hpp:28[m[K,
[14.314s]                  from [01m[K/root/colcon_ws/src/orb_slam3_ros2_wrapper/src/orb_slam3_interface.cpp:6[m[K:
[14.314s] [01m[K/home/orb/ORB_SLAM3/Thirdparty/g2o/g2o/types/../core/base_binary_edge.h:60:82:[m[K [01;35m[Kwarning: [m[K‘[01m[KEigen::AlignedBit[m[K’ is deprecated [[01;35m[K-Wdeprecated-declarations[m[K]
[14.314s]    60 |       typedef Eigen::Map<Matrix<double, Dj, Di>, Matrix<double, Dj, Di>::Flags & [01;35m[KAlignedBit[m[K ? Aligned : Unaligned > HessianBlockTransposedType;
[14.315s]       |                                                                                  [01;35m[K^~~~~~~~~~[m[K
[14.315s] In file included from [01m[K/usr/include/eigen3/Eigen/Core:161[m[K,
[14.315s]                  from [01m[K/root/colcon_ws/src/orb_slam3_ros2_wrapper/include/orb_slam3_ros2_wrapper/orb_slam3_interface.hpp:12[m[K,
[14.315s]                  from [01m[K/root/colcon_ws/src/orb_slam3_ros2_wrapper/src/orb_slam3_interface.cpp:6[m[K:
[14.315s] [01m[K/usr/include/eigen3/Eigen/src/Core/util/Constants.h:167:37:[m[K [01;36m[Knote: [m[Kdeclared here
[14.315s]   167 | EIGEN_DEPRECATED const unsigned int [01;36m[KAlignedBit[m[K = 0x80;
[14.315s]       |                                     [01;36m[K^~~~~~~~~~[m[K
[14.410s] In file included from [01m[K/home/orb/ORB_SLAM3/Thirdparty/g2o/g2o/types/types_six_dof_expmap.h:41[m[K,
[14.410s]                  from [01m[K/home/orb/ORB_SLAM3/include/Converter.h:26[m[K,
[14.410s]                  from [01m[K/home/orb/ORB_SLAM3/include/Frame.h:33[m[K,
[14.411s]                  from [01m[K/home/orb/ORB_SLAM3/include/KeyFrame.h:28[m[K,
[14.411s]                  from [01m[K/home/orb/ORB_SLAM3/include/MapPoint.h:23[m[K,
[14.411s]                  from [01m[K/home/orb/ORB_SLAM3/include/FrameDrawer.h:24[m[K,
[14.411s]                  from [01m[K/home/orb/ORB_SLAM3/include/Viewer.h:23[m[K,
[14.411s]                  from [01m[K/home/orb/ORB_SLAM3/include/Tracking.h:26[m[K,
[14.411s]                  from [01m[K/home/orb/ORB_SLAM3/include/System.h:31[m[K,
[14.411s]                  from [01m[K/root/colcon_ws/src/orb_slam3_ros2_wrapper/include/orb_slam3_ros2_wrapper/orb_slam3_interface.hpp:28[m[K,
[14.411s]                  from [01m[K/root/colcon_ws/src/orb_slam3_ros2_wrapper/src/orb_slam3_interface.cpp:6[m[K:
[14.411s] [01m[K/home/orb/ORB_SLAM3/Thirdparty/g2o/g2o/types/se3quat.h:43:38:[m[K [01;35m[Kwarning: [m[Kextra ‘[01m[K;[m[K’ [[01;35m[K-Wpedantic[m[K]
[14.411s]    43 |       EIGEN_MAKE_ALIGNED_OPERATOR_NEW[01;35m[K;[m[K
[14.411s]       |                                      [01;35m[K^[m[K
[14.411s]       |                                      [31m[K-[m[K
[14.620s] In file included from [01m[K/home/orb/ORB_SLAM3/Thirdparty/g2o/g2o/types/types_six_dof_expmap.h:37[m[K,
[14.620s]                  from [01m[K/home/orb/ORB_SLAM3/include/Converter.h:26[m[K,
[14.621s]                  from [01m[K/home/orb/ORB_SLAM3/include/Frame.h:33[m[K,
[14.621s]                  from [01m[K/home/orb/ORB_SLAM3/include/KeyFrame.h:28[m[K,
[14.621s]                  from [01m[K/home/orb/ORB_SLAM3/include/MapPoint.h:23[m[K,
[14.621s]                  from [01m[K/root/colcon_ws/src/orb_slam3_ros2_wrapper/include/orb_slam3_ros2_wrapper/type_conversion.hpp:26[m[K,
[14.621s]                  from [01m[K/root/colcon_ws/src/orb_slam3_ros2_wrapper/src/rgbd/rgbd-slam-node.hpp:40[m[K,
[14.621s]                  from [01m[K/root/colcon_ws/src/orb_slam3_ros2_wrapper/src/rgbd/rgbd-slam-node.cpp:6[m[K:
[14.621s] /home/orb/ORB_SLAM3/Thirdparty/g2o/g2o/types/../core/base_vertex.h: In instantiation of ‘[01m[Kclass g2o::BaseVertex<3, Eigen::Matrix<double, 3, 1> >[m[K’:
[14.621s] [01m[K/home/orb/ORB_SLAM3/Thirdparty/g2o/g2o/types/types_sba.h:40:35:[m[K   required from here
[14.621s] [01m[K/home/orb/ORB_SLAM3/Thirdparty/g2o/g2o/types/../core/base_vertex.h:62:72:[m[K [01;35m[Kwarning: [m[K‘[01m[KEigen::AlignedBit[m[K’ is deprecated [[01;35m[K-Wdeprecated-declarations[m[K]
[14.621s]    62 |     typedef Eigen::Map<Matrix<double, D, D>, Matrix<double,D,D>::[01;35m[KFlags & AlignedBit[m[K ? Aligned : Unaligned >  HessianBlockType;
[14.621s]       |                                                                  [01;35m[K~~~~~~^~~~~~~~~~~~[m[K
[14.622s] In file included from [01m[K/usr/include/eigen3/Eigen/Core:161[m[K,
[14.622s]                  from [01m[K/root/colcon_ws/src/orb_slam3_ros2_wrapper/include/orb_slam3_ros2_wrapper/type_conversion.hpp:10[m[K,
[14.622s]                  from [01m[K/root/colcon_ws/src/orb_slam3_ros2_wrapper/src/rgbd/rgbd-slam-node.hpp:40[m[K,
[14.622s]                  from [01m[K/root/colcon_ws/src/orb_slam3_ros2_wrapper/src/rgbd/rgbd-slam-node.cpp:6[m[K:
[14.622s] [01m[K/usr/include/eigen3/Eigen/src/Core/util/Constants.h:167:37:[m[K [01;36m[Knote: [m[Kdeclared here
[14.622s]   167 | EIGEN_DEPRECATED const unsigned int [01;36m[KAlignedBit[m[K = 0x80;
[14.622s]       |                                     [01;36m[K^~~~~~~~~~[m[K
[14.683s] In file included from [01m[K/home/orb/ORB_SLAM3/Thirdparty/g2o/g2o/types/types_six_dof_expmap.h:37[m[K,
[14.683s]                  from [01m[K/home/orb/ORB_SLAM3/include/Converter.h:26[m[K,
[14.683s]                  from [01m[K/home/orb/ORB_SLAM3/include/Frame.h:33[m[K,
[14.683s]                  from [01m[K/home/orb/ORB_SLAM3/include/KeyFrame.h:28[m[K,
[14.683s]                  from [01m[K/home/orb/ORB_SLAM3/include/MapPoint.h:23[m[K,
[14.685s]                  from [01m[K/root/colcon_ws/src/orb_slam3_ros2_wrapper/include/orb_slam3_ros2_wrapper/type_conversion.hpp:26[m[K,
[14.685s]                  from [01m[K/root/colcon_ws/src/orb_slam3_ros2_wrapper/src/rgbd/rgbd-slam-node.hpp:40[m[K,
[14.685s]                  from [01m[K/root/colcon_ws/src/orb_slam3_ros2_wrapper/src/rgbd/rgbd-slam-node.cpp:6[m[K:
[14.686s] /home/orb/ORB_SLAM3/Thirdparty/g2o/g2o/types/../core/base_vertex.h: In instantiation of ‘[01m[Kclass g2o::BaseVertex<6, g2o::SE3Quat>[m[K’:
[14.686s] [01m[K/home/orb/ORB_SLAM3/Thirdparty/g2o/g2o/types/types_six_dof_expmap.h:59:33:[m[K   required from here
[14.686s] [01m[K/home/orb/ORB_SLAM3/Thirdparty/g2o/g2o/types/../core/base_vertex.h:62:72:[m[K [01;35m[Kwarning: [m[K‘[01m[KEigen::AlignedBit[m[K’ is deprecated [[01;35m[K-Wdeprecated-declarations[m[K]
[14.686s]    62 |     typedef Eigen::Map<Matrix<double, D, D>, Matrix<double,D,D>::[01;35m[KFlags & AlignedBit[m[K ? Aligned : Unaligned >  HessianBlockType;
[14.687s]       |                                                                  [01;35m[K~~~~~~^~~~~~~~~~~~[m[K
[14.687s] In file included from [01m[K/usr/include/eigen3/Eigen/Core:161[m[K,
[14.687s]                  from [01m[K/root/colcon_ws/src/orb_slam3_ros2_wrapper/include/orb_slam3_ros2_wrapper/type_conversion.hpp:10[m[K,
[14.687s]                  from [01m[K/root/colcon_ws/src/orb_slam3_ros2_wrapper/src/rgbd/rgbd-slam-node.hpp:40[m[K,
[14.687s]                  from [01m[K/root/colcon_ws/src/orb_slam3_ros2_wrapper/src/rgbd/rgbd-slam-node.cpp:6[m[K:
[14.687s] [01m[K/usr/include/eigen3/Eigen/src/Core/util/Constants.h:167:37:[m[K [01;36m[Knote: [m[Kdeclared here
[14.687s]   167 | EIGEN_DEPRECATED const unsigned int [01;36m[KAlignedBit[m[K = 0x80;
[14.687s]       |                                     [01;36m[K^~~~~~~~~~[m[K
[14.745s] In file included from [01m[K/home/orb/ORB_SLAM3/Thirdparty/g2o/g2o/types/types_six_dof_expmap.h:38[m[K,
[14.745s]                  from [01m[K/home/orb/ORB_SLAM3/include/Converter.h:26[m[K,
[14.745s]                  from [01m[K/home/orb/ORB_SLAM3/include/Frame.h:33[m[K,
[14.745s]                  from [01m[K/home/orb/ORB_SLAM3/include/KeyFrame.h:28[m[K,
[14.745s]                  from [01m[K/home/orb/ORB_SLAM3/include/MapPoint.h:23[m[K,
[14.745s]                  from [01m[K/root/colcon_ws/src/orb_slam3_ros2_wrapper/include/orb_slam3_ros2_wrapper/type_conversion.hpp:26[m[K,
[14.745s]                  from [01m[K/root/colcon_ws/src/orb_slam3_ros2_wrapper/src/rgbd/rgbd-slam-node.hpp:40[m[K,
[14.746s]                  from [01m[K/root/colcon_ws/src/orb_slam3_ros2_wrapper/src/rgbd/rgbd-slam-node.cpp:6[m[K:
[14.746s] /home/orb/ORB_SLAM3/Thirdparty/g2o/g2o/types/../core/base_binary_edge.h: In instantiation of ‘[01m[Kclass g2o::BaseBinaryEdge<6, g2o::SE3Quat, g2o::VertexSE3Expmap, g2o::VertexSE3Expmap>[m[K’:
[14.746s] [01m[K/home/orb/ORB_SLAM3/Thirdparty/g2o/g2o/types/types_six_dof_expmap.h:83:24:[m[K   required from here
[14.746s] [01m[K/home/orb/ORB_SLAM3/Thirdparty/g2o/g2o/types/../core/base_binary_edge.h:59:80:[m[K [01;35m[Kwarning: [m[K‘[01m[KEigen::AlignedBit[m[K’ is deprecated [[01;35m[K-Wdeprecated-declarations[m[K]
[14.746s]    59 |       typedef Eigen::Map<Matrix<double, Di, Dj>, Matrix<double, Di, Dj>::[01;35m[KFlags & AlignedBit[m[K ? Aligned : Unaligned > HessianBlockType;
[14.748s]       |                                                                          [01;35m[K~~~~~~^~~~~~~~~~~~[m[K
[14.748s] In file included from [01m[K/usr/include/eigen3/Eigen/Core:161[m[K,
[14.748s]                  from [01m[K/root/colcon_ws/src/orb_slam3_ros2_wrapper/include/orb_slam3_ros2_wrapper/type_conversion.hpp:10[m[K,
[14.748s]                  from [01m[K/root/colcon_ws/src/orb_slam3_ros2_wrapper/src/rgbd/rgbd-slam-node.hpp:40[m[K,
[14.748s]                  from [01m[K/root/colcon_ws/src/orb_slam3_ros2_wrapper/src/rgbd/rgbd-slam-node.cpp:6[m[K:
[14.749s] [01m[K/usr/include/eigen3/Eigen/src/Core/util/Constants.h:167:37:[m[K [01;36m[Knote: [m[Kdeclared here
[14.749s]   167 | EIGEN_DEPRECATED const unsigned int [01;36m[KAlignedBit[m[K = 0x80;
[14.749s]       |                                     [01;36m[K^~~~~~~~~~[m[K
[14.749s] In file included from [01m[K/home/orb/ORB_SLAM3/Thirdparty/g2o/g2o/types/types_six_dof_expmap.h:38[m[K,
[14.749s]                  from [01m[K/home/orb/ORB_SLAM3/include/Converter.h:26[m[K,
[14.749s]                  from [01m[K/home/orb/ORB_SLAM3/include/Frame.h:33[m[K,
[14.749s]                  from [01m[K/home/orb/ORB_SLAM3/include/KeyFrame.h:28[m[K,
[14.749s]                  from [01m[K/home/orb/ORB_SLAM3/include/MapPoint.h:23[m[K,
[14.749s]                  from [01m[K/root/colcon_ws/src/orb_slam3_ros2_wrapper/include/orb_slam3_ros2_wrapper/type_conversion.hpp:26[m[K,
[14.749s]                  from [01m[K/root/colcon_ws/src/orb_slam3_ros2_wrapper/src/rgbd/rgbd-slam-node.hpp:40[m[K,
[14.749s]                  from [01m[K/root/colcon_ws/src/orb_slam3_ros2_wrapper/src/rgbd/rgbd-slam-node.cpp:6[m[K:
[14.750s] [01m[K/home/orb/ORB_SLAM3/Thirdparty/g2o/g2o/types/../core/base_binary_edge.h:60:80:[m[K [01;35m[Kwarning: [m[K‘[01m[KEigen::AlignedBit[m[K’ is deprecated [[01;35m[K-Wdeprecated-declarations[m[K]
[14.750s]    60 |       typedef Eigen::Map<Matrix<double, Dj, Di>, Matrix<double, Dj, Di>::[01;35m[KFlags & AlignedBit[m[K ? Aligned : Unaligned > HessianBlockTransposedType;
[14.750s]       |                                                                          [01;35m[K~~~~~~^~~~~~~~~~~~[m[K
[14.750s] In file included from [01m[K/usr/include/eigen3/Eigen/Core:161[m[K,
[14.750s]                  from [01m[K/root/colcon_ws/src/orb_slam3_ros2_wrapper/include/orb_slam3_ros2_wrapper/type_conversion.hpp:10[m[K,
[14.750s]                  from [01m[K/root/colcon_ws/src/orb_slam3_ros2_wrapper/src/rgbd/rgbd-slam-node.hpp:40[m[K,
[14.750s]                  from [01m[K/root/colcon_ws/src/orb_slam3_ros2_wrapper/src/rgbd/rgbd-slam-node.cpp:6[m[K:
[14.750s] [01m[K/usr/include/eigen3/Eigen/src/Core/util/Constants.h:167:37:[m[K [01;36m[Knote: [m[Kdeclared here
[14.750s]   167 | EIGEN_DEPRECATED const unsigned int [01;36m[KAlignedBit[m[K = 0x80;
[14.750s]       |                                     [01;36m[K^~~~~~~~~~[m[K
[14.891s] In file included from [01m[K/home/orb/ORB_SLAM3/include/Frame.h:30[m[K,
[14.892s]                  from [01m[K/home/orb/ORB_SLAM3/include/KeyFrame.h:28[m[K,
[14.892s]                  from [01m[K/home/orb/ORB_SLAM3/include/MapPoint.h:23[m[K,
[14.892s]                  from [01m[K/root/colcon_ws/src/orb_slam3_ros2_wrapper/include/orb_slam3_ros2_wrapper/type_conversion.hpp:26[m[K,
[14.892s]                  from [01m[K/root/colcon_ws/src/orb_slam3_ros2_wrapper/tests/typeConversionsTests.cpp:5[m[K:
[14.893s] [01m[K/home/orb/ORB_SLAM3/include/ImuTypes.h:[m[K In member function ‘[01m[Kvoid ORB_SLAM3::IMU::Preintegrated::printMeasurements() const[m[K’:
[14.893s] [01m[K/home/orb/ORB_SLAM3/include/ImuTypes.h:204:23:[m[K [01;35m[Kwarning: [m[Kcomparison of integer expressions of different signedness: ‘[01m[Kint[m[K’ and ‘[01m[Kstd::vector<ORB_SLAM3::IMU::Preintegrated::integrable>::size_type[m[K’ {aka ‘[01m[Klong unsigned int[m[K’} [[01;35m[K-Wsign-compare[m[K]
[14.893s]   204 |         for(int i=0; [01;35m[Ki<mvMeasurements.size()[m[K; i++){
[14.893s]       |                      [01;35m[K~^~~~~~~~~~~~~~~~~~~~~~[m[K
[14.936s] In file included from [01m[K/home/orb/ORB_SLAM3/Thirdparty/g2o/g2o/types/types_six_dof_expmap.h:38[m[K,
[14.936s]                  from [01m[K/home/orb/ORB_SLAM3/include/Converter.h:26[m[K,
[14.936s]                  from [01m[K/home/orb/ORB_SLAM3/include/Frame.h:33[m[K,
[14.936s]                  from [01m[K/home/orb/ORB_SLAM3/include/KeyFrame.h:28[m[K,
[14.936s]                  from [01m[K/home/orb/ORB_SLAM3/include/MapPoint.h:23[m[K,
[14.936s]                  from [01m[K/root/colcon_ws/src/orb_slam3_ros2_wrapper/include/orb_slam3_ros2_wrapper/type_conversion.hpp:26[m[K,
[14.937s]                  from [01m[K/root/colcon_ws/src/orb_slam3_ros2_wrapper/src/rgbd/rgbd-slam-node.hpp:40[m[K,
[14.937s]                  from [01m[K/root/colcon_ws/src/orb_slam3_ros2_wrapper/src/rgbd/rgbd-slam-node.cpp:6[m[K:
[14.937s] /home/orb/ORB_SLAM3/Thirdparty/g2o/g2o/types/../core/base_binary_edge.h: In instantiation of ‘[01m[Kclass g2o::BaseBinaryEdge<2, Eigen::Matrix<double, 2, 1>, g2o::VertexSBAPointXYZ, g2o::VertexSE3Expmap>[m[K’:
[14.937s] [01m[K/home/orb/ORB_SLAM3/Thirdparty/g2o/g2o/types/types_six_dof_expmap.h:114:35:[m[K   required from here
[14.937s] [01m[K/home/orb/ORB_SLAM3/Thirdparty/g2o/g2o/types/../core/base_binary_edge.h:59:80:[m[K [01;35m[Kwarning: [m[K‘[01m[KEigen::AlignedBit[m[K’ is deprecated [[01;35m[K-Wdeprecated-declarations[m[K]
[14.937s]    59 |       typedef Eigen::Map<Matrix<double, Di, Dj>, Matrix<double, Di, Dj>::[01;35m[KFlags & AlignedBit[m[K ? Aligned : Unaligned > HessianBlockType;
[14.937s]       |                                                                          [01;35m[K~~~~~~^~~~~~~~~~~~[m[K
[14.937s] In file included from [01m[K/usr/include/eigen3/Eigen/Core:161[m[K,
[14.937s]                  from [01m[K/root/colcon_ws/src/orb_slam3_ros2_wrapper/include/orb_slam3_ros2_wrapper/type_conversion.hpp:10[m[K,
[14.938s]                  from [01m[K/root/colcon_ws/src/orb_slam3_ros2_wrapper/src/rgbd/rgbd-slam-node.hpp:40[m[K,
[14.938s]                  from [01m[K/root/colcon_ws/src/orb_slam3_ros2_wrapper/src/rgbd/rgbd-slam-node.cpp:6[m[K:
[14.938s] [01m[K/usr/include/eigen3/Eigen/src/Core/util/Constants.h:167:37:[m[K [01;36m[Knote: [m[Kdeclared here
[14.938s]   167 | EIGEN_DEPRECATED const unsigned int [01;36m[KAlignedBit[m[K = 0x80;
[14.938s]       |                                     [01;36m[K^~~~~~~~~~[m[K
[14.953s] In file included from [01m[K/home/orb/ORB_SLAM3/Thirdparty/g2o/g2o/types/types_six_dof_expmap.h:37[m[K,
[14.953s]                  from [01m[K/home/orb/ORB_SLAM3/include/Converter.h:26[m[K,
[14.954s]                  from [01m[K/home/orb/ORB_SLAM3/include/Frame.h:33[m[K,
[14.954s]                  from [01m[K/home/orb/ORB_SLAM3/include/KeyFrame.h:28[m[K,
[14.954s]                  from [01m[K/home/orb/ORB_SLAM3/include/MapPoint.h:23[m[K,
[14.954s]                  from [01m[K/home/orb/ORB_SLAM3/include/FrameDrawer.h:24[m[K,
[14.954s]                  from [01m[K/home/orb/ORB_SLAM3/include/Viewer.h:23[m[K,
[14.954s]                  from [01m[K/home/orb/ORB_SLAM3/include/Tracking.h:26[m[K,
[14.954s]                  from [01m[K/home/orb/ORB_SLAM3/include/System.h:31[m[K,
[14.954s]                  from [01m[K/root/colcon_ws/src/orb_slam3_ros2_wrapper/include/orb_slam3_ros2_wrapper/orb_slam3_interface.hpp:28[m[K,
[14.954s]                  from [01m[K/root/colcon_ws/src/orb_slam3_ros2_wrapper/src/orb_slam3_interface.cpp:6[m[K:
[14.955s] /home/orb/ORB_SLAM3/Thirdparty/g2o/g2o/types/../core/base_vertex.h: In instantiation of ‘[01m[Kclass g2o::BaseVertex<3, Eigen::Matrix<double, 3, 1> >[m[K’:
[14.955s] [01m[K/home/orb/ORB_SLAM3/Thirdparty/g2o/g2o/types/types_sba.h:40:35:[m[K   required from here
[14.955s] [01m[K/home/orb/ORB_SLAM3/Thirdparty/g2o/g2o/types/../core/base_vertex.h:62:72:[m[K [01;35m[Kwarning: [m[K‘[01m[KEigen::AlignedBit[m[K’ is deprecated [[01;35m[K-Wdeprecated-declarations[m[K]
[14.955s]    62 |     typedef Eigen::Map<Matrix<double, D, D>, Matrix<double,D,D>::[01;35m[KFlags & AlignedBit[m[K ? Aligned : Unaligned >  HessianBlockType;
[14.955s]       |                                                                  [01;35m[K~~~~~~^~~~~~~~~~~~[m[K
[14.955s] In file included from [01m[K/usr/include/eigen3/Eigen/Core:161[m[K,
[14.955s]                  from [01m[K/root/colcon_ws/src/orb_slam3_ros2_wrapper/include/orb_slam3_ros2_wrapper/orb_slam3_interface.hpp:12[m[K,
[14.955s]                  from [01m[K/root/colcon_ws/src/orb_slam3_ros2_wrapper/src/orb_slam3_interface.cpp:6[m[K:
[14.955s] [01m[K/usr/include/eigen3/Eigen/src/Core/util/Constants.h:167:37:[m[K [01;36m[Knote: [m[Kdeclared here
[14.956s]   167 | EIGEN_DEPRECATED const unsigned int [01;36m[KAlignedBit[m[K = 0x80;
[14.956s]       |                                     [01;36m[K^~~~~~~~~~[m[K
[14.969s] In file included from [01m[K/home/orb/ORB_SLAM3/Thirdparty/g2o/g2o/types/types_six_dof_expmap.h:38[m[K,
[14.970s]                  from [01m[K/home/orb/ORB_SLAM3/include/Converter.h:26[m[K,
[14.971s]                  from [01m[K/home/orb/ORB_SLAM3/include/Frame.h:33[m[K,
[14.974s]                  from [01m[K/home/orb/ORB_SLAM3/include/KeyFrame.h:28[m[K,
[14.974s]                  from [01m[K/home/orb/ORB_SLAM3/include/MapPoint.h:23[m[K,
[14.975s]                  from [01m[K/root/colcon_ws/src/orb_slam3_ros2_wrapper/include/orb_slam3_ros2_wrapper/type_conversion.hpp:26[m[K,
[14.975s]                  from [01m[K/root/colcon_ws/src/orb_slam3_ros2_wrapper/src/rgbd/rgbd-slam-node.hpp:40[m[K,
[14.975s]                  from [01m[K/root/colcon_ws/src/orb_slam3_ros2_wrapper/src/rgbd/rgbd-slam-node.cpp:6[m[K:
[14.975s] [01m[K/home/orb/ORB_SLAM3/Thirdparty/g2o/g2o/types/../core/base_binary_edge.h:60:80:[m[K [01;35m[Kwarning: [m[K‘[01m[KEigen::AlignedBit[m[K’ is deprecated [[01;35m[K-Wdeprecated-declarations[m[K]
[14.975s]    60 |       typedef Eigen::Map<Matrix<double, Dj, Di>, Matrix<double, Dj, Di>::[01;35m[KFlags & AlignedBit[m[K ? Aligned : Unaligned > HessianBlockTransposedType;
[14.975s]       |                                                                          [01;35m[K~~~~~~^~~~~~~~~~~~[m[K
[14.975s] In file included from [01m[K/usr/include/eigen3/Eigen/Core:161[m[K,
[14.975s]                  from [01m[K/root/colcon_ws/src/orb_slam3_ros2_wrapper/include/orb_slam3_ros2_wrapper/type_conversion.hpp:10[m[K,
[14.975s]                  from [01m[K/root/colcon_ws/src/orb_slam3_ros2_wrapper/src/rgbd/rgbd-slam-node.hpp:40[m[K,
[14.976s]                  from [01m[K/root/colcon_ws/src/orb_slam3_ros2_wrapper/src/rgbd/rgbd-slam-node.cpp:6[m[K:
[14.976s] [01m[K/usr/include/eigen3/Eigen/src/Core/util/Constants.h:167:37:[m[K [01;36m[Knote: [m[Kdeclared here
[14.976s]   167 | EIGEN_DEPRECATED const unsigned int [01;36m[KAlignedBit[m[K = 0x80;
[14.976s]       |                                     [01;36m[K^~~~~~~~~~[m[K
[15.023s] In file included from [01m[K/home/orb/ORB_SLAM3/Thirdparty/g2o/g2o/types/types_six_dof_expmap.h:37[m[K,
[15.024s]                  from [01m[K/home/orb/ORB_SLAM3/include/Converter.h:26[m[K,
[15.024s]                  from [01m[K/home/orb/ORB_SLAM3/include/Frame.h:33[m[K,
[15.024s]                  from [01m[K/home/orb/ORB_SLAM3/include/KeyFrame.h:28[m[K,
[15.024s]                  from [01m[K/home/orb/ORB_SLAM3/include/MapPoint.h:23[m[K,
[15.024s]                  from [01m[K/home/orb/ORB_SLAM3/include/FrameDrawer.h:24[m[K,
[15.024s]                  from [01m[K/home/orb/ORB_SLAM3/include/Viewer.h:23[m[K,
[15.024s]                  from [01m[K/home/orb/ORB_SLAM3/include/Tracking.h:26[m[K,
[15.024s]                  from [01m[K/home/orb/ORB_SLAM3/include/System.h:31[m[K,
[15.024s]                  from [01m[K/root/colcon_ws/src/orb_slam3_ros2_wrapper/include/orb_slam3_ros2_wrapper/orb_slam3_interface.hpp:28[m[K,
[15.025s]                  from [01m[K/root/colcon_ws/src/orb_slam3_ros2_wrapper/src/orb_slam3_interface.cpp:6[m[K:
[15.025s] /home/orb/ORB_SLAM3/Thirdparty/g2o/g2o/types/../core/base_vertex.h: In instantiation of ‘[01m[Kclass g2o::BaseVertex<6, g2o::SE3Quat>[m[K’:
[15.025s] [01m[K/home/orb/ORB_SLAM3/Thirdparty/g2o/g2o/types/types_six_dof_expmap.h:59:33:[m[K   required from here
[15.025s] [01m[K/home/orb/ORB_SLAM3/Thirdparty/g2o/g2o/types/../core/base_vertex.h:62:72:[m[K [01;35m[Kwarning: [m[K‘[01m[KEigen::AlignedBit[m[K’ is deprecated [[01;35m[K-Wdeprecated-declarations[m[K]
[15.025s]    62 |     typedef Eigen::Map<Matrix<double, D, D>, Matrix<double,D,D>::[01;35m[KFlags & AlignedBit[m[K ? Aligned : Unaligned >  HessianBlockType;
[15.025s]       |                                                                  [01;35m[K~~~~~~^~~~~~~~~~~~[m[K
[15.025s] In file included from [01m[K/usr/include/eigen3/Eigen/Core:161[m[K,
[15.025s]                  from [01m[K/root/colcon_ws/src/orb_slam3_ros2_wrapper/include/orb_slam3_ros2_wrapper/orb_slam3_interface.hpp:12[m[K,
[15.025s]                  from [01m[K/root/colcon_ws/src/orb_slam3_ros2_wrapper/src/orb_slam3_interface.cpp:6[m[K:
[15.025s] [01m[K/usr/include/eigen3/Eigen/src/Core/util/Constants.h:167:37:[m[K [01;36m[Knote: [m[Kdeclared here
[15.026s]   167 | EIGEN_DEPRECATED const unsigned int [01;36m[KAlignedBit[m[K = 0x80;
[15.026s]       |                                     [01;36m[K^~~~~~~~~~[m[K
[15.085s] In file included from [01m[K/home/orb/ORB_SLAM3/Thirdparty/g2o/g2o/types/types_six_dof_expmap.h:38[m[K,
[15.085s]                  from [01m[K/home/orb/ORB_SLAM3/include/Converter.h:26[m[K,
[15.085s]                  from [01m[K/home/orb/ORB_SLAM3/include/Frame.h:33[m[K,
[15.086s]                  from [01m[K/home/orb/ORB_SLAM3/include/KeyFrame.h:28[m[K,
[15.086s]                  from [01m[K/home/orb/ORB_SLAM3/include/MapPoint.h:23[m[K,
[15.086s]                  from [01m[K/home/orb/ORB_SLAM3/include/FrameDrawer.h:24[m[K,
[15.086s]                  from [01m[K/home/orb/ORB_SLAM3/include/Viewer.h:23[m[K,
[15.086s]                  from [01m[K/home/orb/ORB_SLAM3/include/Tracking.h:26[m[K,
[15.086s]                  from [01m[K/home/orb/ORB_SLAM3/include/System.h:31[m[K,
[15.086s]                  from [01m[K/root/colcon_ws/src/orb_slam3_ros2_wrapper/include/orb_slam3_ros2_wrapper/orb_slam3_interface.hpp:28[m[K,
[15.086s]                  from [01m[K/root/colcon_ws/src/orb_slam3_ros2_wrapper/src/orb_slam3_interface.cpp:6[m[K:
[15.086s] /home/orb/ORB_SLAM3/Thirdparty/g2o/g2o/types/../core/base_binary_edge.h: In instantiation of ‘[01m[Kclass g2o::BaseBinaryEdge<6, g2o::SE3Quat, g2o::VertexSE3Expmap, g2o::VertexSE3Expmap>[m[K’:
[15.086s] [01m[K/home/orb/ORB_SLAM3/Thirdparty/g2o/g2o/types/types_six_dof_expmap.h:83:24:[m[K   required from here
[15.087s] [01m[K/home/orb/ORB_SLAM3/Thirdparty/g2o/g2o/types/../core/base_binary_edge.h:59:80:[m[K [01;35m[Kwarning: [m[K‘[01m[KEigen::AlignedBit[m[K’ is deprecated [[01;35m[K-Wdeprecated-declarations[m[K]
[15.087s]    59 |       typedef Eigen::Map<Matrix<double, Di, Dj>, Matrix<double, Di, Dj>::[01;35m[KFlags & AlignedBit[m[K ? Aligned : Unaligned > HessianBlockType;
[15.087s]       |                                                                          [01;35m[K~~~~~~^~~~~~~~~~~~[m[K
[15.087s] In file included from [01m[K/usr/include/eigen3/Eigen/Core:161[m[K,
[15.087s]                  from [01m[K/root/colcon_ws/src/orb_slam3_ros2_wrapper/include/orb_slam3_ros2_wrapper/orb_slam3_interface.hpp:12[m[K,
[15.087s]                  from [01m[K/root/colcon_ws/src/orb_slam3_ros2_wrapper/src/orb_slam3_interface.cpp:6[m[K:
[15.087s] [01m[K/usr/include/eigen3/Eigen/src/Core/util/Constants.h:167:37:[m[K [01;36m[Knote: [m[Kdeclared here
[15.087s]   167 | EIGEN_DEPRECATED const unsigned int [01;36m[KAlignedBit[m[K = 0x80;
[15.087s]       |                                     [01;36m[K^~~~~~~~~~[m[K
[15.087s] In file included from [01m[K/home/orb/ORB_SLAM3/Thirdparty/g2o/g2o/types/types_six_dof_expmap.h:38[m[K,
[15.088s]                  from [01m[K/home/orb/ORB_SLAM3/include/Converter.h:26[m[K,
[15.088s]                  from [01m[K/home/orb/ORB_SLAM3/include/Frame.h:33[m[K,
[15.088s]                  from [01m[K/home/orb/ORB_SLAM3/include/KeyFrame.h:28[m[K,
[15.088s]                  from [01m[K/home/orb/ORB_SLAM3/include/MapPoint.h:23[m[K,
[15.092s]                  from [01m[K/home/orb/ORB_SLAM3/include/FrameDrawer.h:24[m[K,
[15.092s]                  from [01m[K/home/orb/ORB_SLAM3/include/Viewer.h:23[m[K,
[15.092s]                  from [01m[K/home/orb/ORB_SLAM3/include/Tracking.h:26[m[K,
[15.092s]                  from [01m[K/home/orb/ORB_SLAM3/include/System.h:31[m[K,
[15.092s]                  from [01m[K/root/colcon_ws/src/orb_slam3_ros2_wrapper/include/orb_slam3_ros2_wrapper/orb_slam3_interface.hpp:28[m[K,
[15.093s]                  from [01m[K/root/colcon_ws/src/orb_slam3_ros2_wrapper/src/orb_slam3_interface.cpp:6[m[K:
[15.093s] [01m[K/home/orb/ORB_SLAM3/Thirdparty/g2o/g2o/types/../core/base_binary_edge.h:60:80:[m[K [01;35m[Kwarning: [m[K‘[01m[KEigen::AlignedBit[m[K’ is deprecated [[01;35m[K-Wdeprecated-declarations[m[K]
[15.093s]    60 |       typedef Eigen::Map<Matrix<double, Dj, Di>, Matrix<double, Dj, Di>::[01;35m[KFlags & AlignedBit[m[K ? Aligned : Unaligned > HessianBlockTransposedType;
[15.093s]       |                                                                          [01;35m[K~~~~~~^~~~~~~~~~~~[m[K
[15.093s] In file included from [01m[K/usr/include/eigen3/Eigen/Core:161[m[K,
[15.093s]                  from [01m[K/root/colcon_ws/src/orb_slam3_ros2_wrapper/include/orb_slam3_ros2_wrapper/orb_slam3_interface.hpp:12[m[K,
[15.093s]                  from [01m[K/root/colcon_ws/src/orb_slam3_ros2_wrapper/src/orb_slam3_interface.cpp:6[m[K:
[15.093s] [01m[K/usr/include/eigen3/Eigen/src/Core/util/Constants.h:167:37:[m[K [01;36m[Knote: [m[Kdeclared here
[15.093s]   167 | EIGEN_DEPRECATED const unsigned int [01;36m[KAlignedBit[m[K = 0x80;
[15.093s]       |                                     [01;36m[K^~~~~~~~~~[m[K
[15.115s] In file included from [01m[K/home/orb/ORB_SLAM3/Thirdparty/g2o/g2o/types/types_six_dof_expmap.h:37[m[K,
[15.116s]                  from [01m[K/home/orb/ORB_SLAM3/include/Converter.h:26[m[K,
[15.116s]                  from [01m[K/home/orb/ORB_SLAM3/include/Frame.h:33[m[K,
[15.116s]                  from [01m[K/home/orb/ORB_SLAM3/include/KeyFrame.h:28[m[K,
[15.116s]                  from [01m[K/home/orb/ORB_SLAM3/include/MapPoint.h:23[m[K,
[15.116s]                  from [01m[K/root/colcon_ws/src/orb_slam3_ros2_wrapper/include/orb_slam3_ros2_wrapper/type_conversion.hpp:26[m[K,
[15.116s]                  from [01m[K/root/colcon_ws/src/orb_slam3_ros2_wrapper/tests/typeConversionsTests.cpp:5[m[K:
[15.116s] [01m[K/home/orb/ORB_SLAM3/Thirdparty/g2o/g2o/types/../core/base_vertex.h:[m[K At global scope:
[15.116s] [01m[K/home/orb/ORB_SLAM3/Thirdparty/g2o/g2o/types/../core/base_vertex.h:62:74:[m[K [01;35m[Kwarning: [m[K‘[01m[KEigen::AlignedBit[m[K’ is deprecated [[01;35m[K-Wdeprecated-declarations[m[K]
[15.116s]    62 |     typedef Eigen::Map<Matrix<double, D, D>, Matrix<double,D,D>::Flags & [01;35m[KAlignedBit[m[K ? Aligned : Unaligned >  HessianBlockType;
[15.117s]       |                                                                          [01;35m[K^~~~~~~~~~[m[K
[15.117s] In file included from [01m[K/usr/include/eigen3/Eigen/Core:161[m[K,
[15.117s]                  from [01m[K/usr/include/eigen3/Eigen/Dense:1[m[K,
[15.117s]                  from [01m[K/root/colcon_ws/src/orb_slam3_ros2_wrapper/tests/typeConversionsTests.cpp:3[m[K:
[15.117s] [01m[K/usr/include/eigen3/Eigen/src/Core/util/Constants.h:167:37:[m[K [01;36m[Knote: [m[Kdeclared here
[15.117s]   167 | EIGEN_DEPRECATED const unsigned int [01;36m[KAlignedBit[m[K = 0x80;
[15.117s]       |                                     [01;36m[K^~~~~~~~~~[m[K
[15.145s] In file included from [01m[K/home/orb/ORB_SLAM3/Thirdparty/g2o/g2o/types/types_six_dof_expmap.h:38[m[K,
[15.145s]                  from [01m[K/home/orb/ORB_SLAM3/include/Converter.h:26[m[K,
[15.146s]                  from [01m[K/home/orb/ORB_SLAM3/include/Frame.h:33[m[K,
[15.146s]                  from [01m[K/home/orb/ORB_SLAM3/include/KeyFrame.h:28[m[K,
[15.146s]                  from [01m[K/home/orb/ORB_SLAM3/include/MapPoint.h:23[m[K,
[15.183s]                  from [01m[K/root/colcon_ws/src/orb_slam3_ros2_wrapper/include/orb_slam3_ros2_wrapper/type_conversion.hpp:26[m[K,
[15.183s]                  from [01m[K/root/colcon_ws/src/orb_slam3_ros2_wrapper/tests/typeConversionsTests.cpp:5[m[K:
[15.184s] [01m[K/home/orb/ORB_SLAM3/Thirdparty/g2o/g2o/types/../core/base_binary_edge.h:59:82:[m[K [01;35m[Kwarning: [m[K‘[01m[KEigen::AlignedBit[m[K’ is deprecated [[01;35m[K-Wdeprecated-declarations[m[K]
[15.184s]    59 |       typedef Eigen::Map<Matrix<double, Di, Dj>, Matrix<double, Di, Dj>::Flags & [01;35m[KAlignedBit[m[K ? Aligned : Unaligned > HessianBlockType;
[15.184s]       |                                                                                  [01;35m[K^~~~~~~~~~[m[K
[15.188s] In file included from [01m[K/usr/include/eigen3/Eigen/Core:161[m[K,
[15.188s]                  from [01m[K/usr/include/eigen3/Eigen/Dense:1[m[K,
[15.188s]                  from [01m[K/root/colcon_ws/src/orb_slam3_ros2_wrapper/tests/typeConversionsTests.cpp:3[m[K:
[15.189s] [01m[K/usr/include/eigen3/Eigen/src/Core/util/Constants.h:167:37:[m[K [01;36m[Knote: [m[Kdeclared here
[15.189s]   167 | EIGEN_DEPRECATED const unsigned int [01;36m[KAlignedBit[m[K = 0x80;
[15.189s]       |                                     [01;36m[K^~~~~~~~~~[m[K
[15.189s] In file included from [01m[K/home/orb/ORB_SLAM3/Thirdparty/g2o/g2o/types/types_six_dof_expmap.h:38[m[K,
[15.189s]                  from [01m[K/home/orb/ORB_SLAM3/include/Converter.h:26[m[K,
[15.189s]                  from [01m[K/home/orb/ORB_SLAM3/include/Frame.h:33[m[K,
[15.189s]                  from [01m[K/home/orb/ORB_SLAM3/include/KeyFrame.h:28[m[K,
[15.189s]                  from [01m[K/home/orb/ORB_SLAM3/include/MapPoint.h:23[m[K,
[15.190s]                  from [01m[K/root/colcon_ws/src/orb_slam3_ros2_wrapper/include/orb_slam3_ros2_wrapper/type_conversion.hpp:26[m[K,
[15.190s]                  from [01m[K/root/colcon_ws/src/orb_slam3_ros2_wrapper/tests/typeConversionsTests.cpp:5[m[K:
[15.190s] [01m[K/home/orb/ORB_SLAM3/Thirdparty/g2o/g2o/types/../core/base_binary_edge.h:60:82:[m[K [01;35m[Kwarning: [m[K‘[01m[KEigen::AlignedBit[m[K’ is deprecated [[01;35m[K-Wdeprecated-declarations[m[K]
[15.190s]    60 |       typedef Eigen::Map<Matrix<double, Dj, Di>, Matrix<double, Dj, Di>::Flags & [01;35m[KAlignedBit[m[K ? Aligned : Unaligned > HessianBlockTransposedType;
[15.190s]       |                                                                                  [01;35m[K^~~~~~~~~~[m[K
[15.190s] In file included from [01m[K/usr/include/eigen3/Eigen/Core:161[m[K,
[15.190s]                  from [01m[K/usr/include/eigen3/Eigen/Dense:1[m[K,
[15.191s]                  from [01m[K/root/colcon_ws/src/orb_slam3_ros2_wrapper/tests/typeConversionsTests.cpp:3[m[K:
[15.191s] [01m[K/usr/include/eigen3/Eigen/src/Core/util/Constants.h:167:37:[m[K [01;36m[Knote: [m[Kdeclared here
[15.191s]   167 | EIGEN_DEPRECATED const unsigned int [01;36m[KAlignedBit[m[K = 0x80;
[15.195s]       |                                     [01;36m[K^~~~~~~~~~[m[K
[15.211s] In file included from [01m[K/home/orb/ORB_SLAM3/Thirdparty/g2o/g2o/types/types_six_dof_expmap.h:38[m[K,
[15.211s]                  from [01m[K/home/orb/ORB_SLAM3/include/Converter.h:26[m[K,
[15.211s]                  from [01m[K/home/orb/ORB_SLAM3/include/Frame.h:33[m[K,
[15.212s]                  from [01m[K/home/orb/ORB_SLAM3/include/KeyFrame.h:28[m[K,
[15.212s]                  from [01m[K/home/orb/ORB_SLAM3/include/MapPoint.h:23[m[K,
[15.212s]                  from [01m[K/root/colcon_ws/src/orb_slam3_ros2_wrapper/include/orb_slam3_ros2_wrapper/type_conversion.hpp:26[m[K,
[15.213s]                  from [01m[K/root/colcon_ws/src/orb_slam3_ros2_wrapper/src/rgbd/rgbd-slam-node.hpp:40[m[K,
[15.213s]                  from [01m[K/root/colcon_ws/src/orb_slam3_ros2_wrapper/src/rgbd/rgbd-slam-node.cpp:6[m[K:
[15.213s] /home/orb/ORB_SLAM3/Thirdparty/g2o/g2o/types/../core/base_binary_edge.h: In instantiation of ‘[01m[Kclass g2o::BaseBinaryEdge<3, Eigen::Matrix<double, 3, 1>, g2o::VertexSBAPointXYZ, g2o::VertexSE3Expmap>[m[K’:
[15.213s] [01m[K/home/orb/ORB_SLAM3/Thirdparty/g2o/g2o/types/types_six_dof_expmap.h:146:41:[m[K   required from here
[15.214s] [01m[K/home/orb/ORB_SLAM3/Thirdparty/g2o/g2o/types/../core/base_binary_edge.h:59:80:[m[K [01;35m[Kwarning: [m[K‘[01m[KEigen::AlignedBit[m[K’ is deprecated [[01;35m[K-Wdeprecated-declarations[m[K]
[15.214s]    59 |       typedef Eigen::Map<Matrix<double, Di, Dj>, Matrix<double, Di, Dj>::[01;35m[KFlags & AlignedBit[m[K ? Aligned : Unaligned > HessianBlockType;
[15.214s]       |                                                                          [01;35m[K~~~~~~^~~~~~~~~~~~[m[K
[15.214s] In file included from [01m[K/usr/include/eigen3/Eigen/Core:161[m[K,
[15.214s]                  from [01m[K/root/colcon_ws/src/orb_slam3_ros2_wrapper/include/orb_slam3_ros2_wrapper/type_conversion.hpp:10[m[K,
[15.214s]                  from [01m[K/root/colcon_ws/src/orb_slam3_ros2_wrapper/src/rgbd/rgbd-slam-node.hpp:40[m[K,
[15.214s]                  from [01m[K/root/colcon_ws/src/orb_slam3_ros2_wrapper/src/rgbd/rgbd-slam-node.cpp:6[m[K:
[15.214s] [01m[K/usr/include/eigen3/Eigen/src/Core/util/Constants.h:167:37:[m[K [01;36m[Knote: [m[Kdeclared here
[15.215s]   167 | EIGEN_DEPRECATED const unsigned int [01;36m[KAlignedBit[m[K = 0x80;
[15.215s]       |                                     [01;36m[K^~~~~~~~~~[m[K
[15.215s] In file included from [01m[K/home/orb/ORB_SLAM3/Thirdparty/g2o/g2o/types/types_six_dof_expmap.h:38[m[K,
[15.215s]                  from [01m[K/home/orb/ORB_SLAM3/include/Converter.h:26[m[K,
[15.215s]                  from [01m[K/home/orb/ORB_SLAM3/include/Frame.h:33[m[K,
[15.215s]                  from [01m[K/home/orb/ORB_SLAM3/include/KeyFrame.h:28[m[K,
[15.215s]                  from [01m[K/home/orb/ORB_SLAM3/include/MapPoint.h:23[m[K,
[15.215s]                  from [01m[K/root/colcon_ws/src/orb_slam3_ros2_wrapper/include/orb_slam3_ros2_wrapper/type_conversion.hpp:26[m[K,
[15.216s]                  from [01m[K/root/colcon_ws/src/orb_slam3_ros2_wrapper/src/rgbd/rgbd-slam-node.hpp:40[m[K,
[15.216s]                  from [01m[K/root/colcon_ws/src/orb_slam3_ros2_wrapper/src/rgbd/rgbd-slam-node.cpp:6[m[K:
[15.216s] [01m[K/home/orb/ORB_SLAM3/Thirdparty/g2o/g2o/types/../core/base_binary_edge.h:60:80:[m[K [01;35m[Kwarning: [m[K‘[01m[KEigen::AlignedBit[m[K’ is deprecated [[01;35m[K-Wdeprecated-declarations[m[K]
[15.223s]    60 |       typedef Eigen::Map<Matrix<double, Dj, Di>, Matrix<double, Dj, Di>::[01;35m[KFlags & AlignedBit[m[K ? Aligned : Unaligned > HessianBlockTransposedType;
[15.223s]       |                                                                          [01;35m[K~~~~~~^~~~~~~~~~~~[m[K
[15.223s] In file included from [01m[K/usr/include/eigen3/Eigen/Core:161[m[K,
[15.224s]                  from [01m[K/root/colcon_ws/src/orb_slam3_ros2_wrapper/include/orb_slam3_ros2_wrapper/type_conversion.hpp:10[m[K,
[15.224s]                  from [01m[K/root/colcon_ws/src/orb_slam3_ros2_wrapper/src/rgbd/rgbd-slam-node.hpp:40[m[K,
[15.224s]                  from [01m[K/root/colcon_ws/src/orb_slam3_ros2_wrapper/src/rgbd/rgbd-slam-node.cpp:6[m[K:
[15.224s] [01m[K/usr/include/eigen3/Eigen/src/Core/util/Constants.h:167:37:[m[K [01;36m[Knote: [m[Kdeclared here
[15.224s]   167 | EIGEN_DEPRECATED const unsigned int [01;36m[KAlignedBit[m[K = 0x80;
[15.224s]       |                                     [01;36m[K^~~~~~~~~~[m[K
[15.292s] In file included from [01m[K/home/orb/ORB_SLAM3/Thirdparty/g2o/g2o/types/types_six_dof_expmap.h:41[m[K,
[15.292s]                  from [01m[K/home/orb/ORB_SLAM3/include/Converter.h:26[m[K,
[15.293s]                  from [01m[K/home/orb/ORB_SLAM3/include/Frame.h:33[m[K,
[15.293s]                  from [01m[K/home/orb/ORB_SLAM3/include/KeyFrame.h:28[m[K,
[15.293s]                  from [01m[K/home/orb/ORB_SLAM3/include/MapPoint.h:23[m[K,
[15.293s]                  from [01m[K/root/colcon_ws/src/orb_slam3_ros2_wrapper/include/orb_slam3_ros2_wrapper/type_conversion.hpp:26[m[K,
[15.293s]                  from [01m[K/root/colcon_ws/src/orb_slam3_ros2_wrapper/tests/typeConversionsTests.cpp:5[m[K:
[15.294s] [01m[K/home/orb/ORB_SLAM3/Thirdparty/g2o/g2o/types/se3quat.h:43:38:[m[K [01;35m[Kwarning: [m[Kextra ‘[01m[K;[m[K’ [[01;35m[K-Wpedantic[m[K]
[15.294s]    43 |       EIGEN_MAKE_ALIGNED_OPERATOR_NEW[01;35m[K;[m[K
[15.294s]       |                                      [01;35m[K^[m[K
[15.294s]       |                                      [31m[K-[m[K
[15.296s] In file included from [01m[K/home/orb/ORB_SLAM3/Thirdparty/g2o/g2o/types/types_six_dof_expmap.h:38[m[K,
[15.297s]                  from [01m[K/home/orb/ORB_SLAM3/include/Converter.h:26[m[K,
[15.297s]                  from [01m[K/home/orb/ORB_SLAM3/include/Frame.h:33[m[K,
[15.297s]                  from [01m[K/home/orb/ORB_SLAM3/include/KeyFrame.h:28[m[K,
[15.297s]                  from [01m[K/home/orb/ORB_SLAM3/include/MapPoint.h:23[m[K,
[15.297s]                  from [01m[K/home/orb/ORB_SLAM3/include/FrameDrawer.h:24[m[K,
[15.297s]                  from [01m[K/home/orb/ORB_SLAM3/include/Viewer.h:23[m[K,
[15.297s]                  from [01m[K/home/orb/ORB_SLAM3/include/Tracking.h:26[m[K,
[15.297s]                  from [01m[K/home/orb/ORB_SLAM3/include/System.h:31[m[K,
[15.298s]                  from [01m[K/root/colcon_ws/src/orb_slam3_ros2_wrapper/include/orb_slam3_ros2_wrapper/orb_slam3_interface.hpp:28[m[K,
[15.298s]                  from [01m[K/root/colcon_ws/src/orb_slam3_ros2_wrapper/src/orb_slam3_interface.cpp:6[m[K:
[15.298s] /home/orb/ORB_SLAM3/Thirdparty/g2o/g2o/types/../core/base_binary_edge.h: In instantiation of ‘[01m[Kclass g2o::BaseBinaryEdge<2, Eigen::Matrix<double, 2, 1>, g2o::VertexSBAPointXYZ, g2o::VertexSE3Expmap>[m[K’:
[15.298s] [01m[K/home/orb/ORB_SLAM3/Thirdparty/g2o/g2o/types/types_six_dof_expmap.h:114:35:[m[K   required from here
[15.298s] [01m[K/home/orb/ORB_SLAM3/Thirdparty/g2o/g2o/types/../core/base_binary_edge.h:59:80:[m[K [01;35m[Kwarning: [m[K‘[01m[KEigen::AlignedBit[m[K’ is deprecated [[01;35m[K-Wdeprecated-declarations[m[K]
[15.298s]    59 |       typedef Eigen::Map<Matrix<double, Di, Dj>, Matrix<double, Di, Dj>::[01;35m[KFlags & AlignedBit[m[K ? Aligned : Unaligned > HessianBlockType;
[15.298s]       |                                                                          [01;35m[K~~~~~~^~~~~~~~~~~~[m[K
[15.298s] In file included from [01m[K/usr/include/eigen3/Eigen/Core:161[m[K,
[15.298s]                  from [01m[K/root/colcon_ws/src/orb_slam3_ros2_wrapper/include/orb_slam3_ros2_wrapper/orb_slam3_interface.hpp:12[m[K,
[15.299s]                  from [01m[K/root/colcon_ws/src/orb_slam3_ros2_wrapper/src/orb_slam3_interface.cpp:6[m[K:
[15.299s] [01m[K/usr/include/eigen3/Eigen/src/Core/util/Constants.h:167:37:[m[K [01;36m[Knote: [m[Kdeclared here
[15.299s]   167 | EIGEN_DEPRECATED const unsigned int [01;36m[KAlignedBit[m[K = 0x80;
[15.299s]       |                                     [01;36m[K^~~~~~~~~~[m[K
[15.331s] In file included from [01m[K/home/orb/ORB_SLAM3/Thirdparty/g2o/g2o/types/types_six_dof_expmap.h:38[m[K,
[15.331s]                  from [01m[K/home/orb/ORB_SLAM3/include/Converter.h:26[m[K,
[15.332s]                  from [01m[K/home/orb/ORB_SLAM3/include/Frame.h:33[m[K,
[15.332s]                  from [01m[K/home/orb/ORB_SLAM3/include/KeyFrame.h:28[m[K,
[15.332s]                  from [01m[K/home/orb/ORB_SLAM3/include/MapPoint.h:23[m[K,
[15.332s]                  from [01m[K/home/orb/ORB_SLAM3/include/FrameDrawer.h:24[m[K,
[15.332s]                  from [01m[K/home/orb/ORB_SLAM3/include/Viewer.h:23[m[K,
[15.332s]                  from [01m[K/home/orb/ORB_SLAM3/include/Tracking.h:26[m[K,
[15.332s]                  from [01m[K/home/orb/ORB_SLAM3/include/System.h:31[m[K,
[15.332s]                  from [01m[K/root/colcon_ws/src/orb_slam3_ros2_wrapper/include/orb_slam3_ros2_wrapper/orb_slam3_interface.hpp:28[m[K,
[15.332s]                  from [01m[K/root/colcon_ws/src/orb_slam3_ros2_wrapper/src/orb_slam3_interface.cpp:6[m[K:
[15.333s] [01m[K/home/orb/ORB_SLAM3/Thirdparty/g2o/g2o/types/../core/base_binary_edge.h:60:80:[m[K [01;35m[Kwarning: [m[K‘[01m[KEigen::AlignedBit[m[K’ is deprecated [[01;35m[K-Wdeprecated-declarations[m[K]
[15.333s]    60 |       typedef Eigen::Map<Matrix<double, Dj, Di>, Matrix<double, Dj, Di>::[01;35m[KFlags & AlignedBit[m[K ? Aligned : Unaligned > HessianBlockTransposedType;
[15.333s]       |                                                                          [01;35m[K~~~~~~^~~~~~~~~~~~[m[K
[15.333s] In file included from [01m[K/usr/include/eigen3/Eigen/Core:161[m[K,
[15.333s]                  from [01m[K/root/colcon_ws/src/orb_slam3_ros2_wrapper/include/orb_slam3_ros2_wrapper/orb_slam3_interface.hpp:12[m[K,
[15.333s]                  from [01m[K/root/colcon_ws/src/orb_slam3_ros2_wrapper/src/orb_slam3_interface.cpp:6[m[K:
[15.333s] [01m[K/usr/include/eigen3/Eigen/src/Core/util/Constants.h:167:37:[m[K [01;36m[Knote: [m[Kdeclared here
[15.333s]   167 | EIGEN_DEPRECATED const unsigned int [01;36m[KAlignedBit[m[K = 0x80;
[15.333s]       |                                     [01;36m[K^~~~~~~~~~[m[K
[15.458s] In file included from [01m[K/home/orb/ORB_SLAM3/Thirdparty/g2o/g2o/types/types_six_dof_expmap.h:38[m[K,
[15.458s]                  from [01m[K/home/orb/ORB_SLAM3/include/Converter.h:26[m[K,
[15.458s]                  from [01m[K/home/orb/ORB_SLAM3/include/Frame.h:33[m[K,
[15.458s]                  from [01m[K/home/orb/ORB_SLAM3/include/KeyFrame.h:28[m[K,
[15.458s]                  from [01m[K/home/orb/ORB_SLAM3/include/MapPoint.h:23[m[K,
[15.458s]                  from [01m[K/home/orb/ORB_SLAM3/include/FrameDrawer.h:24[m[K,
[15.459s]                  from [01m[K/home/orb/ORB_SLAM3/include/Viewer.h:23[m[K,
[15.459s]                  from [01m[K/home/orb/ORB_SLAM3/include/Tracking.h:26[m[K,
[15.459s]                  from [01m[K/home/orb/ORB_SLAM3/include/System.h:31[m[K,
[15.459s]                  from [01m[K/root/colcon_ws/src/orb_slam3_ros2_wrapper/include/orb_slam3_ros2_wrapper/orb_slam3_interface.hpp:28[m[K,
[15.459s]                  from [01m[K/root/colcon_ws/src/orb_slam3_ros2_wrapper/src/orb_slam3_interface.cpp:6[m[K:
[15.459s] /home/orb/ORB_SLAM3/Thirdparty/g2o/g2o/types/../core/base_binary_edge.h: In instantiation of ‘[01m[Kclass g2o::BaseBinaryEdge<3, Eigen::Matrix<double, 3, 1>, g2o::VertexSBAPointXYZ, g2o::VertexSE3Expmap>[m[K’:
[15.459s] [01m[K/home/orb/ORB_SLAM3/Thirdparty/g2o/g2o/types/types_six_dof_expmap.h:146:41:[m[K   required from here
[15.459s] [01m[K/home/orb/ORB_SLAM3/Thirdparty/g2o/g2o/types/../core/base_binary_edge.h:59:80:[m[K [01;35m[Kwarning: [m[K‘[01m[KEigen::AlignedBit[m[K’ is deprecated [[01;35m[K-Wdeprecated-declarations[m[K]
[15.460s]    59 |       typedef Eigen::Map<Matrix<double, Di, Dj>, Matrix<double, Di, Dj>::[01;35m[KFlags & AlignedBit[m[K ? Aligned : Unaligned > HessianBlockType;
[15.460s]       |                                                                          [01;35m[K~~~~~~^~~~~~~~~~~~[m[K
[15.460s] In file included from [01m[K/usr/include/eigen3/Eigen/Core:161[m[K,
[15.460s]                  from [01m[K/root/colcon_ws/src/orb_slam3_ros2_wrapper/include/orb_slam3_ros2_wrapper/orb_slam3_interface.hpp:12[m[K,
[15.460s]                  from [01m[K/root/colcon_ws/src/orb_slam3_ros2_wrapper/src/orb_slam3_interface.cpp:6[m[K:
[15.460s] [01m[K/usr/include/eigen3/Eigen/src/Core/util/Constants.h:167:37:[m[K [01;36m[Knote: [m[Kdeclared here
[15.460s]   167 | EIGEN_DEPRECATED const unsigned int [01;36m[KAlignedBit[m[K = 0x80;
[15.460s]       |                                     [01;36m[K^~~~~~~~~~[m[K
[15.460s] In file included from [01m[K/home/orb/ORB_SLAM3/Thirdparty/g2o/g2o/types/types_six_dof_expmap.h:38[m[K,
[15.461s]                  from [01m[K/home/orb/ORB_SLAM3/include/Converter.h:26[m[K,
[15.461s]                  from [01m[K/home/orb/ORB_SLAM3/include/Frame.h:33[m[K,
[15.461s]                  from [01m[K/home/orb/ORB_SLAM3/include/KeyFrame.h:28[m[K,
[15.461s]                  from [01m[K/home/orb/ORB_SLAM3/include/MapPoint.h:23[m[K,
[15.463s]                  from [01m[K/home/orb/ORB_SLAM3/include/FrameDrawer.h:24[m[K,
[15.463s]                  from [01m[K/home/orb/ORB_SLAM3/include/Viewer.h:23[m[K,
[15.463s]                  from [01m[K/home/orb/ORB_SLAM3/include/Tracking.h:26[m[K,
[15.463s]                  from [01m[K/home/orb/ORB_SLAM3/include/System.h:31[m[K,
[15.463s]                  from [01m[K/root/colcon_ws/src/orb_slam3_ros2_wrapper/include/orb_slam3_ros2_wrapper/orb_slam3_interface.hpp:28[m[K,
[15.463s]                  from [01m[K/root/colcon_ws/src/orb_slam3_ros2_wrapper/src/orb_slam3_interface.cpp:6[m[K:
[15.463s] [01m[K/home/orb/ORB_SLAM3/Thirdparty/g2o/g2o/types/../core/base_binary_edge.h:60:80:[m[K [01;35m[Kwarning: [m[K‘[01m[KEigen::AlignedBit[m[K’ is deprecated [[01;35m[K-Wdeprecated-declarations[m[K]
[15.463s]    60 |       typedef Eigen::Map<Matrix<double, Dj, Di>, Matrix<double, Dj, Di>::[01;35m[KFlags & AlignedBit[m[K ? Aligned : Unaligned > HessianBlockTransposedType;
[15.464s]       |                                                                          [01;35m[K~~~~~~^~~~~~~~~~~~[m[K
[15.464s] In file included from [01m[K/usr/include/eigen3/Eigen/Core:161[m[K,
[15.464s]                  from [01m[K/root/colcon_ws/src/orb_slam3_ros2_wrapper/include/orb_slam3_ros2_wrapper/orb_slam3_interface.hpp:12[m[K,
[15.464s]                  from [01m[K/root/colcon_ws/src/orb_slam3_ros2_wrapper/src/orb_slam3_interface.cpp:6[m[K:
[15.464s] [01m[K/usr/include/eigen3/Eigen/src/Core/util/Constants.h:167:37:[m[K [01;36m[Knote: [m[Kdeclared here
[15.464s]   167 | EIGEN_DEPRECATED const unsigned int [01;36m[KAlignedBit[m[K = 0x80;
[15.464s]       |                                     [01;36m[K^~~~~~~~~~[m[K
[15.751s] In file included from [01m[K/home/orb/ORB_SLAM3/Thirdparty/g2o/g2o/types/types_six_dof_expmap.h:37[m[K,
[15.751s]                  from [01m[K/home/orb/ORB_SLAM3/include/Converter.h:26[m[K,
[15.752s]                  from [01m[K/home/orb/ORB_SLAM3/include/Frame.h:33[m[K,
[15.752s]                  from [01m[K/home/orb/ORB_SLAM3/include/KeyFrame.h:28[m[K,
[15.752s]                  from [01m[K/home/orb/ORB_SLAM3/include/MapPoint.h:23[m[K,
[15.752s]                  from [01m[K/root/colcon_ws/src/orb_slam3_ros2_wrapper/include/orb_slam3_ros2_wrapper/type_conversion.hpp:26[m[K,
[15.752s]                  from [01m[K/root/colcon_ws/src/orb_slam3_ros2_wrapper/src/rgbd/rgbd-slam-node.hpp:40[m[K,
[15.752s]                  from [01m[K/root/colcon_ws/src/orb_slam3_ros2_wrapper/src/rgbd/rgbd.cpp:7[m[K:
[15.752s] /home/orb/ORB_SLAM3/Thirdparty/g2o/g2o/types/../core/base_vertex.h: In instantiation of ‘[01m[Kclass g2o::BaseVertex<7, g2o::Sim3>[m[K’:
[15.752s] [01m[K/home/orb/ORB_SLAM3/Thirdparty/g2o/g2o/types/types_seven_dof_expmap.h:48:35:[m[K   required from here
[15.752s] [01m[K/home/orb/ORB_SLAM3/Thirdparty/g2o/g2o/types/../core/base_vertex.h:62:72:[m[K [01;35m[Kwarning: [m[K‘[01m[KEigen::AlignedBit[m[K’ is deprecated [[01;35m[K-Wdeprecated-declarations[m[K]
[15.753s]    62 |     typedef Eigen::Map<Matrix<double, D, D>, Matrix<double,D,D>::[01;35m[KFlags & AlignedBit[m[K ? Aligned : Unaligned >  HessianBlockType;
[15.753s]       |                                                                  [01;35m[K~~~~~~^~~~~~~~~~~~[m[K
[15.753s] In file included from [01m[K/usr/include/eigen3/Eigen/Core:161[m[K,
[15.753s]                  from [01m[K/root/colcon_ws/src/orb_slam3_ros2_wrapper/include/orb_slam3_ros2_wrapper/type_conversion.hpp:10[m[K,
[15.753s]                  from [01m[K/root/colcon_ws/src/orb_slam3_ros2_wrapper/src/rgbd/rgbd-slam-node.hpp:40[m[K,
[15.753s]                  from [01m[K/root/colcon_ws/src/orb_slam3_ros2_wrapper/src/rgbd/rgbd.cpp:7[m[K:
[15.753s] [01m[K/usr/include/eigen3/Eigen/src/Core/util/Constants.h:167:37:[m[K [01;36m[Knote: [m[Kdeclared here
[15.753s]   167 | EIGEN_DEPRECATED const unsigned int [01;36m[KAlignedBit[m[K = 0x80;
[15.753s]       |                                     [01;36m[K^~~~~~~~~~[m[K
[15.819s] In file included from [01m[K/home/orb/ORB_SLAM3/Thirdparty/g2o/g2o/types/types_six_dof_expmap.h:38[m[K,
[15.819s]                  from [01m[K/home/orb/ORB_SLAM3/include/Converter.h:26[m[K,
[15.819s]                  from [01m[K/home/orb/ORB_SLAM3/include/Frame.h:33[m[K,
[15.820s]                  from [01m[K/home/orb/ORB_SLAM3/include/KeyFrame.h:28[m[K,
[15.820s]                  from [01m[K/home/orb/ORB_SLAM3/include/MapPoint.h:23[m[K,
[15.820s]                  from [01m[K/root/colcon_ws/src/orb_slam3_ros2_wrapper/include/orb_slam3_ros2_wrapper/type_conversion.hpp:26[m[K,
[15.820s]                  from [01m[K/root/colcon_ws/src/orb_slam3_ros2_wrapper/src/rgbd/rgbd-slam-node.hpp:40[m[K,
[15.820s]                  from [01m[K/root/colcon_ws/src/orb_slam3_ros2_wrapper/src/rgbd/rgbd.cpp:7[m[K:
[15.820s] /home/orb/ORB_SLAM3/Thirdparty/g2o/g2o/types/../core/base_binary_edge.h: In instantiation of ‘[01m[Kclass g2o::BaseBinaryEdge<7, g2o::Sim3, g2o::VertexSim3Expmap, g2o::VertexSim3Expmap>[m[K’:
[15.820s] [01m[K/home/orb/ORB_SLAM3/Thirdparty/g2o/g2o/types/types_seven_dof_expmap.h:99:27:[m[K   required from here
[15.820s] [01m[K/home/orb/ORB_SLAM3/Thirdparty/g2o/g2o/types/../core/base_binary_edge.h:59:80:[m[K [01;35m[Kwarning: [m[K‘[01m[KEigen::AlignedBit[m[K’ is deprecated [[01;35m[K-Wdeprecated-declarations[m[K]
[15.821s]    59 |       typedef Eigen::Map<Matrix<double, Di, Dj>, Matrix<double, Di, Dj>::[01;35m[KFlags & AlignedBit[m[K ? Aligned : Unaligned > HessianBlockType;
[15.821s]       |                                                                          [01;35m[K~~~~~~^~~~~~~~~~~~[m[K
[15.821s] In file included from [01m[K/usr/include/eigen3/Eigen/Core:161[m[K,
[15.821s]                  from [01m[K/root/colcon_ws/src/orb_slam3_ros2_wrapper/include/orb_slam3_ros2_wrapper/type_conversion.hpp:10[m[K,
[15.821s]                  from [01m[K/root/colcon_ws/src/orb_slam3_ros2_wrapper/src/rgbd/rgbd-slam-node.hpp:40[m[K,
[15.821s]                  from [01m[K/root/colcon_ws/src/orb_slam3_ros2_wrapper/src/rgbd/rgbd.cpp:7[m[K:
[15.821s] [01m[K/usr/include/eigen3/Eigen/src/Core/util/Constants.h:167:37:[m[K [01;36m[Knote: [m[Kdeclared here
[15.821s]   167 | EIGEN_DEPRECATED const unsigned int [01;36m[KAlignedBit[m[K = 0x80;
[15.822s]       |                                     [01;36m[K^~~~~~~~~~[m[K
[15.822s] In file included from [01m[K/home/orb/ORB_SLAM3/Thirdparty/g2o/g2o/types/types_six_dof_expmap.h:38[m[K,
[15.822s]                  from [01m[K/home/orb/ORB_SLAM3/include/Converter.h:26[m[K,
[15.822s]                  from [01m[K/home/orb/ORB_SLAM3/include/Frame.h:33[m[K,
[15.822s]                  from [01m[K/home/orb/ORB_SLAM3/include/KeyFrame.h:28[m[K,
[15.822s]                  from [01m[K/home/orb/ORB_SLAM3/include/MapPoint.h:23[m[K,
[15.822s]                  from [01m[K/root/colcon_ws/src/orb_slam3_ros2_wrapper/include/orb_slam3_ros2_wrapper/type_conversion.hpp:26[m[K,
[15.822s]                  from [01m[K/root/colcon_ws/src/orb_slam3_ros2_wrapper/src/rgbd/rgbd-slam-node.hpp:40[m[K,
[15.822s]                  from [01m[K/root/colcon_ws/src/orb_slam3_ros2_wrapper/src/rgbd/rgbd.cpp:7[m[K:
[15.823s] [01m[K/home/orb/ORB_SLAM3/Thirdparty/g2o/g2o/types/../core/base_binary_edge.h:60:80:[m[K [01;35m[Kwarning: [m[K‘[01m[KEigen::AlignedBit[m[K’ is deprecated [[01;35m[K-Wdeprecated-declarations[m[K]
[15.823s]    60 |       typedef Eigen::Map<Matrix<double, Dj, Di>, Matrix<double, Dj, Di>::[01;35m[KFlags & AlignedBit[m[K ? Aligned : Unaligned > HessianBlockTransposedType;
[15.823s]       |                                                                          [01;35m[K~~~~~~^~~~~~~~~~~~[m[K
[15.830s] In file included from [01m[K/usr/include/eigen3/Eigen/Core:161[m[K,
[15.830s]                  from [01m[K/root/colcon_ws/src/orb_slam3_ros2_wrapper/include/orb_slam3_ros2_wrapper/type_conversion.hpp:10[m[K,
[15.830s]                  from [01m[K/root/colcon_ws/src/orb_slam3_ros2_wrapper/src/rgbd/rgbd-slam-node.hpp:40[m[K,
[15.831s]                  from [01m[K/root/colcon_ws/src/orb_slam3_ros2_wrapper/src/rgbd/rgbd.cpp:7[m[K:
[15.831s] [01m[K/usr/include/eigen3/Eigen/src/Core/util/Constants.h:167:37:[m[K [01;36m[Knote: [m[Kdeclared here
[15.831s]   167 | EIGEN_DEPRECATED const unsigned int [01;36m[KAlignedBit[m[K = 0x80;
[15.831s]       |                                     [01;36m[K^~~~~~~~~~[m[K
[15.831s] In file included from [01m[K/home/orb/ORB_SLAM3/Thirdparty/g2o/g2o/types/types_six_dof_expmap.h:37[m[K,
[15.831s]                  from [01m[K/home/orb/ORB_SLAM3/include/Converter.h:26[m[K,
[15.831s]                  from [01m[K/home/orb/ORB_SLAM3/include/Frame.h:33[m[K,
[15.831s]                  from [01m[K/home/orb/ORB_SLAM3/include/KeyFrame.h:28[m[K,
[15.831s]                  from [01m[K/home/orb/ORB_SLAM3/include/MapPoint.h:23[m[K,
[15.832s]                  from [01m[K/root/colcon_ws/src/orb_slam3_ros2_wrapper/include/orb_slam3_ros2_wrapper/type_conversion.hpp:26[m[K,
[15.832s]                  from [01m[K/root/colcon_ws/src/orb_slam3_ros2_wrapper/tests/typeConversionsTests.cpp:5[m[K:
[15.832s] /home/orb/ORB_SLAM3/Thirdparty/g2o/g2o/types/../core/base_vertex.h: In instantiation of ‘[01m[Kclass g2o::BaseVertex<3, Eigen::Matrix<double, 3, 1> >[m[K’:
[15.832s] [01m[K/home/orb/ORB_SLAM3/Thirdparty/g2o/g2o/types/types_sba.h:40:35:[m[K   required from here
[15.832s] [01m[K/home/orb/ORB_SLAM3/Thirdparty/g2o/g2o/types/../core/base_vertex.h:62:72:[m[K [01;35m[Kwarning: [m[K‘[01m[KEigen::AlignedBit[m[K’ is deprecated [[01;35m[K-Wdeprecated-declarations[m[K]
[15.832s]    62 |     typedef Eigen::Map<Matrix<double, D, D>, Matrix<double,D,D>::[01;35m[KFlags & AlignedBit[m[K ? Aligned : Unaligned >  HessianBlockType;
[15.832s]       |                                                                  [01;35m[K~~~~~~^~~~~~~~~~~~[m[K
[15.832s] In file included from [01m[K/usr/include/eigen3/Eigen/Core:161[m[K,
[15.833s]                  from [01m[K/usr/include/eigen3/Eigen/Dense:1[m[K,
[15.833s]                  from [01m[K/root/colcon_ws/src/orb_slam3_ros2_wrapper/tests/typeConversionsTests.cpp:3[m[K:
[15.833s] [01m[K/usr/include/eigen3/Eigen/src/Core/util/Constants.h:167:37:[m[K [01;36m[Knote: [m[Kdeclared here
[15.833s]   167 | EIGEN_DEPRECATED const unsigned int [01;36m[KAlignedBit[m[K = 0x80;
[15.833s]       |                                     [01;36m[K^~~~~~~~~~[m[K
[15.899s] In file included from [01m[K/home/orb/ORB_SLAM3/Thirdparty/g2o/g2o/types/types_six_dof_expmap.h:37[m[K,
[15.900s]                  from [01m[K/home/orb/ORB_SLAM3/include/Converter.h:26[m[K,
[15.900s]                  from [01m[K/home/orb/ORB_SLAM3/include/Frame.h:33[m[K,
[15.900s]                  from [01m[K/home/orb/ORB_SLAM3/include/KeyFrame.h:28[m[K,
[15.900s]                  from [01m[K/home/orb/ORB_SLAM3/include/MapPoint.h:23[m[K,
[15.900s]                  from [01m[K/root/colcon_ws/src/orb_slam3_ros2_wrapper/include/orb_slam3_ros2_wrapper/type_conversion.hpp:26[m[K,
[15.900s]                  from [01m[K/root/colcon_ws/src/orb_slam3_ros2_wrapper/tests/typeConversionsTests.cpp:5[m[K:
[15.900s] /home/orb/ORB_SLAM3/Thirdparty/g2o/g2o/types/../core/base_vertex.h: In instantiation of ‘[01m[Kclass g2o::BaseVertex<6, g2o::SE3Quat>[m[K’:
[15.900s] [01m[K/home/orb/ORB_SLAM3/Thirdparty/g2o/g2o/types/types_six_dof_expmap.h:59:33:[m[K   required from here
[15.901s] [01m[K/home/orb/ORB_SLAM3/Thirdparty/g2o/g2o/types/../core/base_vertex.h:62:72:[m[K [01;35m[Kwarning: [m[K‘[01m[KEigen::AlignedBit[m[K’ is deprecated [[01;35m[K-Wdeprecated-declarations[m[K]
[15.901s]    62 |     typedef Eigen::Map<Matrix<double, D, D>, Matrix<double,D,D>::[01;35m[KFlags & AlignedBit[m[K ? Aligned : Unaligned >  HessianBlockType;
[15.901s]       |                                                                  [01;35m[K~~~~~~^~~~~~~~~~~~[m[K
[15.901s] In file included from [01m[K/usr/include/eigen3/Eigen/Core:161[m[K,
[15.901s]                  from [01m[K/usr/include/eigen3/Eigen/Dense:1[m[K,
[15.901s]                  from [01m[K/root/colcon_ws/src/orb_slam3_ros2_wrapper/tests/typeConversionsTests.cpp:3[m[K:
[15.901s] [01m[K/usr/include/eigen3/Eigen/src/Core/util/Constants.h:167:37:[m[K [01;36m[Knote: [m[Kdeclared here
[15.901s]   167 | EIGEN_DEPRECATED const unsigned int [01;36m[KAlignedBit[m[K = 0x80;
[15.901s]       |                                     [01;36m[K^~~~~~~~~~[m[K
[15.903s] In file included from [01m[K/home/orb/ORB_SLAM3/Thirdparty/g2o/g2o/types/types_six_dof_expmap.h:37[m[K,
[15.904s]                  from [01m[K/home/orb/ORB_SLAM3/include/Converter.h:26[m[K,
[15.904s]                  from [01m[K/home/orb/ORB_SLAM3/include/Frame.h:33[m[K,
[15.904s]                  from [01m[K/home/orb/ORB_SLAM3/include/KeyFrame.h:28[m[K,
[15.904s]                  from [01m[K/home/orb/ORB_SLAM3/include/MapPoint.h:23[m[K,
[15.904s]                  from [01m[K/home/orb/ORB_SLAM3/include/FrameDrawer.h:24[m[K,
[15.904s]                  from [01m[K/home/orb/ORB_SLAM3/include/Viewer.h:23[m[K,
[15.904s]                  from [01m[K/home/orb/ORB_SLAM3/include/Tracking.h:26[m[K,
[15.904s]                  from [01m[K/home/orb/ORB_SLAM3/include/System.h:31[m[K,
[15.905s]                  from [01m[K/root/colcon_ws/src/orb_slam3_ros2_wrapper/include/orb_slam3_ros2_wrapper/orb_slam3_interface.hpp:28[m[K,
[15.905s]                  from [01m[K/root/colcon_ws/src/orb_slam3_ros2_wrapper/src/orb_slam3_interface.cpp:6[m[K:
[15.905s] /home/orb/ORB_SLAM3/Thirdparty/g2o/g2o/types/../core/base_vertex.h: In instantiation of ‘[01m[Kclass g2o::BaseVertex<7, g2o::Sim3>[m[K’:
[15.905s] [01m[K/home/orb/ORB_SLAM3/Thirdparty/g2o/g2o/types/types_seven_dof_expmap.h:48:35:[m[K   required from here
[15.905s] [01m[K/home/orb/ORB_SLAM3/Thirdparty/g2o/g2o/types/../core/base_vertex.h:62:72:[m[K [01;35m[Kwarning: [m[K‘[01m[KEigen::AlignedBit[m[K’ is deprecated [[01;35m[K-Wdeprecated-declarations[m[K]
[15.905s]    62 |     typedef Eigen::Map<Matrix<double, D, D>, Matrix<double,D,D>::[01;35m[KFlags & AlignedBit[m[K ? Aligned : Unaligned >  HessianBlockType;
[15.905s]       |                                                                  [01;35m[K~~~~~~^~~~~~~~~~~~[m[K
[15.905s] In file included from [01m[K/usr/include/eigen3/Eigen/Core:161[m[K,
[15.906s]                  from [01m[K/root/colcon_ws/src/orb_slam3_ros2_wrapper/include/orb_slam3_ros2_wrapper/orb_slam3_interface.hpp:12[m[K,
[15.906s]                  from [01m[K/root/colcon_ws/src/orb_slam3_ros2_wrapper/src/orb_slam3_interface.cpp:6[m[K:
[15.906s] [01m[K/usr/include/eigen3/Eigen/src/Core/util/Constants.h:167:37:[m[K [01;36m[Knote: [m[Kdeclared here
[15.906s]   167 | EIGEN_DEPRECATED const unsigned int [01;36m[KAlignedBit[m[K = 0x80;
[15.906s]       |                                     [01;36m[K^~~~~~~~~~[m[K
[15.916s] In file included from [01m[K/home/orb/ORB_SLAM3/Thirdparty/g2o/g2o/types/types_six_dof_expmap.h:38[m[K,
[15.916s]                  from [01m[K/home/orb/ORB_SLAM3/include/Converter.h:26[m[K,
[15.916s]                  from [01m[K/home/orb/ORB_SLAM3/include/Frame.h:33[m[K,
[15.917s]                  from [01m[K/home/orb/ORB_SLAM3/include/KeyFrame.h:28[m[K,
[15.917s]                  from [01m[K/home/orb/ORB_SLAM3/include/MapPoint.h:23[m[K,
[15.917s]                  from [01m[K/root/colcon_ws/src/orb_slam3_ros2_wrapper/include/orb_slam3_ros2_wrapper/type_conversion.hpp:26[m[K,
[15.917s]                  from [01m[K/root/colcon_ws/src/orb_slam3_ros2_wrapper/src/rgbd/rgbd-slam-node.hpp:40[m[K,
[15.917s]                  from [01m[K/root/colcon_ws/src/orb_slam3_ros2_wrapper/src/rgbd/rgbd.cpp:7[m[K:
[15.917s] /home/orb/ORB_SLAM3/Thirdparty/g2o/g2o/types/../core/base_binary_edge.h: In instantiation of ‘[01m[Kclass g2o::BaseBinaryEdge<2, Eigen::Matrix<double, 2, 1>, g2o::VertexSBAPointXYZ, g2o::VertexSim3Expmap>[m[K’:
[15.917s] [01m[K/home/orb/ORB_SLAM3/Thirdparty/g2o/g2o/types/types_seven_dof_expmap.h:130:36:[m[K   required from here
[15.917s] [01m[K/home/orb/ORB_SLAM3/Thirdparty/g2o/g2o/types/../core/base_binary_edge.h:59:80:[m[K [01;35m[Kwarning: [m[K‘[01m[KEigen::AlignedBit[m[K’ is deprecated [[01;35m[K-Wdeprecated-declarations[m[K]
[15.917s]    59 |       typedef Eigen::Map<Matrix<double, Di, Dj>, Matrix<double, Di, Dj>::[01;35m[KFlags & AlignedBit[m[K ? Aligned : Unaligned > HessianBlockType;
[15.918s]       |                                                                          [01;35m[K~~~~~~^~~~~~~~~~~~[m[K
[15.918s] In file included from [01m[K/usr/include/eigen3/Eigen/Core:161[m[K,
[15.940s]                  from [01m[K/root/colcon_ws/src/orb_slam3_ros2_wrapper/include/orb_slam3_ros2_wrapper/type_conversion.hpp:10[m[K,
[15.941s]                  from [01m[K/root/colcon_ws/src/orb_slam3_ros2_wrapper/src/rgbd/rgbd-slam-node.hpp:40[m[K,
[15.941s]                  from [01m[K/root/colcon_ws/src/orb_slam3_ros2_wrapper/src/rgbd/rgbd.cpp:7[m[K:
[15.941s] [01m[K/usr/include/eigen3/Eigen/src/Core/util/Constants.h:167:37:[m[K [01;36m[Knote: [m[Kdeclared here
[15.941s]   167 | EIGEN_DEPRECATED const unsigned int [01;36m[KAlignedBit[m[K = 0x80;
[15.941s]       |                                     [01;36m[K^~~~~~~~~~[m[K
[15.969s] In file included from [01m[K/home/orb/ORB_SLAM3/Thirdparty/g2o/g2o/types/types_six_dof_expmap.h:38[m[K,
[15.969s]                  from [01m[K/home/orb/ORB_SLAM3/include/Converter.h:26[m[K,
[15.969s]                  from [01m[K/home/orb/ORB_SLAM3/include/Frame.h:33[m[K,
[15.969s]                  from [01m[K/home/orb/ORB_SLAM3/include/KeyFrame.h:28[m[K,
[15.969s]                  from [01m[K/home/orb/ORB_SLAM3/include/MapPoint.h:23[m[K,
[15.969s]                  from [01m[K/root/colcon_ws/src/orb_slam3_ros2_wrapper/include/orb_slam3_ros2_wrapper/type_conversion.hpp:26[m[K,
[15.970s]                  from [01m[K/root/colcon_ws/src/orb_slam3_ros2_wrapper/tests/typeConversionsTests.cpp:5[m[K:
[15.970s] /home/orb/ORB_SLAM3/Thirdparty/g2o/g2o/types/../core/base_binary_edge.h: In instantiation of ‘[01m[Kclass g2o::BaseBinaryEdge<6, g2o::SE3Quat, g2o::VertexSE3Expmap, g2o::VertexSE3Expmap>[m[K’:
[15.970s] [01m[K/home/orb/ORB_SLAM3/Thirdparty/g2o/g2o/types/types_six_dof_expmap.h:83:24:[m[K   required from here
[15.970s] [01m[K/home/orb/ORB_SLAM3/Thirdparty/g2o/g2o/types/../core/base_binary_edge.h:59:80:[m[K [01;35m[Kwarning: [m[K‘[01m[KEigen::AlignedBit[m[K’ is deprecated [[01;35m[K-Wdeprecated-declarations[m[K]
[15.970s]    59 |       typedef Eigen::Map<Matrix<double, Di, Dj>, Matrix<double, Di, Dj>::[01;35m[KFlags & AlignedBit[m[K ? Aligned : Unaligned > HessianBlockType;
[15.970s]       |                                                                          [01;35m[K~~~~~~^~~~~~~~~~~~[m[K
[15.971s] In file included from [01m[K/usr/include/eigen3/Eigen/Core:161[m[K,
[15.971s]                  from [01m[K/usr/include/eigen3/Eigen/Dense:1[m[K,
[15.971s]                  from [01m[K/root/colcon_ws/src/orb_slam3_ros2_wrapper/tests/typeConversionsTests.cpp:3[m[K:
[15.971s] [01m[K/usr/include/eigen3/Eigen/src/Core/util/Constants.h:167:37:[m[K [01;36m[Knote: [m[Kdeclared here
[15.971s]   167 | EIGEN_DEPRECATED const unsigned int [01;36m[KAlignedBit[m[K = 0x80;
[15.971s]       |                                     [01;36m[K^~~~~~~~~~[m[K
[15.971s] In file included from [01m[K/home/orb/ORB_SLAM3/Thirdparty/g2o/g2o/types/types_six_dof_expmap.h:38[m[K,
[15.971s]                  from [01m[K/home/orb/ORB_SLAM3/include/Converter.h:26[m[K,
[15.971s]                  from [01m[K/home/orb/ORB_SLAM3/include/Frame.h:33[m[K,
[15.971s]                  from [01m[K/home/orb/ORB_SLAM3/include/KeyFrame.h:28[m[K,
[15.972s]                  from [01m[K/home/orb/ORB_SLAM3/include/MapPoint.h:23[m[K,
[15.972s]                  from [01m[K/root/colcon_ws/src/orb_slam3_ros2_wrapper/include/orb_slam3_ros2_wrapper/type_conversion.hpp:26[m[K,
[15.973s]                  from [01m[K/root/colcon_ws/src/orb_slam3_ros2_wrapper/tests/typeConversionsTests.cpp:5[m[K:
[15.973s] [01m[K/home/orb/ORB_SLAM3/Thirdparty/g2o/g2o/types/../core/base_binary_edge.h:60:80:[m[K [01;35m[Kwarning: [m[K‘[01m[KEigen::AlignedBit[m[K’ is deprecated [[01;35m[K-Wdeprecated-declarations[m[K]
[15.973s]    60 |       typedef Eigen::Map<Matrix<double, Dj, Di>, Matrix<double, Dj, Di>::[01;35m[KFlags & AlignedBit[m[K ? Aligned : Unaligned > HessianBlockTransposedType;
[15.973s]       |                                                                          [01;35m[K~~~~~~^~~~~~~~~~~~[m[K
[15.973s] In file included from [01m[K/usr/include/eigen3/Eigen/Core:161[m[K,
[15.973s]                  from [01m[K/usr/include/eigen3/Eigen/Dense:1[m[K,
[15.974s]                  from [01m[K/root/colcon_ws/src/orb_slam3_ros2_wrapper/tests/typeConversionsTests.cpp:3[m[K:
[15.974s] [01m[K/usr/include/eigen3/Eigen/src/Core/util/Constants.h:167:37:[m[K [01;36m[Knote: [m[Kdeclared here
[15.974s]   167 | EIGEN_DEPRECATED const unsigned int [01;36m[KAlignedBit[m[K = 0x80;
[15.974s]       |                                     [01;36m[K^~~~~~~~~~[m[K
[15.974s] In file included from [01m[K/home/orb/ORB_SLAM3/Thirdparty/g2o/g2o/types/types_six_dof_expmap.h:38[m[K,
[15.974s]                  from [01m[K/home/orb/ORB_SLAM3/include/Converter.h:26[m[K,
[15.974s]                  from [01m[K/home/orb/ORB_SLAM3/include/Frame.h:33[m[K,
[15.974s]                  from [01m[K/home/orb/ORB_SLAM3/include/KeyFrame.h:28[m[K,
[15.974s]                  from [01m[K/home/orb/ORB_SLAM3/include/MapPoint.h:23[m[K,
[15.974s]                  from [01m[K/home/orb/ORB_SLAM3/include/FrameDrawer.h:24[m[K,
[15.974s]                  from [01m[K/home/orb/ORB_SLAM3/include/Viewer.h:23[m[K,
[15.975s]                  from [01m[K/home/orb/ORB_SLAM3/include/Tracking.h:26[m[K,
[15.975s]                  from [01m[K/home/orb/ORB_SLAM3/include/System.h:31[m[K,
[15.975s]                  from [01m[K/root/colcon_ws/src/orb_slam3_ros2_wrapper/include/orb_slam3_ros2_wrapper/orb_slam3_interface.hpp:28[m[K,
[15.975s]                  from [01m[K/root/colcon_ws/src/orb_slam3_ros2_wrapper/src/orb_slam3_interface.cpp:6[m[K:
[15.975s] /home/orb/ORB_SLAM3/Thirdparty/g2o/g2o/types/../core/base_binary_edge.h: In instantiation of ‘[01m[Kclass g2o::BaseBinaryEdge<7, g2o::Sim3, g2o::VertexSim3Expmap, g2o::VertexSim3Expmap>[m[K’:
[15.975s] [01m[K/home/orb/ORB_SLAM3/Thirdparty/g2o/g2o/types/types_seven_dof_expmap.h:99:27:[m[K   required from here
[15.975s] [01m[K/home/orb/ORB_SLAM3/Thirdparty/g2o/g2o/types/../core/base_binary_edge.h:59:80:[m[K [01;35m[Kwarning: [m[K‘[01m[KEigen::AlignedBit[m[K’ is deprecated [[01;35m[K-Wdeprecated-declarations[m[K]
[15.975s]    59 |       typedef Eigen::Map<Matrix<double, Di, Dj>, Matrix<double, Di, Dj>::[01;35m[KFlags & AlignedBit[m[K ? Aligned : Unaligned > HessianBlockType;
[15.975s]       |                                                                          [01;35m[K~~~~~~^~~~~~~~~~~~[m[K
[15.975s] In file included from [01m[K/usr/include/eigen3/Eigen/Core:161[m[K,
[15.975s]                  from [01m[K/root/colcon_ws/src/orb_slam3_ros2_wrapper/include/orb_slam3_ros2_wrapper/orb_slam3_interface.hpp:12[m[K,
[15.976s]                  from [01m[K/root/colcon_ws/src/orb_slam3_ros2_wrapper/src/orb_slam3_interface.cpp:6[m[K:
[15.976s] [01m[K/usr/include/eigen3/Eigen/src/Core/util/Constants.h:167:37:[m[K [01;36m[Knote: [m[Kdeclared here
[15.976s]   167 | EIGEN_DEPRECATED const unsigned int [01;36m[KAlignedBit[m[K = 0x80;
[15.977s]       |                                     [01;36m[K^~~~~~~~~~[m[K
[15.977s] In file included from [01m[K/home/orb/ORB_SLAM3/Thirdparty/g2o/g2o/types/types_six_dof_expmap.h:38[m[K,
[15.977s]                  from [01m[K/home/orb/ORB_SLAM3/include/Converter.h:26[m[K,
[15.977s]                  from [01m[K/home/orb/ORB_SLAM3/include/Frame.h:33[m[K,
[15.977s]                  from [01m[K/home/orb/ORB_SLAM3/include/KeyFrame.h:28[m[K,
[15.977s]                  from [01m[K/home/orb/ORB_SLAM3/include/MapPoint.h:23[m[K,
[15.977s]                  from [01m[K/home/orb/ORB_SLAM3/include/FrameDrawer.h:24[m[K,
[15.977s]                  from [01m[K/home/orb/ORB_SLAM3/include/Viewer.h:23[m[K,
[15.977s]                  from [01m[K/home/orb/ORB_SLAM3/include/Tracking.h:26[m[K,
[15.978s]                  from [01m[K/home/orb/ORB_SLAM3/include/System.h:31[m[K,
[15.978s]                  from [01m[K/root/colcon_ws/src/orb_slam3_ros2_wrapper/include/orb_slam3_ros2_wrapper/orb_slam3_interface.hpp:28[m[K,
[15.978s]                  from [01m[K/root/colcon_ws/src/orb_slam3_ros2_wrapper/src/orb_slam3_interface.cpp:6[m[K:
[15.978s] [01m[K/home/orb/ORB_SLAM3/Thirdparty/g2o/g2o/types/../core/base_binary_edge.h:60:80:[m[K [01;35m[Kwarning: [m[K‘[01m[KEigen::AlignedBit[m[K’ is deprecated [[01;35m[K-Wdeprecated-declarations[m[K]
[15.978s]    60 |       typedef Eigen::Map<Matrix<double, Dj, Di>, Matrix<double, Dj, Di>::[01;35m[KFlags & AlignedBit[m[K ? Aligned : Unaligned > HessianBlockTransposedType;
[15.978s]       |                                                                          [01;35m[K~~~~~~^~~~~~~~~~~~[m[K
[15.978s] In file included from [01m[K/usr/include/eigen3/Eigen/Core:161[m[K,
[15.978s]                  from [01m[K/root/colcon_ws/src/orb_slam3_ros2_wrapper/include/orb_slam3_ros2_wrapper/orb_slam3_interface.hpp:12[m[K,
[15.978s]                  from [01m[K/root/colcon_ws/src/orb_slam3_ros2_wrapper/src/orb_slam3_interface.cpp:6[m[K:
[15.978s] [01m[K/usr/include/eigen3/Eigen/src/Core/util/Constants.h:167:37:[m[K [01;36m[Knote: [m[Kdeclared here
[15.979s]   167 | EIGEN_DEPRECATED const unsigned int [01;36m[KAlignedBit[m[K = 0x80;
[15.979s]       |                                     [01;36m[K^~~~~~~~~~[m[K
[15.979s] In file included from [01m[K/home/orb/ORB_SLAM3/Thirdparty/g2o/g2o/types/types_six_dof_expmap.h:38[m[K,
[15.979s]                  from [01m[K/home/orb/ORB_SLAM3/include/Converter.h:26[m[K,
[15.979s]                  from [01m[K/home/orb/ORB_SLAM3/include/Frame.h:33[m[K,
[15.979s]                  from [01m[K/home/orb/ORB_SLAM3/include/KeyFrame.h:28[m[K,
[15.979s]                  from [01m[K/home/orb/ORB_SLAM3/include/MapPoint.h:23[m[K,
[15.979s]                  from [01m[K/root/colcon_ws/src/orb_slam3_ros2_wrapper/include/orb_slam3_ros2_wrapper/type_conversion.hpp:26[m[K,
[15.979s]                  from [01m[K/root/colcon_ws/src/orb_slam3_ros2_wrapper/src/rgbd/rgbd-slam-node.hpp:40[m[K,
[15.979s]                  from [01m[K/root/colcon_ws/src/orb_slam3_ros2_wrapper/src/rgbd/rgbd.cpp:7[m[K:
[15.979s] [01m[K/home/orb/ORB_SLAM3/Thirdparty/g2o/g2o/types/../core/base_binary_edge.h:60:80:[m[K [01;35m[Kwarning: [m[K‘[01m[KEigen::AlignedBit[m[K’ is deprecated [[01;35m[K-Wdeprecated-declarations[m[K]
[15.980s]    60 |       typedef Eigen::Map<Matrix<double, Dj, Di>, Matrix<double, Dj, Di>::[01;35m[KFlags & AlignedBit[m[K ? Aligned : Unaligned > HessianBlockTransposedType;
[15.980s]       |                                                                          [01;35m[K~~~~~~^~~~~~~~~~~~[m[K
[15.992s] In file included from [01m[K/usr/include/eigen3/Eigen/Core:161[m[K,
[15.992s]                  from [01m[K/root/colcon_ws/src/orb_slam3_ros2_wrapper/include/orb_slam3_ros2_wrapper/type_conversion.hpp:10[m[K,
[15.993s]                  from [01m[K/root/colcon_ws/src/orb_slam3_ros2_wrapper/src/rgbd/rgbd-slam-node.hpp:40[m[K,
[15.993s]                  from [01m[K/root/colcon_ws/src/orb_slam3_ros2_wrapper/src/rgbd/rgbd.cpp:7[m[K:
[15.993s] [01m[K/usr/include/eigen3/Eigen/src/Core/util/Constants.h:167:37:[m[K [01;36m[Knote: [m[Kdeclared here
[16.002s]   167 | EIGEN_DEPRECATED const unsigned int [01;36m[KAlignedBit[m[K = 0x80;
[16.003s]       |                                     [01;36m[K^~~~~~~~~~[m[K
[16.087s] In file included from [01m[K/home/orb/ORB_SLAM3/Thirdparty/g2o/g2o/types/types_six_dof_expmap.h:38[m[K,
[16.088s]                  from [01m[K/home/orb/ORB_SLAM3/include/Converter.h:26[m[K,
[16.088s]                  from [01m[K/home/orb/ORB_SLAM3/include/Frame.h:33[m[K,
[16.088s]                  from [01m[K/home/orb/ORB_SLAM3/include/KeyFrame.h:28[m[K,
[16.088s]                  from [01m[K/home/orb/ORB_SLAM3/include/MapPoint.h:23[m[K,
[16.088s]                  from [01m[K/home/orb/ORB_SLAM3/include/FrameDrawer.h:24[m[K,
[16.088s]                  from [01m[K/home/orb/ORB_SLAM3/include/Viewer.h:23[m[K,
[16.088s]                  from [01m[K/home/orb/ORB_SLAM3/include/Tracking.h:26[m[K,
[16.089s]                  from [01m[K/home/orb/ORB_SLAM3/include/System.h:31[m[K,
[16.089s]                  from [01m[K/root/colcon_ws/src/orb_slam3_ros2_wrapper/include/orb_slam3_ros2_wrapper/orb_slam3_interface.hpp:28[m[K,
[16.089s]                  from [01m[K/root/colcon_ws/src/orb_slam3_ros2_wrapper/src/orb_slam3_interface.cpp:6[m[K:
[16.089s] /home/orb/ORB_SLAM3/Thirdparty/g2o/g2o/types/../core/base_binary_edge.h: In instantiation of ‘[01m[Kclass g2o::BaseBinaryEdge<2, Eigen::Matrix<double, 2, 1>, g2o::VertexSBAPointXYZ, g2o::VertexSim3Expmap>[m[K’:
[16.089s] [01m[K/home/orb/ORB_SLAM3/Thirdparty/g2o/g2o/types/types_seven_dof_expmap.h:130:36:[m[K   required from here
[16.089s] [01m[K/home/orb/ORB_SLAM3/Thirdparty/g2o/g2o/types/../core/base_binary_edge.h:59:80:[m[K [01;35m[Kwarning: [m[K‘[01m[KEigen::AlignedBit[m[K’ is deprecated [[01;35m[K-Wdeprecated-declarations[m[K]
[16.089s]    59 |       typedef Eigen::Map<Matrix<double, Di, Dj>, Matrix<double, Di, Dj>::[01;35m[KFlags & AlignedBit[m[K ? Aligned : Unaligned > HessianBlockType;
[16.090s]       |                                                                          [01;35m[K~~~~~~^~~~~~~~~~~~[m[K
[16.090s] In file included from [01m[K/usr/include/eigen3/Eigen/Core:161[m[K,
[16.090s]                  from [01m[K/root/colcon_ws/src/orb_slam3_ros2_wrapper/include/orb_slam3_ros2_wrapper/orb_slam3_interface.hpp:12[m[K,
[16.090s]                  from [01m[K/root/colcon_ws/src/orb_slam3_ros2_wrapper/src/orb_slam3_interface.cpp:6[m[K:
[16.090s] [01m[K/usr/include/eigen3/Eigen/src/Core/util/Constants.h:167:37:[m[K [01;36m[Knote: [m[Kdeclared here
[16.090s]   167 | EIGEN_DEPRECATED const unsigned int [01;36m[KAlignedBit[m[K = 0x80;
[16.091s]       |                                     [01;36m[K^~~~~~~~~~[m[K
[16.123s] In file included from [01m[K/home/orb/ORB_SLAM3/Thirdparty/g2o/g2o/types/types_six_dof_expmap.h:38[m[K,
[16.124s]                  from [01m[K/home/orb/ORB_SLAM3/include/Converter.h:26[m[K,
[16.124s]                  from [01m[K/home/orb/ORB_SLAM3/include/Frame.h:33[m[K,
[16.124s]                  from [01m[K/home/orb/ORB_SLAM3/include/KeyFrame.h:28[m[K,
[16.124s]                  from [01m[K/home/orb/ORB_SLAM3/include/MapPoint.h:23[m[K,
[16.124s]                  from [01m[K/home/orb/ORB_SLAM3/include/FrameDrawer.h:24[m[K,
[16.124s]                  from [01m[K/home/orb/ORB_SLAM3/include/Viewer.h:23[m[K,
[16.124s]                  from [01m[K/home/orb/ORB_SLAM3/include/Tracking.h:26[m[K,
[16.124s]                  from [01m[K/home/orb/ORB_SLAM3/include/System.h:31[m[K,
[16.125s]                  from [01m[K/root/colcon_ws/src/orb_slam3_ros2_wrapper/include/orb_slam3_ros2_wrapper/orb_slam3_interface.hpp:28[m[K,
[16.125s]                  from [01m[K/root/colcon_ws/src/orb_slam3_ros2_wrapper/src/orb_slam3_interface.cpp:6[m[K:
[16.125s] [01m[K/home/orb/ORB_SLAM3/Thirdparty/g2o/g2o/types/../core/base_binary_edge.h:60:80:[m[K [01;35m[Kwarning: [m[K‘[01m[KEigen::AlignedBit[m[K’ is deprecated [[01;35m[K-Wdeprecated-declarations[m[K]
[16.125s]    60 |       typedef Eigen::Map<Matrix<double, Dj, Di>, Matrix<double, Dj, Di>::[01;35m[KFlags & AlignedBit[m[K ? Aligned : Unaligned > HessianBlockTransposedType;
[16.125s]       |                                                                          [01;35m[K~~~~~~^~~~~~~~~~~~[m[K
[16.125s] In file included from [01m[K/usr/include/eigen3/Eigen/Core:161[m[K,
[16.125s]                  from [01m[K/root/colcon_ws/src/orb_slam3_ros2_wrapper/include/orb_slam3_ros2_wrapper/orb_slam3_interface.hpp:12[m[K,
[16.125s]                  from [01m[K/root/colcon_ws/src/orb_slam3_ros2_wrapper/src/orb_slam3_interface.cpp:6[m[K:
[16.125s] [01m[K/usr/include/eigen3/Eigen/src/Core/util/Constants.h:167:37:[m[K [01;36m[Knote: [m[Kdeclared here
[16.126s]   167 | EIGEN_DEPRECATED const unsigned int [01;36m[KAlignedBit[m[K = 0x80;
[16.126s]       |                                     [01;36m[K^~~~~~~~~~[m[K
[16.174s] In file included from [01m[K/home/orb/ORB_SLAM3/Thirdparty/g2o/g2o/types/types_six_dof_expmap.h:38[m[K,
[16.175s]                  from [01m[K/home/orb/ORB_SLAM3/include/Converter.h:26[m[K,
[16.175s]                  from [01m[K/home/orb/ORB_SLAM3/include/Frame.h:33[m[K,
[16.175s]                  from [01m[K/home/orb/ORB_SLAM3/include/KeyFrame.h:28[m[K,
[16.176s]                  from [01m[K/home/orb/ORB_SLAM3/include/MapPoint.h:23[m[K,
[16.176s]                  from [01m[K/root/colcon_ws/src/orb_slam3_ros2_wrapper/include/orb_slam3_ros2_wrapper/type_conversion.hpp:26[m[K,
[16.176s]                  from [01m[K/root/colcon_ws/src/orb_slam3_ros2_wrapper/tests/typeConversionsTests.cpp:5[m[K:
[16.176s] /home/orb/ORB_SLAM3/Thirdparty/g2o/g2o/types/../core/base_binary_edge.h: In instantiation of ‘[01m[Kclass g2o::BaseBinaryEdge<2, Eigen::Matrix<double, 2, 1>, g2o::VertexSBAPointXYZ, g2o::VertexSE3Expmap>[m[K’:
[16.177s] [01m[K/home/orb/ORB_SLAM3/Thirdparty/g2o/g2o/types/types_six_dof_expmap.h:114:35:[m[K   required from here
[16.177s] [01m[K/home/orb/ORB_SLAM3/Thirdparty/g2o/g2o/types/../core/base_binary_edge.h:59:80:[m[K [01;35m[Kwarning: [m[K‘[01m[KEigen::AlignedBit[m[K’ is deprecated [[01;35m[K-Wdeprecated-declarations[m[K]
[16.177s]    59 |       typedef Eigen::Map<Matrix<double, Di, Dj>, Matrix<double, Di, Dj>::[01;35m[KFlags & AlignedBit[m[K ? Aligned : Unaligned > HessianBlockType;
[16.177s]       |                                                                          [01;35m[K~~~~~~^~~~~~~~~~~~[m[K
[16.177s] In file included from [01m[K/usr/include/eigen3/Eigen/Core:161[m[K,
[16.177s]                  from [01m[K/usr/include/eigen3/Eigen/Dense:1[m[K,
[16.177s]                  from [01m[K/root/colcon_ws/src/orb_slam3_ros2_wrapper/tests/typeConversionsTests.cpp:3[m[K:
[16.177s] [01m[K/usr/include/eigen3/Eigen/src/Core/util/Constants.h:167:37:[m[K [01;36m[Knote: [m[Kdeclared here
[16.178s]   167 | EIGEN_DEPRECATED const unsigned int [01;36m[KAlignedBit[m[K = 0x80;
[16.178s]       |                                     [01;36m[K^~~~~~~~~~[m[K
[16.209s] In file included from [01m[K/home/orb/ORB_SLAM3/Thirdparty/g2o/g2o/types/types_six_dof_expmap.h:38[m[K,
[16.209s]                  from [01m[K/home/orb/ORB_SLAM3/include/Converter.h:26[m[K,
[16.209s]                  from [01m[K/home/orb/ORB_SLAM3/include/Frame.h:33[m[K,
[16.209s]                  from [01m[K/home/orb/ORB_SLAM3/include/KeyFrame.h:28[m[K,
[16.209s]                  from [01m[K/home/orb/ORB_SLAM3/include/MapPoint.h:23[m[K,
[16.209s]                  from [01m[K/root/colcon_ws/src/orb_slam3_ros2_wrapper/include/orb_slam3_ros2_wrapper/type_conversion.hpp:26[m[K,
[16.210s]                  from [01m[K/root/colcon_ws/src/orb_slam3_ros2_wrapper/tests/typeConversionsTests.cpp:5[m[K:
[16.210s] [01m[K/home/orb/ORB_SLAM3/Thirdparty/g2o/g2o/types/../core/base_binary_edge.h:60:80:[m[K [01;35m[Kwarning: [m[K‘[01m[KEigen::AlignedBit[m[K’ is deprecated [[01;35m[K-Wdeprecated-declarations[m[K]
[16.210s]    60 |       typedef Eigen::Map<Matrix<double, Dj, Di>, Matrix<double, Dj, Di>::[01;35m[KFlags & AlignedBit[m[K ? Aligned : Unaligned > HessianBlockTransposedType;
[16.210s]       |                                                                          [01;35m[K~~~~~~^~~~~~~~~~~~[m[K
[16.210s] In file included from [01m[K/usr/include/eigen3/Eigen/Core:161[m[K,
[16.210s]                  from [01m[K/usr/include/eigen3/Eigen/Dense:1[m[K,
[16.210s]                  from [01m[K/root/colcon_ws/src/orb_slam3_ros2_wrapper/tests/typeConversionsTests.cpp:3[m[K:
[16.210s] [01m[K/usr/include/eigen3/Eigen/src/Core/util/Constants.h:167:37:[m[K [01;36m[Knote: [m[Kdeclared here
[16.211s]   167 | EIGEN_DEPRECATED const unsigned int [01;36m[KAlignedBit[m[K = 0x80;
[16.211s]       |                                     [01;36m[K^~~~~~~~~~[m[K
[16.317s] In file included from [01m[K/home/orb/ORB_SLAM3/Thirdparty/g2o/g2o/types/types_six_dof_expmap.h:38[m[K,
[16.317s]                  from [01m[K/home/orb/ORB_SLAM3/include/Converter.h:26[m[K,
[16.317s]                  from [01m[K/home/orb/ORB_SLAM3/include/Frame.h:33[m[K,
[16.317s]                  from [01m[K/home/orb/ORB_SLAM3/include/KeyFrame.h:28[m[K,
[16.317s]                  from [01m[K/home/orb/ORB_SLAM3/include/MapPoint.h:23[m[K,
[16.317s]                  from [01m[K/root/colcon_ws/src/orb_slam3_ros2_wrapper/include/orb_slam3_ros2_wrapper/type_conversion.hpp:26[m[K,
[16.318s]                  from [01m[K/root/colcon_ws/src/orb_slam3_ros2_wrapper/tests/typeConversionsTests.cpp:5[m[K:
[16.318s] /home/orb/ORB_SLAM3/Thirdparty/g2o/g2o/types/../core/base_binary_edge.h: In instantiation of ‘[01m[Kclass g2o::BaseBinaryEdge<3, Eigen::Matrix<double, 3, 1>, g2o::VertexSBAPointXYZ, g2o::VertexSE3Expmap>[m[K’:
[16.318s] [01m[K/home/orb/ORB_SLAM3/Thirdparty/g2o/g2o/types/types_six_dof_expmap.h:146:41:[m[K   required from here
[16.318s] [01m[K/home/orb/ORB_SLAM3/Thirdparty/g2o/g2o/types/../core/base_binary_edge.h:59:80:[m[K [01;35m[Kwarning: [m[K‘[01m[KEigen::AlignedBit[m[K’ is deprecated [[01;35m[K-Wdeprecated-declarations[m[K]
[16.318s]    59 |       typedef Eigen::Map<Matrix<double, Di, Dj>, Matrix<double, Di, Dj>::[01;35m[KFlags & AlignedBit[m[K ? Aligned : Unaligned > HessianBlockType;
[16.318s]       |                                                                          [01;35m[K~~~~~~^~~~~~~~~~~~[m[K
[16.318s] In file included from [01m[K/usr/include/eigen3/Eigen/Core:161[m[K,
[16.318s]                  from [01m[K/usr/include/eigen3/Eigen/Dense:1[m[K,
[16.319s]                  from [01m[K/root/colcon_ws/src/orb_slam3_ros2_wrapper/tests/typeConversionsTests.cpp:3[m[K:
[16.319s] [01m[K/usr/include/eigen3/Eigen/src/Core/util/Constants.h:167:37:[m[K [01;36m[Knote: [m[Kdeclared here
[16.319s]   167 | EIGEN_DEPRECATED const unsigned int [01;36m[KAlignedBit[m[K = 0x80;
[16.319s]       |                                     [01;36m[K^~~~~~~~~~[m[K
[16.319s] In file included from [01m[K/home/orb/ORB_SLAM3/Thirdparty/g2o/g2o/types/types_six_dof_expmap.h:38[m[K,
[16.319s]                  from [01m[K/home/orb/ORB_SLAM3/include/Converter.h:26[m[K,
[16.319s]                  from [01m[K/home/orb/ORB_SLAM3/include/Frame.h:33[m[K,
[16.319s]                  from [01m[K/home/orb/ORB_SLAM3/include/KeyFrame.h:28[m[K,
[16.319s]                  from [01m[K/home/orb/ORB_SLAM3/include/MapPoint.h:23[m[K,
[16.319s]                  from [01m[K/root/colcon_ws/src/orb_slam3_ros2_wrapper/include/orb_slam3_ros2_wrapper/type_conversion.hpp:26[m[K,
[16.319s]                  from [01m[K/root/colcon_ws/src/orb_slam3_ros2_wrapper/tests/typeConversionsTests.cpp:5[m[K:
[16.320s] [01m[K/home/orb/ORB_SLAM3/Thirdparty/g2o/g2o/types/../core/base_binary_edge.h:60:80:[m[K [01;35m[Kwarning: [m[K‘[01m[KEigen::AlignedBit[m[K’ is deprecated [[01;35m[K-Wdeprecated-declarations[m[K]
[16.320s]    60 |       typedef Eigen::Map<Matrix<double, Dj, Di>, Matrix<double, Dj, Di>::[01;35m[KFlags & AlignedBit[m[K ? Aligned : Unaligned > HessianBlockTransposedType;
[16.320s]       |                                                                          [01;35m[K~~~~~~^~~~~~~~~~~~[m[K
[16.320s] In file included from [01m[K/usr/include/eigen3/Eigen/Core:161[m[K,
[16.320s]                  from [01m[K/usr/include/eigen3/Eigen/Dense:1[m[K,
[16.320s]                  from [01m[K/root/colcon_ws/src/orb_slam3_ros2_wrapper/tests/typeConversionsTests.cpp:3[m[K:
[16.320s] [01m[K/usr/include/eigen3/Eigen/src/Core/util/Constants.h:167:37:[m[K [01;36m[Knote: [m[Kdeclared here
[16.320s]   167 | EIGEN_DEPRECATED const unsigned int [01;36m[KAlignedBit[m[K = 0x80;
[16.320s]       |                                     [01;36m[K^~~~~~~~~~[m[K
[16.653s] In file included from [01m[K/home/orb/ORB_SLAM3/Thirdparty/g2o/g2o/types/types_six_dof_expmap.h:37[m[K,
[16.653s]                  from [01m[K/home/orb/ORB_SLAM3/include/Converter.h:26[m[K,
[16.653s]                  from [01m[K/home/orb/ORB_SLAM3/include/Frame.h:33[m[K,
[16.654s]                  from [01m[K/home/orb/ORB_SLAM3/include/KeyFrame.h:28[m[K,
[16.654s]                  from [01m[K/home/orb/ORB_SLAM3/include/MapPoint.h:23[m[K,
[16.654s]                  from [01m[K/root/colcon_ws/src/orb_slam3_ros2_wrapper/include/orb_slam3_ros2_wrapper/type_conversion.hpp:26[m[K,
[16.654s]                  from [01m[K/root/colcon_ws/src/orb_slam3_ros2_wrapper/src/rgbd/rgbd-slam-node.hpp:40[m[K,
[16.654s]                  from [01m[K/root/colcon_ws/src/orb_slam3_ros2_wrapper/src/rgbd/rgbd-slam-node.cpp:6[m[K:
[16.654s] /home/orb/ORB_SLAM3/Thirdparty/g2o/g2o/types/../core/base_vertex.h: In instantiation of ‘[01m[Kclass g2o::BaseVertex<7, g2o::Sim3>[m[K’:
[16.654s] [01m[K/home/orb/ORB_SLAM3/Thirdparty/g2o/g2o/types/types_seven_dof_expmap.h:48:35:[m[K   required from here
[16.654s] [01m[K/home/orb/ORB_SLAM3/Thirdparty/g2o/g2o/types/../core/base_vertex.h:62:72:[m[K [01;35m[Kwarning: [m[K‘[01m[KEigen::AlignedBit[m[K’ is deprecated [[01;35m[K-Wdeprecated-declarations[m[K]
[16.654s]    62 |     typedef Eigen::Map<Matrix<double, D, D>, Matrix<double,D,D>::[01;35m[KFlags & AlignedBit[m[K ? Aligned : Unaligned >  HessianBlockType;
[16.655s]       |                                                                  [01;35m[K~~~~~~^~~~~~~~~~~~[m[K
[16.655s] In file included from [01m[K/usr/include/eigen3/Eigen/Core:161[m[K,
[16.655s]                  from [01m[K/root/colcon_ws/src/orb_slam3_ros2_wrapper/include/orb_slam3_ros2_wrapper/type_conversion.hpp:10[m[K,
[16.655s]                  from [01m[K/root/colcon_ws/src/orb_slam3_ros2_wrapper/src/rgbd/rgbd-slam-node.hpp:40[m[K,
[16.655s]                  from [01m[K/root/colcon_ws/src/orb_slam3_ros2_wrapper/src/rgbd/rgbd-slam-node.cpp:6[m[K:
[16.655s] [01m[K/usr/include/eigen3/Eigen/src/Core/util/Constants.h:167:37:[m[K [01;36m[Knote: [m[Kdeclared here
[16.655s]   167 | EIGEN_DEPRECATED const unsigned int [01;36m[KAlignedBit[m[K = 0x80;
[16.655s]       |                                     [01;36m[K^~~~~~~~~~[m[K
[16.717s] In file included from [01m[K/home/orb/ORB_SLAM3/Thirdparty/g2o/g2o/types/types_six_dof_expmap.h:38[m[K,
[16.717s]                  from [01m[K/home/orb/ORB_SLAM3/include/Converter.h:26[m[K,
[16.717s]                  from [01m[K/home/orb/ORB_SLAM3/include/Frame.h:33[m[K,
[16.717s]                  from [01m[K/home/orb/ORB_SLAM3/include/KeyFrame.h:28[m[K,
[16.717s]                  from [01m[K/home/orb/ORB_SLAM3/include/MapPoint.h:23[m[K,
[16.717s]                  from [01m[K/root/colcon_ws/src/orb_slam3_ros2_wrapper/include/orb_slam3_ros2_wrapper/type_conversion.hpp:26[m[K,
[16.717s]                  from [01m[K/root/colcon_ws/src/orb_slam3_ros2_wrapper/src/rgbd/rgbd-slam-node.hpp:40[m[K,
[16.717s]                  from [01m[K/root/colcon_ws/src/orb_slam3_ros2_wrapper/src/rgbd/rgbd-slam-node.cpp:6[m[K:
[16.718s] /home/orb/ORB_SLAM3/Thirdparty/g2o/g2o/types/../core/base_binary_edge.h: In instantiation of ‘[01m[Kclass g2o::BaseBinaryEdge<7, g2o::Sim3, g2o::VertexSim3Expmap, g2o::VertexSim3Expmap>[m[K’:
[16.718s] [01m[K/home/orb/ORB_SLAM3/Thirdparty/g2o/g2o/types/types_seven_dof_expmap.h:99:27:[m[K   required from here
[16.718s] [01m[K/home/orb/ORB_SLAM3/Thirdparty/g2o/g2o/types/../core/base_binary_edge.h:59:80:[m[K [01;35m[Kwarning: [m[K‘[01m[KEigen::AlignedBit[m[K’ is deprecated [[01;35m[K-Wdeprecated-declarations[m[K]
[16.718s]    59 |       typedef Eigen::Map<Matrix<double, Di, Dj>, Matrix<double, Di, Dj>::[01;35m[KFlags & AlignedBit[m[K ? Aligned : Unaligned > HessianBlockType;
[16.718s]       |                                                                          [01;35m[K~~~~~~^~~~~~~~~~~~[m[K
[16.718s] In file included from [01m[K/usr/include/eigen3/Eigen/Core:161[m[K,
[16.718s]                  from [01m[K/root/colcon_ws/src/orb_slam3_ros2_wrapper/include/orb_slam3_ros2_wrapper/type_conversion.hpp:10[m[K,
[16.718s]                  from [01m[K/root/colcon_ws/src/orb_slam3_ros2_wrapper/src/rgbd/rgbd-slam-node.hpp:40[m[K,
[16.718s]                  from [01m[K/root/colcon_ws/src/orb_slam3_ros2_wrapper/src/rgbd/rgbd-slam-node.cpp:6[m[K:
[16.719s] [01m[K/usr/include/eigen3/Eigen/src/Core/util/Constants.h:167:37:[m[K [01;36m[Knote: [m[Kdeclared here
[16.719s]   167 | EIGEN_DEPRECATED const unsigned int [01;36m[KAlignedBit[m[K = 0x80;
[16.719s]       |                                     [01;36m[K^~~~~~~~~~[m[K
[16.719s] In file included from [01m[K/home/orb/ORB_SLAM3/Thirdparty/g2o/g2o/types/types_six_dof_expmap.h:38[m[K,
[16.719s]                  from [01m[K/home/orb/ORB_SLAM3/include/Converter.h:26[m[K,
[16.719s]                  from [01m[K/home/orb/ORB_SLAM3/include/Frame.h:33[m[K,
[16.719s]                  from [01m[K/home/orb/ORB_SLAM3/include/KeyFrame.h:28[m[K,
[16.719s]                  from [01m[K/home/orb/ORB_SLAM3/include/MapPoint.h:23[m[K,
[16.720s]                  from [01m[K/root/colcon_ws/src/orb_slam3_ros2_wrapper/include/orb_slam3_ros2_wrapper/type_conversion.hpp:26[m[K,
[16.720s]                  from [01m[K/root/colcon_ws/src/orb_slam3_ros2_wrapper/src/rgbd/rgbd-slam-node.hpp:40[m[K,
[16.720s]                  from [01m[K/root/colcon_ws/src/orb_slam3_ros2_wrapper/src/rgbd/rgbd-slam-node.cpp:6[m[K:
[16.720s] [01m[K/home/orb/ORB_SLAM3/Thirdparty/g2o/g2o/types/../core/base_binary_edge.h:60:80:[m[K [01;35m[Kwarning: [m[K‘[01m[KEigen::AlignedBit[m[K’ is deprecated [[01;35m[K-Wdeprecated-declarations[m[K]
[16.720s]    60 |       typedef Eigen::Map<Matrix<double, Dj, Di>, Matrix<double, Dj, Di>::[01;35m[KFlags & AlignedBit[m[K ? Aligned : Unaligned > HessianBlockTransposedType;
[16.720s]       |                                                                          [01;35m[K~~~~~~^~~~~~~~~~~~[m[K
[16.720s] In file included from [01m[K/usr/include/eigen3/Eigen/Core:161[m[K,
[16.720s]                  from [01m[K/root/colcon_ws/src/orb_slam3_ros2_wrapper/include/orb_slam3_ros2_wrapper/type_conversion.hpp:10[m[K,
[16.720s]                  from [01m[K/root/colcon_ws/src/orb_slam3_ros2_wrapper/src/rgbd/rgbd-slam-node.hpp:40[m[K,
[16.721s]                  from [01m[K/root/colcon_ws/src/orb_slam3_ros2_wrapper/src/rgbd/rgbd-slam-node.cpp:6[m[K:
[16.721s] [01m[K/usr/include/eigen3/Eigen/src/Core/util/Constants.h:167:37:[m[K [01;36m[Knote: [m[Kdeclared here
[16.721s]   167 | EIGEN_DEPRECATED const unsigned int [01;36m[KAlignedBit[m[K = 0x80;
[16.721s]       |                                     [01;36m[K^~~~~~~~~~[m[K
[16.785s] In file included from [01m[K/home/orb/ORB_SLAM3/Thirdparty/g2o/g2o/types/types_six_dof_expmap.h:37[m[K,
[16.786s]                  from [01m[K/home/orb/ORB_SLAM3/include/Converter.h:26[m[K,
[16.786s]                  from [01m[K/home/orb/ORB_SLAM3/include/Frame.h:33[m[K,
[16.786s]                  from [01m[K/home/orb/ORB_SLAM3/include/KeyFrame.h:28[m[K,
[16.786s]                  from [01m[K/home/orb/ORB_SLAM3/include/MapPoint.h:23[m[K,
[16.786s]                  from [01m[K/root/colcon_ws/src/orb_slam3_ros2_wrapper/include/orb_slam3_ros2_wrapper/type_conversion.hpp:26[m[K,
[16.786s]                  from [01m[K/root/colcon_ws/src/orb_slam3_ros2_wrapper/tests/typeConversionsTests.cpp:5[m[K:
[16.786s] /home/orb/ORB_SLAM3/Thirdparty/g2o/g2o/types/../core/base_vertex.h: In instantiation of ‘[01m[Kclass g2o::BaseVertex<7, g2o::Sim3>[m[K’:
[16.786s] [01m[K/home/orb/ORB_SLAM3/Thirdparty/g2o/g2o/types/types_seven_dof_expmap.h:48:35:[m[K   required from here
[16.786s] [01m[K/home/orb/ORB_SLAM3/Thirdparty/g2o/g2o/types/../core/base_vertex.h:62:72:[m[K [01;35m[Kwarning: [m[K‘[01m[KEigen::AlignedBit[m[K’ is deprecated [[01;35m[K-Wdeprecated-declarations[m[K]
[16.787s]    62 |     typedef Eigen::Map<Matrix<double, D, D>, Matrix<double,D,D>::[01;35m[KFlags & AlignedBit[m[K ? Aligned : Unaligned >  HessianBlockType;
[16.787s]       |                                                                  [01;35m[K~~~~~~^~~~~~~~~~~~[m[K
[16.787s] In file included from [01m[K/usr/include/eigen3/Eigen/Core:161[m[K,
[16.787s]                  from [01m[K/usr/include/eigen3/Eigen/Dense:1[m[K,
[16.787s]                  from [01m[K/root/colcon_ws/src/orb_slam3_ros2_wrapper/tests/typeConversionsTests.cpp:3[m[K:
[16.787s] [01m[K/usr/include/eigen3/Eigen/src/Core/util/Constants.h:167:37:[m[K [01;36m[Knote: [m[Kdeclared here
[16.787s]   167 | EIGEN_DEPRECATED const unsigned int [01;36m[KAlignedBit[m[K = 0x80;
[16.787s]       |                                     [01;36m[K^~~~~~~~~~[m[K
[16.820s] In file included from [01m[K/home/orb/ORB_SLAM3/Thirdparty/g2o/g2o/types/types_six_dof_expmap.h:38[m[K,
[16.820s]                  from [01m[K/home/orb/ORB_SLAM3/include/Converter.h:26[m[K,
[16.820s]                  from [01m[K/home/orb/ORB_SLAM3/include/Frame.h:33[m[K,
[16.820s]                  from [01m[K/home/orb/ORB_SLAM3/include/KeyFrame.h:28[m[K,
[16.820s]                  from [01m[K/home/orb/ORB_SLAM3/include/MapPoint.h:23[m[K,
[16.820s]                  from [01m[K/root/colcon_ws/src/orb_slam3_ros2_wrapper/include/orb_slam3_ros2_wrapper/type_conversion.hpp:26[m[K,
[16.820s]                  from [01m[K/root/colcon_ws/src/orb_slam3_ros2_wrapper/src/rgbd/rgbd-slam-node.hpp:40[m[K,
[16.821s]                  from [01m[K/root/colcon_ws/src/orb_slam3_ros2_wrapper/src/rgbd/rgbd-slam-node.cpp:6[m[K:
[16.821s] /home/orb/ORB_SLAM3/Thirdparty/g2o/g2o/types/../core/base_binary_edge.h: In instantiation of ‘[01m[Kclass g2o::BaseBinaryEdge<2, Eigen::Matrix<double, 2, 1>, g2o::VertexSBAPointXYZ, g2o::VertexSim3Expmap>[m[K’:
[16.821s] [01m[K/home/orb/ORB_SLAM3/Thirdparty/g2o/g2o/types/types_seven_dof_expmap.h:130:36:[m[K   required from here
[16.821s] [01m[K/home/orb/ORB_SLAM3/Thirdparty/g2o/g2o/types/../core/base_binary_edge.h:59:80:[m[K [01;35m[Kwarning: [m[K‘[01m[KEigen::AlignedBit[m[K’ is deprecated [[01;35m[K-Wdeprecated-declarations[m[K]
[16.821s]    59 |       typedef Eigen::Map<Matrix<double, Di, Dj>, Matrix<double, Di, Dj>::[01;35m[KFlags & AlignedBit[m[K ? Aligned : Unaligned > HessianBlockType;
[16.821s]       |                                                                          [01;35m[K~~~~~~^~~~~~~~~~~~[m[K
[16.821s] In file included from [01m[K/usr/include/eigen3/Eigen/Core:161[m[K,
[16.821s]                  from [01m[K/root/colcon_ws/src/orb_slam3_ros2_wrapper/include/orb_slam3_ros2_wrapper/type_conversion.hpp:10[m[K,
[16.821s]                  from [01m[K/root/colcon_ws/src/orb_slam3_ros2_wrapper/src/rgbd/rgbd-slam-node.hpp:40[m[K,
[16.822s]                  from [01m[K/root/colcon_ws/src/orb_slam3_ros2_wrapper/src/rgbd/rgbd-slam-node.cpp:6[m[K:
[16.822s] [01m[K/usr/include/eigen3/Eigen/src/Core/util/Constants.h:167:37:[m[K [01;36m[Knote: [m[Kdeclared here
[16.822s]   167 | EIGEN_DEPRECATED const unsigned int [01;36m[KAlignedBit[m[K = 0x80;
[16.822s]       |                                     [01;36m[K^~~~~~~~~~[m[K
[16.853s] In file included from [01m[K/home/orb/ORB_SLAM3/Thirdparty/g2o/g2o/types/types_six_dof_expmap.h:38[m[K,
[16.853s]                  from [01m[K/home/orb/ORB_SLAM3/include/Converter.h:26[m[K,
[16.853s]                  from [01m[K/home/orb/ORB_SLAM3/include/Frame.h:33[m[K,
[16.853s]                  from [01m[K/home/orb/ORB_SLAM3/include/KeyFrame.h:28[m[K,
[16.853s]                  from [01m[K/home/orb/ORB_SLAM3/include/MapPoint.h:23[m[K,
[16.853s]                  from [01m[K/root/colcon_ws/src/orb_slam3_ros2_wrapper/include/orb_slam3_ros2_wrapper/type_conversion.hpp:26[m[K,
[16.854s]                  from [01m[K/root/colcon_ws/src/orb_slam3_ros2_wrapper/tests/typeConversionsTests.cpp:5[m[K:
[16.854s] /home/orb/ORB_SLAM3/Thirdparty/g2o/g2o/types/../core/base_binary_edge.h: In instantiation of ‘[01m[Kclass g2o::BaseBinaryEdge<7, g2o::Sim3, g2o::VertexSim3Expmap, g2o::VertexSim3Expmap>[m[K’:
[16.857s] [01m[K/home/orb/ORB_SLAM3/Thirdparty/g2o/g2o/types/types_seven_dof_expmap.h:99:27:[m[K   required from here
[16.861s] [01m[K/home/orb/ORB_SLAM3/Thirdparty/g2o/g2o/types/../core/base_binary_edge.h:59:80:[m[K [01;35m[Kwarning: [m[K‘[01m[KEigen::AlignedBit[m[K’ is deprecated [[01;35m[K-Wdeprecated-declarations[m[K]
[16.861s]    59 |       typedef Eigen::Map<Matrix<double, Di, Dj>, Matrix<double, Di, Dj>::[01;35m[KFlags & AlignedBit[m[K ? Aligned : Unaligned > HessianBlockType;
[16.861s]       |                                                                          [01;35m[K~~~~~~^~~~~~~~~~~~[m[K
[16.861s] In file included from [01m[K/usr/include/eigen3/Eigen/Core:161[m[K,
[16.861s]                  from [01m[K/usr/include/eigen3/Eigen/Dense:1[m[K,
[16.861s]                  from [01m[K/root/colcon_ws/src/orb_slam3_ros2_wrapper/tests/typeConversionsTests.cpp:3[m[K:
[16.861s] [01m[K/usr/include/eigen3/Eigen/src/Core/util/Constants.h:167:37:[m[K [01;36m[Knote: [m[Kdeclared here
[16.861s]   167 | EIGEN_DEPRECATED const unsigned int [01;36m[KAlignedBit[m[K = 0x80;
[16.862s]       |                                     [01;36m[K^~~~~~~~~~[m[K
[16.862s] In file included from [01m[K/home/orb/ORB_SLAM3/Thirdparty/g2o/g2o/types/types_six_dof_expmap.h:38[m[K,
[16.862s]                  from [01m[K/home/orb/ORB_SLAM3/include/Converter.h:26[m[K,
[16.862s]                  from [01m[K/home/orb/ORB_SLAM3/include/Frame.h:33[m[K,
[16.862s]                  from [01m[K/home/orb/ORB_SLAM3/include/KeyFrame.h:28[m[K,
[16.862s]                  from [01m[K/home/orb/ORB_SLAM3/include/MapPoint.h:23[m[K,
[16.862s]                  from [01m[K/root/colcon_ws/src/orb_slam3_ros2_wrapper/include/orb_slam3_ros2_wrapper/type_conversion.hpp:26[m[K,
[16.863s]                  from [01m[K/root/colcon_ws/src/orb_slam3_ros2_wrapper/tests/typeConversionsTests.cpp:5[m[K:
[16.863s] [01m[K/home/orb/ORB_SLAM3/Thirdparty/g2o/g2o/types/../core/base_binary_edge.h:60:80:[m[K [01;35m[Kwarning: [m[K‘[01m[KEigen::AlignedBit[m[K’ is deprecated [[01;35m[K-Wdeprecated-declarations[m[K]
[16.863s]    60 |       typedef Eigen::Map<Matrix<double, Dj, Di>, Matrix<double, Dj, Di>::[01;35m[KFlags & AlignedBit[m[K ? Aligned : Unaligned > HessianBlockTransposedType;
[16.863s]       |                                                                          [01;35m[K~~~~~~^~~~~~~~~~~~[m[K
[16.863s] In file included from [01m[K/usr/include/eigen3/Eigen/Core:161[m[K,
[16.863s]                  from [01m[K/usr/include/eigen3/Eigen/Dense:1[m[K,
[16.863s]                  from [01m[K/root/colcon_ws/src/orb_slam3_ros2_wrapper/tests/typeConversionsTests.cpp:3[m[K:
[16.863s] [01m[K/usr/include/eigen3/Eigen/src/Core/util/Constants.h:167:37:[m[K [01;36m[Knote: [m[Kdeclared here
[16.864s]   167 | EIGEN_DEPRECATED const unsigned int [01;36m[KAlignedBit[m[K = 0x80;
[16.864s]       |                                     [01;36m[K^~~~~~~~~~[m[K
[16.864s] In file included from [01m[K/home/orb/ORB_SLAM3/Thirdparty/g2o/g2o/types/types_six_dof_expmap.h:38[m[K,
[16.864s]                  from [01m[K/home/orb/ORB_SLAM3/include/Converter.h:26[m[K,
[16.864s]                  from [01m[K/home/orb/ORB_SLAM3/include/Frame.h:33[m[K,
[16.864s]                  from [01m[K/home/orb/ORB_SLAM3/include/KeyFrame.h:28[m[K,
[16.864s]                  from [01m[K/home/orb/ORB_SLAM3/include/MapPoint.h:23[m[K,
[16.864s]                  from [01m[K/root/colcon_ws/src/orb_slam3_ros2_wrapper/include/orb_slam3_ros2_wrapper/type_conversion.hpp:26[m[K,
[16.865s]                  from [01m[K/root/colcon_ws/src/orb_slam3_ros2_wrapper/src/rgbd/rgbd-slam-node.hpp:40[m[K,
[16.865s]                  from [01m[K/root/colcon_ws/src/orb_slam3_ros2_wrapper/src/rgbd/rgbd-slam-node.cpp:6[m[K:
[16.865s] [01m[K/home/orb/ORB_SLAM3/Thirdparty/g2o/g2o/types/../core/base_binary_edge.h:60:80:[m[K [01;35m[Kwarning: [m[K‘[01m[KEigen::AlignedBit[m[K’ is deprecated [[01;35m[K-Wdeprecated-declarations[m[K]
[16.865s]    60 |       typedef Eigen::Map<Matrix<double, Dj, Di>, Matrix<double, Dj, Di>::[01;35m[KFlags & AlignedBit[m[K ? Aligned : Unaligned > HessianBlockTransposedType;
[16.865s]       |                                                                          [01;35m[K~~~~~~^~~~~~~~~~~~[m[K
[16.865s] In file included from [01m[K/usr/include/eigen3/Eigen/Core:161[m[K,
[16.865s]                  from [01m[K/root/colcon_ws/src/orb_slam3_ros2_wrapper/include/orb_slam3_ros2_wrapper/type_conversion.hpp:10[m[K,
[16.865s]                  from [01m[K/root/colcon_ws/src/orb_slam3_ros2_wrapper/src/rgbd/rgbd-slam-node.hpp:40[m[K,
[16.866s]                  from [01m[K/root/colcon_ws/src/orb_slam3_ros2_wrapper/src/rgbd/rgbd-slam-node.cpp:6[m[K:
[16.866s] [01m[K/usr/include/eigen3/Eigen/src/Core/util/Constants.h:167:37:[m[K [01;36m[Knote: [m[Kdeclared here
[16.866s]   167 | EIGEN_DEPRECATED const unsigned int [01;36m[KAlignedBit[m[K = 0x80;
[16.866s]       |                                     [01;36m[K^~~~~~~~~~[m[K
[16.950s] In file included from [01m[K/home/orb/ORB_SLAM3/Thirdparty/g2o/g2o/types/types_six_dof_expmap.h:38[m[K,
[16.950s]                  from [01m[K/home/orb/ORB_SLAM3/include/Converter.h:26[m[K,
[16.950s]                  from [01m[K/home/orb/ORB_SLAM3/include/Frame.h:33[m[K,
[16.950s]                  from [01m[K/home/orb/ORB_SLAM3/include/KeyFrame.h:28[m[K,
[16.950s]                  from [01m[K/home/orb/ORB_SLAM3/include/MapPoint.h:23[m[K,
[16.950s]                  from [01m[K/root/colcon_ws/src/orb_slam3_ros2_wrapper/include/orb_slam3_ros2_wrapper/type_conversion.hpp:26[m[K,
[16.950s]                  from [01m[K/root/colcon_ws/src/orb_slam3_ros2_wrapper/tests/typeConversionsTests.cpp:5[m[K:
[16.951s] /home/orb/ORB_SLAM3/Thirdparty/g2o/g2o/types/../core/base_binary_edge.h: In instantiation of ‘[01m[Kclass g2o::BaseBinaryEdge<2, Eigen::Matrix<double, 2, 1>, g2o::VertexSBAPointXYZ, g2o::VertexSim3Expmap>[m[K’:
[16.951s] [01m[K/home/orb/ORB_SLAM3/Thirdparty/g2o/g2o/types/types_seven_dof_expmap.h:130:36:[m[K   required from here
[16.951s] [01m[K/home/orb/ORB_SLAM3/Thirdparty/g2o/g2o/types/../core/base_binary_edge.h:59:80:[m[K [01;35m[Kwarning: [m[K‘[01m[KEigen::AlignedBit[m[K’ is deprecated [[01;35m[K-Wdeprecated-declarations[m[K]
[16.951s]    59 |       typedef Eigen::Map<Matrix<double, Di, Dj>, Matrix<double, Di, Dj>::[01;35m[KFlags & AlignedBit[m[K ? Aligned : Unaligned > HessianBlockType;
[16.951s]       |                                                                          [01;35m[K~~~~~~^~~~~~~~~~~~[m[K
[16.951s] In file included from [01m[K/usr/include/eigen3/Eigen/Core:161[m[K,
[16.951s]                  from [01m[K/usr/include/eigen3/Eigen/Dense:1[m[K,
[16.951s]                  from [01m[K/root/colcon_ws/src/orb_slam3_ros2_wrapper/tests/typeConversionsTests.cpp:3[m[K:
[16.951s] [01m[K/usr/include/eigen3/Eigen/src/Core/util/Constants.h:167:37:[m[K [01;36m[Knote: [m[Kdeclared here
[16.951s]   167 | EIGEN_DEPRECATED const unsigned int [01;36m[KAlignedBit[m[K = 0x80;
[16.951s]       |                                     [01;36m[K^~~~~~~~~~[m[K
[16.984s] In file included from [01m[K/home/orb/ORB_SLAM3/Thirdparty/g2o/g2o/types/types_six_dof_expmap.h:38[m[K,
[16.985s]                  from [01m[K/home/orb/ORB_SLAM3/include/Converter.h:26[m[K,
[16.985s]                  from [01m[K/home/orb/ORB_SLAM3/include/Frame.h:33[m[K,
[16.985s]                  from [01m[K/home/orb/ORB_SLAM3/include/KeyFrame.h:28[m[K,
[16.985s]                  from [01m[K/home/orb/ORB_SLAM3/include/MapPoint.h:23[m[K,
[16.985s]                  from [01m[K/root/colcon_ws/src/orb_slam3_ros2_wrapper/include/orb_slam3_ros2_wrapper/type_conversion.hpp:26[m[K,
[16.985s]                  from [01m[K/root/colcon_ws/src/orb_slam3_ros2_wrapper/tests/typeConversionsTests.cpp:5[m[K:
[16.985s] [01m[K/home/orb/ORB_SLAM3/Thirdparty/g2o/g2o/types/../core/base_binary_edge.h:60:80:[m[K [01;35m[Kwarning: [m[K‘[01m[KEigen::AlignedBit[m[K’ is deprecated [[01;35m[K-Wdeprecated-declarations[m[K]
[16.985s]    60 |       typedef Eigen::Map<Matrix<double, Dj, Di>, Matrix<double, Dj, Di>::[01;35m[KFlags & AlignedBit[m[K ? Aligned : Unaligned > HessianBlockTransposedType;
[16.985s]       |                                                                          [01;35m[K~~~~~~^~~~~~~~~~~~[m[K
[16.985s] In file included from [01m[K/usr/include/eigen3/Eigen/Core:161[m[K,
[16.985s]                  from [01m[K/usr/include/eigen3/Eigen/Dense:1[m[K,
[16.986s]                  from [01m[K/root/colcon_ws/src/orb_slam3_ros2_wrapper/tests/typeConversionsTests.cpp:3[m[K:
[16.986s] [01m[K/usr/include/eigen3/Eigen/src/Core/util/Constants.h:167:37:[m[K [01;36m[Knote: [m[Kdeclared here
[16.986s]   167 | EIGEN_DEPRECATED const unsigned int [01;36m[KAlignedBit[m[K = 0x80;
[16.986s]       |                                     [01;36m[K^~~~~~~~~~[m[K
[17.281s] In file included from [01m[K/home/orb/ORB_SLAM3/include/Atlas.h:26[m[K,
[17.282s]                  from [01m[K/home/orb/ORB_SLAM3/include/FrameDrawer.h:25[m[K,
[17.282s]                  from [01m[K/home/orb/ORB_SLAM3/include/Viewer.h:23[m[K,
[17.282s]                  from [01m[K/home/orb/ORB_SLAM3/include/Tracking.h:26[m[K,
[17.282s]                  from [01m[K/home/orb/ORB_SLAM3/include/System.h:31[m[K,
[17.282s]                  from [01m[K/root/colcon_ws/src/orb_slam3_ros2_wrapper/include/orb_slam3_ros2_wrapper/orb_slam3_interface.hpp:28[m[K,
[17.282s]                  from [01m[K/root/colcon_ws/src/orb_slam3_ros2_wrapper/src/orb_slam3_interface.cpp:6[m[K:
[17.284s] [01m[K/home/orb/ORB_SLAM3/include/CameraModels/Pinhole.h:[m[K In member function ‘[01m[Kvirtual bool ORB_SLAM3::Pinhole::matchAndtriangulate(const cv::KeyPoint&, const cv::KeyPoint&, ORB_SLAM3::GeometricCamera*, Sophus::SE3f&, Sophus::SE3f&, float, float, Eigen::Vector3f&)[m[K’:
[17.285s] [01m[K/home/orb/ORB_SLAM3/include/CameraModels/Pinhole.h:83:54:[m[K [01;35m[Kwarning: [m[Kunused parameter ‘[01m[Kkp1[m[K’ [[01;35m[K-Wunused-parameter[m[K]
[17.285s]    83 |         bool matchAndtriangulate([01;35m[Kconst cv::KeyPoint& kp1[m[K, const cv::KeyPoint& kp2, GeometricCamera* pOther,
[17.285s]       |                                  [01;35m[K~~~~~~~~~~~~~~~~~~~~^~~[m[K
[17.286s] [01m[K/home/orb/ORB_SLAM3/include/CameraModels/Pinhole.h:83:79:[m[K [01;35m[Kwarning: [m[Kunused parameter ‘[01m[Kkp2[m[K’ [[01;35m[K-Wunused-parameter[m[K]
[17.286s]    83 |         bool matchAndtriangulate(const cv::KeyPoint& kp1, [01;35m[Kconst cv::KeyPoint& kp2[m[K, GeometricCamera* pOther,
[17.287s]       |                                                           [01;35m[K~~~~~~~~~~~~~~~~~~~~^~~[m[K
[17.288s] [01m[K/home/orb/ORB_SLAM3/include/CameraModels/Pinhole.h:83:101:[m[K [01;35m[Kwarning: [m[Kunused parameter ‘[01m[KpOther[m[K’ [[01;35m[K-Wunused-parameter[m[K]
[17.288s]    83 |         bool matchAndtriangulate(const cv::KeyPoint& kp1, const cv::KeyPoint& kp2, [01;35m[KGeometricCamera* pOther[m[K,
[17.288s]       |                                                                                    [01;35m[K~~~~~~~~~~~~~~~~~^~~~~~[m[K
[17.288s] [01m[K/home/orb/ORB_SLAM3/include/CameraModels/Pinhole.h:84:48:[m[K [01;35m[Kwarning: [m[Kunused parameter ‘[01m[KTcw1[m[K’ [[01;35m[K-Wunused-parameter[m[K]
[17.288s]    84 |                                  [01;35m[KSophus::SE3f& Tcw1[m[K, Sophus::SE3f& Tcw2,
[17.288s]       |                                  [01;35m[K~~~~~~~~~~~~~~^~~~[m[K
[17.288s] [01m[K/home/orb/ORB_SLAM3/include/CameraModels/Pinhole.h:84:68:[m[K [01;35m[Kwarning: [m[Kunused parameter ‘[01m[KTcw2[m[K’ [[01;35m[K-Wunused-parameter[m[K]
[17.289s]    84 |                                  Sophus::SE3f& Tcw1, [01;35m[KSophus::SE3f& Tcw2[m[K,
[17.289s]       |                                                      [01;35m[K~~~~~~~~~~~~~~^~~~[m[K
[17.289s] [01m[K/home/orb/ORB_SLAM3/include/CameraModels/Pinhole.h:85:46:[m[K [01;35m[Kwarning: [m[Kunused parameter ‘[01m[KsigmaLevel1[m[K’ [[01;35m[K-Wunused-parameter[m[K]
[17.289s]    85 |                                  [01;35m[Kconst float sigmaLevel1[m[K, const float sigmaLevel2,
[17.289s]       |                                  [01;35m[K~~~~~~~~~~~~^~~~~~~~~~~[m[K
[17.289s] [01m[K/home/orb/ORB_SLAM3/include/CameraModels/Pinhole.h:85:71:[m[K [01;35m[Kwarning: [m[Kunused parameter ‘[01m[KsigmaLevel2[m[K’ [[01;35m[K-Wunused-parameter[m[K]
[17.289s]    85 |                                  const float sigmaLevel1, [01;35m[Kconst float sigmaLevel2[m[K,
[17.289s]       |                                                           [01;35m[K~~~~~~~~~~~~^~~~~~~~~~~[m[K
[17.290s] [01m[K/home/orb/ORB_SLAM3/include/CameraModels/Pinhole.h:86:51:[m[K [01;35m[Kwarning: [m[Kunused parameter ‘[01m[Kx3Dtriangulated[m[K’ [[01;35m[K-Wunused-parameter[m[K]
[17.290s]    86 |                                  [01;35m[KEigen::Vector3f& x3Dtriangulated[m[K) { return false;}
[17.290s]       |                                  [01;35m[K~~~~~~~~~~~~~~~~~^~~~~~~~~~~~~~~[m[K
[17.290s] In file included from [01m[K/home/orb/ORB_SLAM3/include/Atlas.h:27[m[K,
[17.290s]                  from [01m[K/home/orb/ORB_SLAM3/include/FrameDrawer.h:25[m[K,
[17.290s]                  from [01m[K/home/orb/ORB_SLAM3/include/Viewer.h:23[m[K,
[17.290s]                  from [01m[K/home/orb/ORB_SLAM3/include/Tracking.h:26[m[K,
[17.290s]                  from [01m[K/home/orb/ORB_SLAM3/include/System.h:31[m[K,
[17.290s]                  from [01m[K/root/colcon_ws/src/orb_slam3_ros2_wrapper/include/orb_slam3_ros2_wrapper/orb_slam3_interface.hpp:28[m[K,
[17.291s]                  from [01m[K/root/colcon_ws/src/orb_slam3_ros2_wrapper/src/orb_slam3_interface.cpp:6[m[K:
[17.291s] [01m[K/home/orb/ORB_SLAM3/include/CameraModels/KannalaBrandt8.h:[m[K In constructor ‘[01m[KORB_SLAM3::KannalaBrandt8::KannalaBrandt8(std::vector<float>)[m[K’:
[17.291s] [01m[K/home/orb/ORB_SLAM3/include/CameraModels/KannalaBrandt8.h:102:21:[m[K [01;35m[Kwarning: [m[K‘[01m[KORB_SLAM3::KannalaBrandt8::precision[m[K’ will be initialized after [[01;35m[K-Wreorder[m[K]
[17.291s]   102 |         const float [01;35m[Kprecision[m[K;
[17.291s]       |                     [01;35m[K^~~~~~~~~[m[K
[17.291s] [01m[K/home/orb/ORB_SLAM3/include/CameraModels/KannalaBrandt8.h:88:26:[m[K [01;35m[Kwarning: [m[K  ‘[01m[Kstd::vector<int> ORB_SLAM3::KannalaBrandt8::mvLappingArea[m[K’ [[01;35m[K-Wreorder[m[K]
[17.291s]    88 |         std::vector<int> [01;35m[KmvLappingArea[m[K;
[17.291s]       |                          [01;35m[K^~~~~~~~~~~~~[m[K
[17.291s] In file included from [01m[K/home/orb/ORB_SLAM3/include/Atlas.h:27[m[K,
[17.292s]                  from [01m[K/home/orb/ORB_SLAM3/include/FrameDrawer.h:25[m[K,
[17.292s]                  from [01m[K/home/orb/ORB_SLAM3/include/Viewer.h:23[m[K,
[17.292s]                  from [01m[K/home/orb/ORB_SLAM3/include/Tracking.h:26[m[K,
[17.292s]                  from [01m[K/home/orb/ORB_SLAM3/include/System.h:31[m[K,
[17.292s]                  from [01m[K/root/colcon_ws/src/orb_slam3_ros2_wrapper/include/orb_slam3_ros2_wrapper/orb_slam3_interface.hpp:28[m[K,
[17.292s]                  from [01m[K/root/colcon_ws/src/orb_slam3_ros2_wrapper/src/orb_slam3_interface.cpp:6[m[K:
[17.292s] [01m[K/home/orb/ORB_SLAM3/include/CameraModels/KannalaBrandt8.h:47:9:[m[K [01;35m[Kwarning: [m[K  when initialized here [[01;35m[K-Wreorder[m[K]
[17.293s]    47 |         [01;35m[KKannalaBrandt8[m[K(const std::vector<float> _vParameters) : GeometricCamera(_vParameters), precision(1e-6), mvLappingArea(2,0) ,tvr(nullptr) {
[17.293s]       |         [01;35m[K^~~~~~~~~~~~~~[m[K
[17.293s] In file included from [01m[K/home/orb/ORB_SLAM3/include/Atlas.h:27[m[K,
[17.293s]                  from [01m[K/home/orb/ORB_SLAM3/include/FrameDrawer.h:25[m[K,
[17.293s]                  from [01m[K/home/orb/ORB_SLAM3/include/Viewer.h:23[m[K,
[17.293s]                  from [01m[K/home/orb/ORB_SLAM3/include/Tracking.h:26[m[K,
[17.293s]                  from [01m[K/home/orb/ORB_SLAM3/include/System.h:31[m[K,
[17.293s]                  from [01m[K/root/colcon_ws/src/orb_slam3_ros2_wrapper/include/orb_slam3_ros2_wrapper/orb_slam3_interface.hpp:28[m[K,
[17.294s]                  from [01m[K/root/colcon_ws/src/orb_slam3_ros2_wrapper/src/orb_slam3_interface.cpp:6[m[K:
[17.294s] [01m[K/home/orb/ORB_SLAM3/include/CameraModels/KannalaBrandt8.h:[m[K In constructor ‘[01m[KORB_SLAM3::KannalaBrandt8::KannalaBrandt8(std::vector<float>, float)[m[K’:
[17.294s] [01m[K/home/orb/ORB_SLAM3/include/CameraModels/KannalaBrandt8.h:102:21:[m[K [01;35m[Kwarning: [m[K‘[01m[KORB_SLAM3::KannalaBrandt8::precision[m[K’ will be initialized after [[01;35m[K-Wreorder[m[K]
[17.294s]   102 |         const float [01;35m[Kprecision[m[K;
[17.294s]       |                     [01;35m[K^~~~~~~~~[m[K
[17.294s] [01m[K/home/orb/ORB_SLAM3/include/CameraModels/KannalaBrandt8.h:88:26:[m[K [01;35m[Kwarning: [m[K  ‘[01m[Kstd::vector<int> ORB_SLAM3::KannalaBrandt8::mvLappingArea[m[K’ [[01;35m[K-Wreorder[m[K]
[17.294s]    88 |         std::vector<int> [01;35m[KmvLappingArea[m[K;
[17.294s]       |                          [01;35m[K^~~~~~~~~~~~~[m[K
[17.295s] [01m[K/home/orb/ORB_SLAM3/include/CameraModels/KannalaBrandt8.h:53:9:[m[K [01;35m[Kwarning: [m[K  when initialized here [[01;35m[K-Wreorder[m[K]
[17.295s]    53 |         [01;35m[KKannalaBrandt8[m[K(const std::vector<float> _vParameters, const float _precision) : GeometricCamera(_vParameters),
[17.295s]       |         [01;35m[K^~~~~~~~~~~~~~[m[K
[17.295s] [01m[K/home/orb/ORB_SLAM3/include/CameraModels/KannalaBrandt8.h:[m[K In constructor ‘[01m[KORB_SLAM3::KannalaBrandt8::KannalaBrandt8(ORB_SLAM3::KannalaBrandt8*)[m[K’:
[17.295s] [01m[K/home/orb/ORB_SLAM3/include/CameraModels/KannalaBrandt8.h:102:21:[m[K [01;35m[Kwarning: [m[K‘[01m[KORB_SLAM3::KannalaBrandt8::precision[m[K’ will be initialized after [[01;35m[K-Wreorder[m[K]
[17.295s]   102 |         const float [01;35m[Kprecision[m[K;
[17.295s]       |                     [01;35m[K^~~~~~~~~[m[K
[17.295s] [01m[K/home/orb/ORB_SLAM3/include/CameraModels/KannalaBrandt8.h:88:26:[m[K [01;35m[Kwarning: [m[K  ‘[01m[Kstd::vector<int> ORB_SLAM3::KannalaBrandt8::mvLappingArea[m[K’ [[01;35m[K-Wreorder[m[K]
[17.296s]    88 |         std::vector<int> [01;35m[KmvLappingArea[m[K;
[17.296s]       |                          [01;35m[K^~~~~~~~~~~~~[m[K
[17.296s] [01m[K/home/orb/ORB_SLAM3/include/CameraModels/KannalaBrandt8.h:59:9:[m[K [01;35m[Kwarning: [m[K  when initialized here [[01;35m[K-Wreorder[m[K]
[17.296s]    59 |         [01;35m[KKannalaBrandt8[m[K(KannalaBrandt8* pKannala) : GeometricCamera(pKannala->mvParameters), precision(pKannala->precision), mvLappingArea(2,0) ,tvr(nullptr) {
[17.296s]       |         [01;35m[K^~~~~~~~~~~~~~[m[K
[17.344s] In file included from [01m[K/home/orb/ORB_SLAM3/include/Atlas.h:26[m[K,
[17.345s]                  from [01m[K/home/orb/ORB_SLAM3/include/FrameDrawer.h:25[m[K,
[17.345s]                  from [01m[K/home/orb/ORB_SLAM3/include/Viewer.h:23[m[K,
[17.345s]                  from [01m[K/home/orb/ORB_SLAM3/include/Tracking.h:26[m[K,
[17.345s]                  from [01m[K/home/orb/ORB_SLAM3/include/System.h:31[m[K,
[17.345s]                  from [01m[K/root/colcon_ws/src/orb_slam3_ros2_wrapper/include/orb_slam3_ros2_wrapper/orb_slam3_interface.hpp:28[m[K,
[17.345s]                  from [01m[K/root/colcon_ws/src/orb_slam3_ros2_wrapper/src/rgbd/rgbd-slam-node.hpp:41[m[K,
[17.345s]                  from [01m[K/root/colcon_ws/src/orb_slam3_ros2_wrapper/src/rgbd/rgbd.cpp:7[m[K:
[17.345s] [01m[K/home/orb/ORB_SLAM3/include/CameraModels/Pinhole.h:[m[K In member function ‘[01m[Kvirtual bool ORB_SLAM3::Pinhole::matchAndtriangulate(const cv::KeyPoint&, const cv::KeyPoint&, ORB_SLAM3::GeometricCamera*, Sophus::SE3f&, Sophus::SE3f&, float, float, Eigen::Vector3f&)[m[K’:
[17.345s] [01m[K/home/orb/ORB_SLAM3/include/CameraModels/Pinhole.h:83:54:[m[K [01;35m[Kwarning: [m[Kunused parameter ‘[01m[Kkp1[m[K’ [[01;35m[K-Wunused-parameter[m[K]
[17.346s]    83 |         bool matchAndtriangulate([01;35m[Kconst cv::KeyPoint& kp1[m[K, const cv::KeyPoint& kp2, GeometricCamera* pOther,
[17.346s]       |                                  [01;35m[K~~~~~~~~~~~~~~~~~~~~^~~[m[K
[17.346s] [01m[K/home/orb/ORB_SLAM3/include/CameraModels/Pinhole.h:83:79:[m[K [01;35m[Kwarning: [m[Kunused parameter ‘[01m[Kkp2[m[K’ [[01;35m[K-Wunused-parameter[m[K]
[17.346s]    83 |         bool matchAndtriangulate(const cv::KeyPoint& kp1, [01;35m[Kconst cv::KeyPoint& kp2[m[K, GeometricCamera* pOther,
[17.346s]       |                                                           [01;35m[K~~~~~~~~~~~~~~~~~~~~^~~[m[K
[17.346s] [01m[K/home/orb/ORB_SLAM3/include/CameraModels/Pinhole.h:83:101:[m[K [01;35m[Kwarning: [m[Kunused parameter ‘[01m[KpOther[m[K’ [[01;35m[K-Wunused-parameter[m[K]
[17.346s]    83 |         bool matchAndtriangulate(const cv::KeyPoint& kp1, const cv::KeyPoint& kp2, [01;35m[KGeometricCamera* pOther[m[K,
[17.346s]       |                                                                                    [01;35m[K~~~~~~~~~~~~~~~~~^~~~~~[m[K
[17.347s] [01m[K/home/orb/ORB_SLAM3/include/CameraModels/Pinhole.h:84:48:[m[K [01;35m[Kwarning: [m[Kunused parameter ‘[01m[KTcw1[m[K’ [[01;35m[K-Wunused-parameter[m[K]
[17.347s]    84 |                                  [01;35m[KSophus::SE3f& Tcw1[m[K, Sophus::SE3f& Tcw2,
[17.347s]       |                                  [01;35m[K~~~~~~~~~~~~~~^~~~[m[K
[17.347s] [01m[K/home/orb/ORB_SLAM3/include/CameraModels/Pinhole.h:84:68:[m[K [01;35m[Kwarning: [m[Kunused parameter ‘[01m[KTcw2[m[K’ [[01;35m[K-Wunused-parameter[m[K]
[17.347s]    84 |                                  Sophus::SE3f& Tcw1, [01;35m[KSophus::SE3f& Tcw2[m[K,
[17.347s]       |                                                      [01;35m[K~~~~~~~~~~~~~~^~~~[m[K
[17.347s] [01m[K/home/orb/ORB_SLAM3/include/CameraModels/Pinhole.h:85:46:[m[K [01;35m[Kwarning: [m[Kunused parameter ‘[01m[KsigmaLevel1[m[K’ [[01;35m[K-Wunused-parameter[m[K]
[17.347s]    85 |                                  [01;35m[Kconst float sigmaLevel1[m[K, const float sigmaLevel2,
[17.347s]       |                                  [01;35m[K~~~~~~~~~~~~^~~~~~~~~~~[m[K
[17.348s] [01m[K/home/orb/ORB_SLAM3/include/CameraModels/Pinhole.h:85:71:[m[K [01;35m[Kwarning: [m[Kunused parameter ‘[01m[KsigmaLevel2[m[K’ [[01;35m[K-Wunused-parameter[m[K]
[17.348s]    85 |                                  const float sigmaLevel1, [01;35m[Kconst float sigmaLevel2[m[K,
[17.348s]       |                                                           [01;35m[K~~~~~~~~~~~~^~~~~~~~~~~[m[K
[17.348s] [01m[K/home/orb/ORB_SLAM3/include/CameraModels/Pinhole.h:86:51:[m[K [01;35m[Kwarning: [m[Kunused parameter ‘[01m[Kx3Dtriangulated[m[K’ [[01;35m[K-Wunused-parameter[m[K]
[17.348s]    86 |                                  [01;35m[KEigen::Vector3f& x3Dtriangulated[m[K) { return false;}
[17.349s]       |                                  [01;35m[K~~~~~~~~~~~~~~~~~^~~~~~~~~~~~~~~[m[K
[17.349s] In file included from [01m[K/home/orb/ORB_SLAM3/include/Atlas.h:27[m[K,
[17.349s]                  from [01m[K/home/orb/ORB_SLAM3/include/FrameDrawer.h:25[m[K,
[17.349s]                  from [01m[K/home/orb/ORB_SLAM3/include/Viewer.h:23[m[K,
[17.349s]                  from [01m[K/home/orb/ORB_SLAM3/include/Tracking.h:26[m[K,
[17.349s]                  from [01m[K/home/orb/ORB_SLAM3/include/System.h:31[m[K,
[17.349s]                  from [01m[K/root/colcon_ws/src/orb_slam3_ros2_wrapper/include/orb_slam3_ros2_wrapper/orb_slam3_interface.hpp:28[m[K,
[17.349s]                  from [01m[K/root/colcon_ws/src/orb_slam3_ros2_wrapper/src/rgbd/rgbd-slam-node.hpp:41[m[K,
[17.349s]                  from [01m[K/root/colcon_ws/src/orb_slam3_ros2_wrapper/src/rgbd/rgbd.cpp:7[m[K:
[17.350s] [01m[K/home/orb/ORB_SLAM3/include/CameraModels/KannalaBrandt8.h:[m[K In constructor ‘[01m[KORB_SLAM3::KannalaBrandt8::KannalaBrandt8(std::vector<float>)[m[K’:
[17.350s] [01m[K/home/orb/ORB_SLAM3/include/CameraModels/KannalaBrandt8.h:102:21:[m[K [01;35m[Kwarning: [m[K‘[01m[KORB_SLAM3::KannalaBrandt8::precision[m[K’ will be initialized after [[01;35m[K-Wreorder[m[K]
[17.350s]   102 |         const float [01;35m[Kprecision[m[K;
[17.350s]       |                     [01;35m[K^~~~~~~~~[m[K
[17.350s] [01m[K/home/orb/ORB_SLAM3/include/CameraModels/KannalaBrandt8.h:88:26:[m[K [01;35m[Kwarning: [m[K  ‘[01m[Kstd::vector<int> ORB_SLAM3::KannalaBrandt8::mvLappingArea[m[K’ [[01;35m[K-Wreorder[m[K]
[17.350s]    88 |         std::vector<int> [01;35m[KmvLappingArea[m[K;
[17.350s]       |                          [01;35m[K^~~~~~~~~~~~~[m[K
[17.350s] In file included from [01m[K/home/orb/ORB_SLAM3/include/Atlas.h:27[m[K,
[17.350s]                  from [01m[K/home/orb/ORB_SLAM3/include/FrameDrawer.h:25[m[K,
[17.351s]                  from [01m[K/home/orb/ORB_SLAM3/include/Viewer.h:23[m[K,
[17.351s]                  from [01m[K/home/orb/ORB_SLAM3/include/Tracking.h:26[m[K,
[17.351s]                  from [01m[K/home/orb/ORB_SLAM3/include/System.h:31[m[K,
[17.351s]                  from [01m[K/root/colcon_ws/src/orb_slam3_ros2_wrapper/include/orb_slam3_ros2_wrapper/orb_slam3_interface.hpp:28[m[K,
[17.351s]                  from [01m[K/root/colcon_ws/src/orb_slam3_ros2_wrapper/src/rgbd/rgbd-slam-node.hpp:41[m[K,
[17.351s]                  from [01m[K/root/colcon_ws/src/orb_slam3_ros2_wrapper/src/rgbd/rgbd.cpp:7[m[K:
[17.351s] [01m[K/home/orb/ORB_SLAM3/include/CameraModels/KannalaBrandt8.h:47:9:[m[K [01;35m[Kwarning: [m[K  when initialized here [[01;35m[K-Wreorder[m[K]
[17.351s]    47 |         [01;35m[KKannalaBrandt8[m[K(const std::vector<float> _vParameters) : GeometricCamera(_vParameters), precision(1e-6), mvLappingArea(2,0) ,tvr(nullptr) {
[17.352s]       |         [01;35m[K^~~~~~~~~~~~~~[m[K
[17.352s] In file included from [01m[K/home/orb/ORB_SLAM3/include/Atlas.h:27[m[K,
[17.352s]                  from [01m[K/home/orb/ORB_SLAM3/include/FrameDrawer.h:25[m[K,
[17.352s]                  from [01m[K/home/orb/ORB_SLAM3/include/Viewer.h:23[m[K,
[17.352s]                  from [01m[K/home/orb/ORB_SLAM3/include/Tracking.h:26[m[K,
[17.352s]                  from [01m[K/home/orb/ORB_SLAM3/include/System.h:31[m[K,
[17.352s]                  from [01m[K/root/colcon_ws/src/orb_slam3_ros2_wrapper/include/orb_slam3_ros2_wrapper/orb_slam3_interface.hpp:28[m[K,
[17.352s]                  from [01m[K/root/colcon_ws/src/orb_slam3_ros2_wrapper/src/rgbd/rgbd-slam-node.hpp:41[m[K,
[17.352s]                  from [01m[K/root/colcon_ws/src/orb_slam3_ros2_wrapper/src/rgbd/rgbd.cpp:7[m[K:
[17.353s] [01m[K/home/orb/ORB_SLAM3/include/CameraModels/KannalaBrandt8.h:[m[K In constructor ‘[01m[KORB_SLAM3::KannalaBrandt8::KannalaBrandt8(std::vector<float>, float)[m[K’:
[17.353s] [01m[K/home/orb/ORB_SLAM3/include/CameraModels/KannalaBrandt8.h:102:21:[m[K [01;35m[Kwarning: [m[K‘[01m[KORB_SLAM3::KannalaBrandt8::precision[m[K’ will be initialized after [[01;35m[K-Wreorder[m[K]
[17.353s]   102 |         const float [01;35m[Kprecision[m[K;
[17.353s]       |                     [01;35m[K^~~~~~~~~[m[K
[17.353s] [01m[K/home/orb/ORB_SLAM3/include/CameraModels/KannalaBrandt8.h:88:26:[m[K [01;35m[Kwarning: [m[K  ‘[01m[Kstd::vector<int> ORB_SLAM3::KannalaBrandt8::mvLappingArea[m[K’ [[01;35m[K-Wreorder[m[K]
[17.353s]    88 |         std::vector<int> [01;35m[KmvLappingArea[m[K;
[17.353s]       |                          [01;35m[K^~~~~~~~~~~~~[m[K
[17.353s] [01m[K/home/orb/ORB_SLAM3/include/CameraModels/KannalaBrandt8.h:53:9:[m[K [01;35m[Kwarning: [m[K  when initialized here [[01;35m[K-Wreorder[m[K]
[17.354s]    53 |         [01;35m[KKannalaBrandt8[m[K(const std::vector<float> _vParameters, const float _precision) : GeometricCamera(_vParameters),
[17.354s]       |         [01;35m[K^~~~~~~~~~~~~~[m[K
[17.354s] [01m[K/home/orb/ORB_SLAM3/include/CameraModels/KannalaBrandt8.h:[m[K In constructor ‘[01m[KORB_SLAM3::KannalaBrandt8::KannalaBrandt8(ORB_SLAM3::KannalaBrandt8*)[m[K’:
[17.354s] [01m[K/home/orb/ORB_SLAM3/include/CameraModels/KannalaBrandt8.h:102:21:[m[K [01;35m[Kwarning: [m[K‘[01m[KORB_SLAM3::KannalaBrandt8::precision[m[K’ will be initialized after [[01;35m[K-Wreorder[m[K]
[17.354s]   102 |         const float [01;35m[Kprecision[m[K;
[17.354s]       |                     [01;35m[K^~~~~~~~~[m[K
[17.354s] [01m[K/home/orb/ORB_SLAM3/include/CameraModels/KannalaBrandt8.h:88:26:[m[K [01;35m[Kwarning: [m[K  ‘[01m[Kstd::vector<int> ORB_SLAM3::KannalaBrandt8::mvLappingArea[m[K’ [[01;35m[K-Wreorder[m[K]
[17.354s]    88 |         std::vector<int> [01;35m[KmvLappingArea[m[K;
[17.355s]       |                          [01;35m[K^~~~~~~~~~~~~[m[K
[17.355s] [01m[K/home/orb/ORB_SLAM3/include/CameraModels/KannalaBrandt8.h:59:9:[m[K [01;35m[Kwarning: [m[K  when initialized here [[01;35m[K-Wreorder[m[K]
[17.355s]    59 |         [01;35m[KKannalaBrandt8[m[K(KannalaBrandt8* pKannala) : GeometricCamera(pKannala->mvParameters), precision(pKannala->precision), mvLappingArea(2,0) ,tvr(nullptr) {
[17.355s]       |         [01;35m[K^~~~~~~~~~~~~~[m[K
[18.216s] In file included from [01m[K/home/orb/ORB_SLAM3/include/Atlas.h:26[m[K,
[18.216s]                  from [01m[K/home/orb/ORB_SLAM3/include/FrameDrawer.h:25[m[K,
[18.216s]                  from [01m[K/home/orb/ORB_SLAM3/include/Viewer.h:23[m[K,
[18.216s]                  from [01m[K/home/orb/ORB_SLAM3/include/Tracking.h:26[m[K,
[18.216s]                  from [01m[K/home/orb/ORB_SLAM3/include/System.h:31[m[K,
[18.216s]                  from [01m[K/root/colcon_ws/src/orb_slam3_ros2_wrapper/include/orb_slam3_ros2_wrapper/orb_slam3_interface.hpp:28[m[K,
[18.216s]                  from [01m[K/root/colcon_ws/src/orb_slam3_ros2_wrapper/src/rgbd/rgbd-slam-node.hpp:41[m[K,
[18.216s]                  from [01m[K/root/colcon_ws/src/orb_slam3_ros2_wrapper/src/rgbd/rgbd-slam-node.cpp:6[m[K:
[18.216s] [01m[K/home/orb/ORB_SLAM3/include/CameraModels/Pinhole.h:[m[K In member function ‘[01m[Kvirtual bool ORB_SLAM3::Pinhole::matchAndtriangulate(const cv::KeyPoint&, const cv::KeyPoint&, ORB_SLAM3::GeometricCamera*, Sophus::SE3f&, Sophus::SE3f&, float, float, Eigen::Vector3f&)[m[K’:
[18.217s] [01m[K/home/orb/ORB_SLAM3/include/CameraModels/Pinhole.h:83:54:[m[K [01;35m[Kwarning: [m[Kunused parameter ‘[01m[Kkp1[m[K’ [[01;35m[K-Wunused-parameter[m[K]
[18.217s]    83 |         bool matchAndtriangulate([01;35m[Kconst cv::KeyPoint& kp1[m[K, const cv::KeyPoint& kp2, GeometricCamera* pOther,
[18.217s]       |                                  [01;35m[K~~~~~~~~~~~~~~~~~~~~^~~[m[K
[18.217s] [01m[K/home/orb/ORB_SLAM3/include/CameraModels/Pinhole.h:83:79:[m[K [01;35m[Kwarning: [m[Kunused parameter ‘[01m[Kkp2[m[K’ [[01;35m[K-Wunused-parameter[m[K]
[18.217s]    83 |         bool matchAndtriangulate(const cv::KeyPoint& kp1, [01;35m[Kconst cv::KeyPoint& kp2[m[K, GeometricCamera* pOther,
[18.217s]       |                                                           [01;35m[K~~~~~~~~~~~~~~~~~~~~^~~[m[K
[18.217s] [01m[K/home/orb/ORB_SLAM3/include/CameraModels/Pinhole.h:83:101:[m[K [01;35m[Kwarning: [m[Kunused parameter ‘[01m[KpOther[m[K’ [[01;35m[K-Wunused-parameter[m[K]
[18.217s]    83 |         bool matchAndtriangulate(const cv::KeyPoint& kp1, const cv::KeyPoint& kp2, [01;35m[KGeometricCamera* pOther[m[K,
[18.218s]       |                                                                                    [01;35m[K~~~~~~~~~~~~~~~~~^~~~~~[m[K
[18.218s] [01m[K/home/orb/ORB_SLAM3/include/CameraModels/Pinhole.h:84:48:[m[K [01;35m[Kwarning: [m[Kunused parameter ‘[01m[KTcw1[m[K’ [[01;35m[K-Wunused-parameter[m[K]
[18.218s]    84 |                                  [01;35m[KSophus::SE3f& Tcw1[m[K, Sophus::SE3f& Tcw2,
[18.218s]       |                                  [01;35m[K~~~~~~~~~~~~~~^~~~[m[K
[18.218s] [01m[K/home/orb/ORB_SLAM3/include/CameraModels/Pinhole.h:84:68:[m[K [01;35m[Kwarning: [m[Kunused parameter ‘[01m[KTcw2[m[K’ [[01;35m[K-Wunused-parameter[m[K]
[18.218s]    84 |                                  Sophus::SE3f& Tcw1, [01;35m[KSophus::SE3f& Tcw2[m[K,
[18.218s]       |                                                      [01;35m[K~~~~~~~~~~~~~~^~~~[m[K
[18.218s] [01m[K/home/orb/ORB_SLAM3/include/CameraModels/Pinhole.h:85:46:[m[K [01;35m[Kwarning: [m[Kunused parameter ‘[01m[KsigmaLevel1[m[K’ [[01;35m[K-Wunused-parameter[m[K]
[18.218s]    85 |                                  [01;35m[Kconst float sigmaLevel1[m[K, const float sigmaLevel2,
[18.218s]       |                                  [01;35m[K~~~~~~~~~~~~^~~~~~~~~~~[m[K
[18.218s] [01m[K/home/orb/ORB_SLAM3/include/CameraModels/Pinhole.h:85:71:[m[K [01;35m[Kwarning: [m[Kunused parameter ‘[01m[KsigmaLevel2[m[K’ [[01;35m[K-Wunused-parameter[m[K]
[18.219s]    85 |                                  const float sigmaLevel1, [01;35m[Kconst float sigmaLevel2[m[K,
[18.219s]       |                                                           [01;35m[K~~~~~~~~~~~~^~~~~~~~~~~[m[K
[18.219s] [01m[K/home/orb/ORB_SLAM3/include/CameraModels/Pinhole.h:86:51:[m[K [01;35m[Kwarning: [m[Kunused parameter ‘[01m[Kx3Dtriangulated[m[K’ [[01;35m[K-Wunused-parameter[m[K]
[18.219s]    86 |                                  [01;35m[KEigen::Vector3f& x3Dtriangulated[m[K) { return false;}
[18.219s]       |                                  [01;35m[K~~~~~~~~~~~~~~~~~^~~~~~~~~~~~~~~[m[K
[18.219s] In file included from [01m[K/home/orb/ORB_SLAM3/include/Atlas.h:27[m[K,
[18.219s]                  from [01m[K/home/orb/ORB_SLAM3/include/FrameDrawer.h:25[m[K,
[18.219s]                  from [01m[K/home/orb/ORB_SLAM3/include/Viewer.h:23[m[K,
[18.219s]                  from [01m[K/home/orb/ORB_SLAM3/include/Tracking.h:26[m[K,
[18.219s]                  from [01m[K/home/orb/ORB_SLAM3/include/System.h:31[m[K,
[18.219s]                  from [01m[K/root/colcon_ws/src/orb_slam3_ros2_wrapper/include/orb_slam3_ros2_wrapper/orb_slam3_interface.hpp:28[m[K,
[18.220s]                  from [01m[K/root/colcon_ws/src/orb_slam3_ros2_wrapper/src/rgbd/rgbd-slam-node.hpp:41[m[K,
[18.220s]                  from [01m[K/root/colcon_ws/src/orb_slam3_ros2_wrapper/src/rgbd/rgbd-slam-node.cpp:6[m[K:
[18.220s] [01m[K/home/orb/ORB_SLAM3/include/CameraModels/KannalaBrandt8.h:[m[K In constructor ‘[01m[KORB_SLAM3::KannalaBrandt8::KannalaBrandt8(std::vector<float>)[m[K’:
[18.220s] [01m[K/home/orb/ORB_SLAM3/include/CameraModels/KannalaBrandt8.h:102:21:[m[K [01;35m[Kwarning: [m[K‘[01m[KORB_SLAM3::KannalaBrandt8::precision[m[K’ will be initialized after [[01;35m[K-Wreorder[m[K]
[18.220s]   102 |         const float [01;35m[Kprecision[m[K;
[18.220s]       |                     [01;35m[K^~~~~~~~~[m[K
[18.220s] [01m[K/home/orb/ORB_SLAM3/include/CameraModels/KannalaBrandt8.h:88:26:[m[K [01;35m[Kwarning: [m[K  ‘[01m[Kstd::vector<int> ORB_SLAM3::KannalaBrandt8::mvLappingArea[m[K’ [[01;35m[K-Wreorder[m[K]
[18.220s]    88 |         std::vector<int> [01;35m[KmvLappingArea[m[K;
[18.220s]       |                          [01;35m[K^~~~~~~~~~~~~[m[K
[18.220s] In file included from [01m[K/home/orb/ORB_SLAM3/include/Atlas.h:27[m[K,
[18.221s]                  from [01m[K/home/orb/ORB_SLAM3/include/FrameDrawer.h:25[m[K,
[18.221s]                  from [01m[K/home/orb/ORB_SLAM3/include/Viewer.h:23[m[K,
[18.221s]                  from [01m[K/home/orb/ORB_SLAM3/include/Tracking.h:26[m[K,
[18.221s]                  from [01m[K/home/orb/ORB_SLAM3/include/System.h:31[m[K,
[18.221s]                  from [01m[K/root/colcon_ws/src/orb_slam3_ros2_wrapper/include/orb_slam3_ros2_wrapper/orb_slam3_interface.hpp:28[m[K,
[18.221s]                  from [01m[K/root/colcon_ws/src/orb_slam3_ros2_wrapper/src/rgbd/rgbd-slam-node.hpp:41[m[K,
[18.221s]                  from [01m[K/root/colcon_ws/src/orb_slam3_ros2_wrapper/src/rgbd/rgbd-slam-node.cpp:6[m[K:
[18.221s] [01m[K/home/orb/ORB_SLAM3/include/CameraModels/KannalaBrandt8.h:47:9:[m[K [01;35m[Kwarning: [m[K  when initialized here [[01;35m[K-Wreorder[m[K]
[18.221s]    47 |         [01;35m[KKannalaBrandt8[m[K(const std::vector<float> _vParameters) : GeometricCamera(_vParameters), precision(1e-6), mvLappingArea(2,0) ,tvr(nullptr) {
[18.221s]       |         [01;35m[K^~~~~~~~~~~~~~[m[K
[18.221s] In file included from [01m[K/home/orb/ORB_SLAM3/include/Atlas.h:27[m[K,
[18.222s]                  from [01m[K/home/orb/ORB_SLAM3/include/FrameDrawer.h:25[m[K,
[18.222s]                  from [01m[K/home/orb/ORB_SLAM3/include/Viewer.h:23[m[K,
[18.222s]                  from [01m[K/home/orb/ORB_SLAM3/include/Tracking.h:26[m[K,
[18.222s]                  from [01m[K/home/orb/ORB_SLAM3/include/System.h:31[m[K,
[18.222s]                  from [01m[K/root/colcon_ws/src/orb_slam3_ros2_wrapper/include/orb_slam3_ros2_wrapper/orb_slam3_interface.hpp:28[m[K,
[18.222s]                  from [01m[K/root/colcon_ws/src/orb_slam3_ros2_wrapper/src/rgbd/rgbd-slam-node.hpp:41[m[K,
[18.222s]                  from [01m[K/root/colcon_ws/src/orb_slam3_ros2_wrapper/src/rgbd/rgbd-slam-node.cpp:6[m[K:
[18.222s] [01m[K/home/orb/ORB_SLAM3/include/CameraModels/KannalaBrandt8.h:[m[K In constructor ‘[01m[KORB_SLAM3::KannalaBrandt8::KannalaBrandt8(std::vector<float>, float)[m[K’:
[18.222s] [01m[K/home/orb/ORB_SLAM3/include/CameraModels/KannalaBrandt8.h:102:21:[m[K [01;35m[Kwarning: [m[K‘[01m[KORB_SLAM3::KannalaBrandt8::precision[m[K’ will be initialized after [[01;35m[K-Wreorder[m[K]
[18.222s]   102 |         const float [01;35m[Kprecision[m[K;
[18.222s]       |                     [01;35m[K^~~~~~~~~[m[K
[18.223s] [01m[K/home/orb/ORB_SLAM3/include/CameraModels/KannalaBrandt8.h:88:26:[m[K [01;35m[Kwarning: [m[K  ‘[01m[Kstd::vector<int> ORB_SLAM3::KannalaBrandt8::mvLappingArea[m[K’ [[01;35m[K-Wreorder[m[K]
[18.223s]    88 |         std::vector<int> [01;35m[KmvLappingArea[m[K;
[18.223s]       |                          [01;35m[K^~~~~~~~~~~~~[m[K
[18.223s] [01m[K/home/orb/ORB_SLAM3/include/CameraModels/KannalaBrandt8.h:53:9:[m[K [01;35m[Kwarning: [m[K  when initialized here [[01;35m[K-Wreorder[m[K]
[18.223s]    53 |         [01;35m[KKannalaBrandt8[m[K(const std::vector<float> _vParameters, const float _precision) : GeometricCamera(_vParameters),
[18.223s]       |         [01;35m[K^~~~~~~~~~~~~~[m[K
[18.223s] [01m[K/home/orb/ORB_SLAM3/include/CameraModels/KannalaBrandt8.h:[m[K In constructor ‘[01m[KORB_SLAM3::KannalaBrandt8::KannalaBrandt8(ORB_SLAM3::KannalaBrandt8*)[m[K’:
[18.223s] [01m[K/home/orb/ORB_SLAM3/include/CameraModels/KannalaBrandt8.h:102:21:[m[K [01;35m[Kwarning: [m[K‘[01m[KORB_SLAM3::KannalaBrandt8::precision[m[K’ will be initialized after [[01;35m[K-Wreorder[m[K]
[18.223s]   102 |         const float [01;35m[Kprecision[m[K;
[18.223s]       |                     [01;35m[K^~~~~~~~~[m[K
[18.223s] [01m[K/home/orb/ORB_SLAM3/include/CameraModels/KannalaBrandt8.h:88:26:[m[K [01;35m[Kwarning: [m[K  ‘[01m[Kstd::vector<int> ORB_SLAM3::KannalaBrandt8::mvLappingArea[m[K’ [[01;35m[K-Wreorder[m[K]
[18.223s]    88 |         std::vector<int> [01;35m[KmvLappingArea[m[K;
[18.223s]       |                          [01;35m[K^~~~~~~~~~~~~[m[K
[18.223s] [01m[K/home/orb/ORB_SLAM3/include/CameraModels/KannalaBrandt8.h:59:9:[m[K [01;35m[Kwarning: [m[K  when initialized here [[01;35m[K-Wreorder[m[K]
[18.223s]    59 |         [01;35m[KKannalaBrandt8[m[K(KannalaBrandt8* pKannala) : GeometricCamera(pKannala->mvParameters), precision(pKannala->precision), mvLappingArea(2,0) ,tvr(nullptr) {
[18.223s]       |         [01;35m[K^~~~~~~~~~~~~~[m[K
[18.646s] [01m[K/root/colcon_ws/src/orb_slam3_ros2_wrapper/src/orb_slam3_interface.cpp:[m[K In member function ‘[01m[Kvoid ORB_SLAM3_Wrapper::ORBSLAM3Interface::mapPointsVisibleFromPose(Sophus::SE3f&, std::vector<ORB_SLAM3::MapPoint*>&, int, float, float)[m[K’:
[18.647s] [01m[K/root/colcon_ws/src/orb_slam3_ros2_wrapper/src/orb_slam3_interface.cpp:197:14:[m[K [01;35m[Kwarning: [m[Kvariable ‘[01m[KmRwc[m[K’ set but not used [[01;35m[K-Wunused-but-set-variable[m[K]
[18.647s]   197 |         auto [01;35m[KmRwc[m[K = Twc.rotationMatrix();
[18.647s]       |              [01;35m[K^~~~[m[K
[18.647s] [01m[K/root/colcon_ws/src/orb_slam3_ros2_wrapper/src/orb_slam3_interface.cpp:179:166:[m[K [01;35m[Kwarning: [m[Kunused parameter ‘[01m[KmaxAngle[m[K’ [[01;35m[K-Wunused-parameter[m[K]
[18.647s]   179 |     void ORBSLAM3Interface::mapPointsVisibleFromPose(Sophus::SE3f& cameraPose, std::vector<ORB_SLAM3::MapPoint*>& points, int maxLandmarks, float maxDistance, [01;35m[Kfloat maxAngle[m[K)
[18.647s]       |                                                                                                                                                                [01;35m[K~~~~~~^~~~~~~~[m[K
[43.677s] [01m[K/root/colcon_ws/src/orb_slam3_ros2_wrapper/src/rgbd/rgbd-slam-node.cpp:[m[K In member function ‘[01m[Kvoid ORB_SLAM3_Wrapper::RgbdSlamNode::publishMapPointCloud(std::shared_ptr<rmw_request_id_s>, std::shared_ptr<slam_msgs::srv::GetAllLandmarksInMap_Request_<std::allocator<void> > >, std::shared_ptr<slam_msgs::srv::GetAllLandmarksInMap_Response_<std::allocator<void> > >)[m[K’:
[43.677s] [01m[K/root/colcon_ws/src/orb_slam3_ros2_wrapper/src/rgbd/rgbd-slam-node.cpp:184:79:[m[K [01;35m[Kwarning: [m[Kunused parameter ‘[01m[Krequest_header[m[K’ [[01;35m[K-Wunused-parameter[m[K]
[43.678s]   184 |     void RgbdSlamNode::publishMapPointCloud([01;35m[Kstd::shared_ptr<rmw_request_id_t> request_header[m[K,
[43.678s]       |                                             [01;35m[K~~~~~~~~~~~~~~~~~~~~~~~~~~~~~~~~~~^~~~~~~~~~~~~~[m[K
[43.678s] [01m[K/root/colcon_ws/src/orb_slam3_ros2_wrapper/src/rgbd/rgbd-slam-node.cpp:185:108:[m[K [01;35m[Kwarning: [m[Kunused parameter ‘[01m[Krequest[m[K’ [[01;35m[K-Wunused-parameter[m[K]
[43.678s]   185 |                                             [01;35m[Kstd::shared_ptr<slam_msgs::srv::GetAllLandmarksInMap::Request> request[m[K,
[43.678s]       |                                             [01;35m[K~~~~~~~~~~~~~~~~~~~~~~~~~~~~~~~~~~~~~~~~~~~~~~~~~~~~~~~~~~~~~~~^~~~~~~[m[K
[43.691s] [01m[K/root/colcon_ws/src/orb_slam3_ros2_wrapper/src/rgbd/rgbd-slam-node.cpp:[m[K In member function ‘[01m[Kvoid ORB_SLAM3_Wrapper::RgbdSlamNode::resetActiveMapSrv(std::shared_ptr<rmw_request_id_s>, std::shared_ptr<std_srvs::srv::SetBool_Request_<std::allocator<void> > >, std::shared_ptr<std_srvs::srv::SetBool_Response_<std::allocator<void> > >)[m[K’:
[43.691s] [01m[K/root/colcon_ws/src/orb_slam3_ros2_wrapper/src/rgbd/rgbd-slam-node.cpp:221:76:[m[K [01;35m[Kwarning: [m[Kunused parameter ‘[01m[Krequest_header[m[K’ [[01;35m[K-Wunused-parameter[m[K]
[43.691s]   221 |     void RgbdSlamNode::resetActiveMapSrv([01;35m[Kstd::shared_ptr<rmw_request_id_t> request_header[m[K,
[43.691s]       |                                          [01;35m[K~~~~~~~~~~~~~~~~~~~~~~~~~~~~~~~~~~^~~~~~~~~~~~~~[m[K
[43.691s] [01m[K/root/colcon_ws/src/orb_slam3_ros2_wrapper/src/rgbd/rgbd-slam-node.cpp:222:77:[m[K [01;35m[Kwarning: [m[Kunused parameter ‘[01m[Krequest[m[K’ [[01;35m[K-Wunused-parameter[m[K]
[43.691s]   222 |                            [01;35m[Kstd::shared_ptr<std_srvs::srv::SetBool::Request> request[m[K,
[43.691s]       |                            [01;35m[K~~~~~~~~~~~~~~~~~~~~~~~~~~~~~~~~~~~~~~~~~~~~~~~~~^~~~~~~[m[K
[43.691s] [01m[K/root/colcon_ws/src/orb_slam3_ros2_wrapper/src/rgbd/rgbd-slam-node.cpp:223:78:[m[K [01;35m[Kwarning: [m[Kunused parameter ‘[01m[Kresponse[m[K’ [[01;35m[K-Wunused-parameter[m[K]
[43.691s]   223 |                            [01;35m[Kstd::shared_ptr<std_srvs::srv::SetBool::Response> response[m[K)
[43.691s]       |                            [01;35m[K~~~~~~~~~~~~~~~~~~~~~~~~~~~~~~~~~~~~~~~~~~~~~~~~~~^~~~~~~~[m[K
[43.722s] [01m[K/root/colcon_ws/src/orb_slam3_ros2_wrapper/src/rgbd/rgbd-slam-node.cpp:[m[K In member function ‘[01m[Kvoid ORB_SLAM3_Wrapper::RgbdSlamNode::getMapServer(std::shared_ptr<rmw_request_id_s>, std::shared_ptr<slam_msgs::srv::GetMap_Request_<std::allocator<void> > >, std::shared_ptr<slam_msgs::srv::GetMap_Response_<std::allocator<void> > >)[m[K’:
[43.722s] [01m[K/root/colcon_ws/src/orb_slam3_ros2_wrapper/src/rgbd/rgbd-slam-node.cpp:254:71:[m[K [01;35m[Kwarning: [m[Kunused parameter ‘[01m[Krequest_header[m[K’ [[01;35m[K-Wunused-parameter[m[K]
[43.722s]   254 |     void RgbdSlamNode::getMapServer([01;35m[Kstd::shared_ptr<rmw_request_id_t> request_header[m[K,
[43.722s]       |                                     [01;35m[K~~~~~~~~~~~~~~~~~~~~~~~~~~~~~~~~~~^~~~~~~~~~~~~~[m[K
[43.751s] [01m[K/root/colcon_ws/src/orb_slam3_ros2_wrapper/src/rgbd/rgbd-slam-node.cpp:[m[K In member function ‘[01m[Kvoid ORB_SLAM3_Wrapper::RgbdSlamNode::getMapPointsInViewServer(std::shared_ptr<rmw_request_id_s>, std::shared_ptr<slam_msgs::srv::GetLandmarksInView_Request_<std::allocator<void> > >, std::shared_ptr<slam_msgs::srv::GetLandmarksInView_Response_<std::allocator<void> > >)[m[K’:
[43.752s] [01m[K/root/colcon_ws/src/orb_slam3_ros2_wrapper/src/rgbd/rgbd-slam-node.cpp:264:83:[m[K [01;35m[Kwarning: [m[Kunused parameter ‘[01m[Krequest_header[m[K’ [[01;35m[K-Wunused-parameter[m[K]
[43.752s]   264 |     void RgbdSlamNode::getMapPointsInViewServer([01;35m[Kstd::shared_ptr<rmw_request_id_t> request_header[m[K,
[43.752s]       |                                                 [01;35m[K~~~~~~~~~~~~~~~~~~~~~~~~~~~~~~~~~~^~~~~~~~~~~~~~[m[K
[98.047s] [ 92%] [32m[1mLinking CXX executable typeconversionTests[0m
[100.608s] [ 92%] Built target typeconversionTests
[116.894s] [100%] [32m[1mLinking CXX executable rgbd[0m
[117.511s] /usr/bin/ld: warning: libopencv_imgcodecs.so.4.5d, needed by /opt/ros/humble/lib/libcv_bridge.so, may conflict with libopencv_imgcodecs.so.4.4
[117.954s] [100%] Built target rgbd
[117.969s] Invoked command in '/root/build/orb_slam3_ros2_wrapper' returned '0': AMENT_PREFIX_PATH=/root/install/slam_msgs:${AMENT_PREFIX_PATH} CMAKE_PREFIX_PATH=/root/install/slam_msgs:/root/colcon_ws/install/orb_slam3_ros2_wrapper:/root/colcon_ws/install/orb_slam3_map_generator:/root/colcon_ws/install/slam_msgs:/root/colcon_ws/install/orb_slam3_planner:/root/colcon_ws/install/map_merger:/root/colcon_ws/install/color_pose_corrector:/opt/ros/humble LD_LIBRARY_PATH=/root/install/slam_msgs/lib:${LD_LIBRARY_PATH} PYTHONPATH=/root/install/slam_msgs/local/lib/python3.10/dist-packages:${PYTHONPATH} /usr/bin/cmake --build /root/build/orb_slam3_ros2_wrapper -- -j12 -l12
[117.971s] Invoking command in '/root/build/orb_slam3_ros2_wrapper': AMENT_PREFIX_PATH=/root/install/slam_msgs:${AMENT_PREFIX_PATH} CMAKE_PREFIX_PATH=/root/install/slam_msgs:/root/colcon_ws/install/orb_slam3_ros2_wrapper:/root/colcon_ws/install/orb_slam3_map_generator:/root/colcon_ws/install/slam_msgs:/root/colcon_ws/install/orb_slam3_planner:/root/colcon_ws/install/map_merger:/root/colcon_ws/install/color_pose_corrector:/opt/ros/humble LD_LIBRARY_PATH=/root/install/slam_msgs/lib:${LD_LIBRARY_PATH} PYTHONPATH=/root/install/slam_msgs/local/lib/python3.10/dist-packages:${PYTHONPATH} /usr/bin/cmake --install /root/build/orb_slam3_ros2_wrapper
[117.978s] -- Install configuration: "Release"
[117.980s] -- Installing: /root/install/orb_slam3_ros2_wrapper/lib/orb_slam3_ros2_wrapper/rgbd
[117.982s] -- Set runtime path of "/root/install/orb_slam3_ros2_wrapper/lib/orb_slam3_ros2_wrapper/rgbd" to ""
[117.983s] -- Up-to-date: /root/install/orb_slam3_ros2_wrapper/share/orb_slam3_ros2_wrapper/launch
[117.983s] -- Up-to-date: /root/install/orb_slam3_ros2_wrapper/share/orb_slam3_ros2_wrapper/launch/rgbd.launch.py
[117.983s] -- Up-to-date: /root/install/orb_slam3_ros2_wrapper/share/orb_slam3_ros2_wrapper/launch/multi_robot.launch.py
[117.983s] -- Up-to-date: /root/install/orb_slam3_ros2_wrapper/share/orb_slam3_ros2_wrapper/launch/unirobot.launch.py
[117.983s] -- Up-to-date: /root/install/orb_slam3_ros2_wrapper/share/orb_slam3_ros2_wrapper/params
[117.984s] -- Up-to-date: /root/install/orb_slam3_ros2_wrapper/share/orb_slam3_ros2_wrapper/params/rgbd-ros-params.yaml
[117.984s] -- Up-to-date: /root/install/orb_slam3_ros2_wrapper/share/orb_slam3_ros2_wrapper/params/zed2i_kratos.yaml
[117.984s] -- Up-to-date: /root/install/orb_slam3_ros2_wrapper/share/orb_slam3_ros2_wrapper/params/zed2i.yaml
[117.984s] -- Up-to-date: /root/install/orb_slam3_ros2_wrapper/share/orb_slam3_ros2_wrapper/params/gazebo_rgbd.yaml
[117.984s] -- Up-to-date: /root/install/orb_slam3_ros2_wrapper/share/orb_slam3_ros2_wrapper/params/orbbec_astra.yaml
[117.984s] -- Up-to-date: /root/install/orb_slam3_ros2_wrapper/share/ament_index/resource_index/package_run_dependencies/orb_slam3_ros2_wrapper
[117.985s] -- Installing: /root/install/orb_slam3_ros2_wrapper/share/ament_index/resource_index/parent_prefix_path/orb_slam3_ros2_wrapper
[117.986s] -- Installing: /root/install/orb_slam3_ros2_wrapper/share/orb_slam3_ros2_wrapper/environment/ament_prefix_path.sh
[117.986s] -- Installing: /root/install/orb_slam3_ros2_wrapper/share/orb_slam3_ros2_wrapper/environment/ament_prefix_path.dsv
[117.987s] -- Installing: /root/install/orb_slam3_ros2_wrapper/share/orb_slam3_ros2_wrapper/environment/path.sh
[117.987s] -- Installing: /root/install/orb_slam3_ros2_wrapper/share/orb_slam3_ros2_wrapper/environment/path.dsv
[117.988s] -- Up-to-date: /root/install/orb_slam3_ros2_wrapper/share/orb_slam3_ros2_wrapper/local_setup.bash
[117.988s] -- Up-to-date: /root/install/orb_slam3_ros2_wrapper/share/orb_slam3_ros2_wrapper/local_setup.sh
[117.988s] -- Up-to-date: /root/install/orb_slam3_ros2_wrapper/share/orb_slam3_ros2_wrapper/local_setup.zsh
[117.988s] -- Installing: /root/install/orb_slam3_ros2_wrapper/share/orb_slam3_ros2_wrapper/local_setup.dsv
[117.988s] -- Installing: /root/install/orb_slam3_ros2_wrapper/share/orb_slam3_ros2_wrapper/package.dsv
[117.989s] -- Up-to-date: /root/install/orb_slam3_ros2_wrapper/share/ament_index/resource_index/packages/orb_slam3_ros2_wrapper
[117.989s] -- Up-to-date: /root/install/orb_slam3_ros2_wrapper/share/orb_slam3_ros2_wrapper/cmake/orb_slam3_ros2_wrapperConfig.cmake
[117.989s] -- Up-to-date: /root/install/orb_slam3_ros2_wrapper/share/orb_slam3_ros2_wrapper/cmake/orb_slam3_ros2_wrapperConfig-version.cmake
[117.989s] -- Up-to-date: /root/install/orb_slam3_ros2_wrapper/share/orb_slam3_ros2_wrapper/package.xml
[117.992s] Invoked command in '/root/build/orb_slam3_ros2_wrapper' returned '0': AMENT_PREFIX_PATH=/root/install/slam_msgs:${AMENT_PREFIX_PATH} CMAKE_PREFIX_PATH=/root/install/slam_msgs:/root/colcon_ws/install/orb_slam3_ros2_wrapper:/root/colcon_ws/install/orb_slam3_map_generator:/root/colcon_ws/install/slam_msgs:/root/colcon_ws/install/orb_slam3_planner:/root/colcon_ws/install/map_merger:/root/colcon_ws/install/color_pose_corrector:/opt/ros/humble LD_LIBRARY_PATH=/root/install/slam_msgs/lib:${LD_LIBRARY_PATH} PYTHONPATH=/root/install/slam_msgs/local/lib/python3.10/dist-packages:${PYTHONPATH} /usr/bin/cmake --install /root/build/orb_slam3_ros2_wrapper
