[0.000000] (-) TimerEvent: {}
[0.000280] (color_pose_corrector) JobQueued: {'identifier': 'color_pose_corrector', 'dependencies': OrderedDict()}
[0.000306] (slam_msgs) JobQueued: {'identifier': 'slam_msgs', 'dependencies': OrderedDict()}
[0.000336] (map_merger) JobQueued: {'identifier': 'map_merger', 'dependencies': OrderedDict([('slam_msgs', '/root/install/slam_msgs')])}
[0.000421] (orb_slam3_map_generator) JobQueued: {'identifier': 'orb_slam3_map_generator', 'dependencies': OrderedDict([('slam_msgs', '/root/install/slam_msgs')])}
[0.000438] (orb_slam3_planner) JobQueued: {'identifier': 'orb_slam3_planner', 'dependencies': OrderedDict([('slam_msgs', '/root/install/slam_msgs')])}
[0.000453] (orb_slam3_ros2_wrapper) JobQueued: {'identifier': 'orb_slam3_ros2_wrapper', 'dependencies': OrderedDict([('slam_msgs', '/root/install/slam_msgs')])}
[0.000468] (slam_msgs) JobStarted: {'identifier': 'slam_msgs'}
[0.008297] (color_pose_corrector) JobStarted: {'identifier': 'color_pose_corrector'}
[0.024226] (slam_msgs) JobProgress: {'identifier': 'slam_msgs', 'progress': 'cmake'}
[0.025901] (slam_msgs) JobProgress: {'identifier': 'slam_msgs', 'progress': 'build'}
[0.026467] (slam_msgs) Command: {'cmd': ['/usr/bin/cmake', '--build', '/root/build/slam_msgs', '--', '-j12', '-l12'], 'cwd': '/root/build/slam_msgs', 'env': OrderedDict([('HOSTNAME', 'LP-Boston-12214'), ('SHLVL', '1'), ('LD_LIBRARY_PATH', '/root/colcon_ws/install/slam_msgs/lib:/opt/ros/humble/opt/rviz_ogre_vendor/lib:/opt/ros/humble/lib/x86_64-linux-gnu:/opt/ros/humble/lib'), ('HOME', '/root'), ('CYCLONEDDS_URI', '/root/.ros/cyclonedds.xml'), ('OLDPWD', '/'), ('ROS_PYTHON_VERSION', '3'), ('COLCON_PREFIX_PATH', '/root/colcon_ws/install'), ('ROS_DISTRO', 'humble'), ('_', '/usr/bin/colcon'), ('ROS_VERSION', '2'), ('TERM', 'xterm'), ('ROS_LOCALHOST_ONLY', '0'), ('PATH', '/opt/ros/humble/bin:/usr/local/sbin:/usr/local/bin:/usr/sbin:/usr/bin:/sbin:/bin'), ('XDG_RUNTIME_DIR', '/tmp/runtime-root'), ('DISPLAY', ':1'), ('LANG', 'C.UTF-8'), ('RMW_IMPLEMENTATION', 'rmw_cyclonedds_cpp'), ('LS_COLORS', 'rs=0:di=01;34:ln=01;36:mh=00:pi=40;33:so=01;35:do=01;35:bd=40;33;01:cd=40;33;01:or=40;31;01:mi=00:su=37;41:sg=30;43:ca=30;41:tw=30;42:ow=34;42:st=37;44:ex=01;32:*.tar=01;31:*.tgz=01;31:*.arc=01;31:*.arj=01;31:*.taz=01;31:*.lha=01;31:*.lz4=01;31:*.lzh=01;31:*.lzma=01;31:*.tlz=01;31:*.txz=01;31:*.tzo=01;31:*.t7z=01;31:*.zip=01;31:*.z=01;31:*.dz=01;31:*.gz=01;31:*.lrz=01;31:*.lz=01;31:*.lzo=01;31:*.xz=01;31:*.zst=01;31:*.tzst=01;31:*.bz2=01;31:*.bz=01;31:*.tbz=01;31:*.tbz2=01;31:*.tz=01;31:*.deb=01;31:*.rpm=01;31:*.jar=01;31:*.war=01;31:*.ear=01;31:*.sar=01;31:*.rar=01;31:*.alz=01;31:*.ace=01;31:*.zoo=01;31:*.cpio=01;31:*.7z=01;31:*.rz=01;31:*.cab=01;31:*.wim=01;31:*.swm=01;31:*.dwm=01;31:*.esd=01;31:*.jpg=01;35:*.jpeg=01;35:*.mjpg=01;35:*.mjpeg=01;35:*.gif=01;35:*.bmp=01;35:*.pbm=01;35:*.pgm=01;35:*.ppm=01;35:*.tga=01;35:*.xbm=01;35:*.xpm=01;35:*.tif=01;35:*.tiff=01;35:*.png=01;35:*.svg=01;35:*.svgz=01;35:*.mng=01;35:*.pcx=01;35:*.mov=01;35:*.mpg=01;35:*.mpeg=01;35:*.m2v=01;35:*.mkv=01;35:*.webm=01;35:*.webp=01;35:*.ogm=01;35:*.mp4=01;35:*.m4v=01;35:*.mp4v=01;35:*.vob=01;35:*.qt=01;35:*.nuv=01;35:*.wmv=01;35:*.asf=01;35:*.rm=01;35:*.rmvb=01;35:*.flc=01;35:*.avi=01;35:*.fli=01;35:*.flv=01;35:*.gl=01;35:*.dl=01;35:*.xcf=01;35:*.xwd=01;35:*.yuv=01;35:*.cgm=01;35:*.emf=01;35:*.ogv=01;35:*.ogx=01;35:*.aac=00;36:*.au=00;36:*.flac=00;36:*.m4a=00;36:*.mid=00;36:*.midi=00;36:*.mka=00;36:*.mp3=00;36:*.mpc=00;36:*.ogg=00;36:*.ra=00;36:*.wav=00;36:*.oga=00;36:*.opus=00;36:*.spx=00;36:*.xspf=00;36:'), ('ROS_DOMAIN_ID', '55'), ('AMENT_PREFIX_PATH', '/root/colcon_ws/install/orb_slam3_ros2_wrapper:/root/colcon_ws/install/orb_slam3_planner:/root/colcon_ws/install/orb_slam3_map_generator:/root/colcon_ws/install/map_merger:/root/colcon_ws/install/slam_msgs:/root/colcon_ws/install/color_pose_corrector:/opt/ros/humble'), ('PWD', '/root/build/slam_msgs'), ('LC_ALL', 'C.UTF-8'), ('RCUTILS_COLORIZED_OUTPUT', '1'), ('PYTHONPATH', '/root/colcon_ws/build/orb_slam3_planner:/root/colcon_ws/install/orb_slam3_planner/lib/python3.10/site-packages:/root/colcon_ws/build/map_merger:/root/colcon_ws/install/map_merger/lib/python3.10/site-packages:/root/colcon_ws/install/slam_msgs/local/lib/python3.10/dist-packages:/root/colcon_ws/install/color_pose_corrector/lib/python3.10/site-packages:/opt/ros/humble/lib/python3.10/site-packages:/opt/ros/humble/local/lib/python3.10/dist-packages'), ('COLCON', '1'), ('CMAKE_PREFIX_PATH', '/root/colcon_ws/install/orb_slam3_ros2_wrapper:/root/colcon_ws/install/orb_slam3_map_generator:/root/colcon_ws/install/slam_msgs:/root/colcon_ws/install/orb_slam3_planner:/root/colcon_ws/install/map_merger:/root/colcon_ws/install/color_pose_corrector:/opt/ros/humble')]), 'shell': False}
[0.069875] (slam_msgs) StdoutLine: {'line': b'-- Found ament_cmake: 1.3.11 (/opt/ros/humble/share/ament_cmake/cmake)\n'}
[0.098925] (-) TimerEvent: {}
[0.199143] (-) TimerEvent: {}
[0.213807] (slam_msgs) StdoutLine: {'line': b'-- Found rclcpp: 16.0.12 (/opt/ros/humble/share/rclcpp/cmake)\n'}
[0.263987] (slam_msgs) StdoutLine: {'line': b'-- Found rosidl_generator_c: 3.1.6 (/opt/ros/humble/share/rosidl_generator_c/cmake)\n'}
[0.267454] (slam_msgs) StdoutLine: {'line': b'-- Found rosidl_adapter: 3.1.6 (/opt/ros/humble/share/rosidl_adapter/cmake)\n'}
[0.276604] (slam_msgs) StdoutLine: {'line': b'-- Found rosidl_generator_cpp: 3.1.6 (/opt/ros/humble/share/rosidl_generator_cpp/cmake)\n'}
[0.289819] (slam_msgs) StdoutLine: {'line': b'-- Using all available rosidl_typesupport_c: rosidl_typesupport_fastrtps_c;rosidl_typesupport_introspection_c\n'}
[0.299250] (-) TimerEvent: {}
[0.307524] (slam_msgs) StdoutLine: {'line': b'-- Using all available rosidl_typesupport_cpp: rosidl_typesupport_fastrtps_cpp;rosidl_typesupport_introspection_cpp\n'}
[0.352477] (slam_msgs) StdoutLine: {'line': b'-- Found rmw_implementation_cmake: 6.1.2 (/opt/ros/humble/share/rmw_implementation_cmake/cmake)\n'}
[0.355334] (slam_msgs) StdoutLine: {'line': b'-- Found rmw_cyclonedds_cpp: 1.3.4 (/opt/ros/humble/share/rmw_cyclonedds_cpp/cmake)\n'}
[0.379586] (slam_msgs) StdoutLine: {'line': b"-- Using RMW implementation 'rmw_cyclonedds_cpp' as default\n"}
[0.399381] (-) TimerEvent: {}
[0.441550] (slam_msgs) StdoutLine: {'line': b'-- Found geometry_msgs: 4.9.0 (/opt/ros/humble/share/geometry_msgs/cmake)\n'}
[0.456158] (slam_msgs) StdoutLine: {'line': b'-- Found sensor_msgs: 4.9.0 (/opt/ros/humble/share/sensor_msgs/cmake)\n'}
[0.478543] (slam_msgs) StdoutLine: {'line': b'-- Found rosidl_default_generators: 1.2.0 (/opt/ros/humble/share/rosidl_default_generators/cmake)\n'}
[0.499501] (-) TimerEvent: {}
[0.539330] (color_pose_corrector) Command: {'cmd': ['/usr/bin/python3', '-W', 'ignore:setup.py install is deprecated', '-W', 'ignore:easy_install command is deprecated', 'setup.py', 'egg_info', '--egg-base', '../../../build/color_pose_corrector', 'build', '--build-base', '/root/build/color_pose_corrector/build', 'install', '--record', '/root/build/color_pose_corrector/install.log', '--single-version-externally-managed', 'install_data'], 'cwd': '/root/colcon_ws/src/color_pose_corrector', 'env': {'HOSTNAME': 'LP-Boston-12214', 'SHLVL': '1', 'LD_LIBRARY_PATH': '/root/colcon_ws/install/slam_msgs/lib:/opt/ros/humble/opt/rviz_ogre_vendor/lib:/opt/ros/humble/lib/x86_64-linux-gnu:/opt/ros/humble/lib', 'HOME': '/root', 'CYCLONEDDS_URI': '/root/.ros/cyclonedds.xml', 'OLDPWD': '/', 'ROS_PYTHON_VERSION': '3', 'COLCON_PREFIX_PATH': '/root/colcon_ws/install', 'ROS_DISTRO': 'humble', '_': '/usr/bin/colcon', 'ROS_VERSION': '2', 'TERM': 'xterm', 'ROS_LOCALHOST_ONLY': '0', 'PATH': '/opt/ros/humble/bin:/usr/local/sbin:/usr/local/bin:/usr/sbin:/usr/bin:/sbin:/bin', 'XDG_RUNTIME_DIR': '/tmp/runtime-root', 'DISPLAY': ':1', 'LANG': 'C.UTF-8', 'RMW_IMPLEMENTATION': 'rmw_cyclonedds_cpp', 'LS_COLORS': 'rs=0:di=01;34:ln=01;36:mh=00:pi=40;33:so=01;35:do=01;35:bd=40;33;01:cd=40;33;01:or=40;31;01:mi=00:su=37;41:sg=30;43:ca=30;41:tw=30;42:ow=34;42:st=37;44:ex=01;32:*.tar=01;31:*.tgz=01;31:*.arc=01;31:*.arj=01;31:*.taz=01;31:*.lha=01;31:*.lz4=01;31:*.lzh=01;31:*.lzma=01;31:*.tlz=01;31:*.txz=01;31:*.tzo=01;31:*.t7z=01;31:*.zip=01;31:*.z=01;31:*.dz=01;31:*.gz=01;31:*.lrz=01;31:*.lz=01;31:*.lzo=01;31:*.xz=01;31:*.zst=01;31:*.tzst=01;31:*.bz2=01;31:*.bz=01;31:*.tbz=01;31:*.tbz2=01;31:*.tz=01;31:*.deb=01;31:*.rpm=01;31:*.jar=01;31:*.war=01;31:*.ear=01;31:*.sar=01;31:*.rar=01;31:*.alz=01;31:*.ace=01;31:*.zoo=01;31:*.cpio=01;31:*.7z=01;31:*.rz=01;31:*.cab=01;31:*.wim=01;31:*.swm=01;31:*.dwm=01;31:*.esd=01;31:*.jpg=01;35:*.jpeg=01;35:*.mjpg=01;35:*.mjpeg=01;35:*.gif=01;35:*.bmp=01;35:*.pbm=01;35:*.pgm=01;35:*.ppm=01;35:*.tga=01;35:*.xbm=01;35:*.xpm=01;35:*.tif=01;35:*.tiff=01;35:*.png=01;35:*.svg=01;35:*.svgz=01;35:*.mng=01;35:*.pcx=01;35:*.mov=01;35:*.mpg=01;35:*.mpeg=01;35:*.m2v=01;35:*.mkv=01;35:*.webm=01;35:*.webp=01;35:*.ogm=01;35:*.mp4=01;35:*.m4v=01;35:*.mp4v=01;35:*.vob=01;35:*.qt=01;35:*.nuv=01;35:*.wmv=01;35:*.asf=01;35:*.rm=01;35:*.rmvb=01;35:*.flc=01;35:*.avi=01;35:*.fli=01;35:*.flv=01;35:*.gl=01;35:*.dl=01;35:*.xcf=01;35:*.xwd=01;35:*.yuv=01;35:*.cgm=01;35:*.emf=01;35:*.ogv=01;35:*.ogx=01;35:*.aac=00;36:*.au=00;36:*.flac=00;36:*.m4a=00;36:*.mid=00;36:*.midi=00;36:*.mka=00;36:*.mp3=00;36:*.mpc=00;36:*.ogg=00;36:*.ra=00;36:*.wav=00;36:*.oga=00;36:*.opus=00;36:*.spx=00;36:*.xspf=00;36:', 'ROS_DOMAIN_ID': '55', 'AMENT_PREFIX_PATH': '/root/colcon_ws/install/orb_slam3_ros2_wrapper:/root/colcon_ws/install/orb_slam3_planner:/root/colcon_ws/install/orb_slam3_map_generator:/root/colcon_ws/install/map_merger:/root/colcon_ws/install/slam_msgs:/root/colcon_ws/install/color_pose_corrector:/opt/ros/humble', 'PWD': '/root/build/color_pose_corrector', 'LC_ALL': 'C.UTF-8', 'RCUTILS_COLORIZED_OUTPUT': '1', 'PYTHONPATH': '/root/build/color_pose_corrector/prefix_override:/usr/lib/python3/dist-packages/colcon_core/task/python/colcon_distutils_commands:/root/install/color_pose_corrector/lib/python3.10/site-packages:/root/colcon_ws/build/orb_slam3_planner:/root/colcon_ws/install/orb_slam3_planner/lib/python3.10/site-packages:/root/colcon_ws/build/map_merger:/root/colcon_ws/install/map_merger/lib/python3.10/site-packages:/root/colcon_ws/install/slam_msgs/local/lib/python3.10/dist-packages:/root/colcon_ws/install/color_pose_corrector/lib/python3.10/site-packages:/opt/ros/humble/lib/python3.10/site-packages:/opt/ros/humble/local/lib/python3.10/dist-packages', 'COLCON': '1', 'CMAKE_PREFIX_PATH': '/root/colcon_ws/install/orb_slam3_ros2_wrapper:/root/colcon_ws/install/orb_slam3_map_generator:/root/colcon_ws/install/slam_msgs'}, 'shell': False}
[0.599615] (-) TimerEvent: {}
[0.699881] (-) TimerEvent: {}
[0.751801] (color_pose_corrector) StdoutLine: {'line': b'running egg_info\n'}
[0.752267] (color_pose_corrector) StdoutLine: {'line': b'creating ../../../build/color_pose_corrector/color_pose_corrector.egg-info\n'}
[0.752450] (color_pose_corrector) StdoutLine: {'line': b'writing ../../../build/color_pose_corrector/color_pose_corrector.egg-info/PKG-INFO\n'}
[0.752587] (color_pose_corrector) StdoutLine: {'line': b'writing dependency_links to ../../../build/color_pose_corrector/color_pose_corrector.egg-info/dependency_links.txt\n'}
[0.752712] (color_pose_corrector) StdoutLine: {'line': b'writing entry points to ../../../build/color_pose_corrector/color_pose_corrector.egg-info/entry_points.txt\n'}
[0.752767] (color_pose_corrector) StdoutLine: {'line': b'writing requirements to ../../../build/color_pose_corrector/color_pose_corrector.egg-info/requires.txt\n'}
[0.752930] (color_pose_corrector) StdoutLine: {'line': b'writing top-level names to ../../../build/color_pose_corrector/color_pose_corrector.egg-info/top_level.txt\n'}
[0.752993] (color_pose_corrector) StdoutLine: {'line': b"writing manifest file '../../../build/color_pose_corrector/color_pose_corrector.egg-info/SOURCES.txt'\n"}
[0.754217] (color_pose_corrector) StdoutLine: {'line': b"reading manifest file '../../../build/color_pose_corrector/color_pose_corrector.egg-info/SOURCES.txt'\n"}
[0.754859] (color_pose_corrector) StdoutLine: {'line': b"writing manifest file '../../../build/color_pose_corrector/color_pose_corrector.egg-info/SOURCES.txt'\n"}
[0.755071] (color_pose_corrector) StdoutLine: {'line': b'running build\n'}
[0.755183] (color_pose_corrector) StdoutLine: {'line': b'running build_py\n'}
[0.755238] (color_pose_corrector) StdoutLine: {'line': b'creating /root/build/color_pose_corrector/build\n'}
[0.755293] (color_pose_corrector) StdoutLine: {'line': b'creating /root/build/color_pose_corrector/build/lib\n'}
[0.755346] (color_pose_corrector) StdoutLine: {'line': b'creating /root/build/color_pose_corrector/build/lib/color_pose_corrector\n'}
[0.755398] (color_pose_corrector) StdoutLine: {'line': b'copying color_pose_corrector/__init__.py -> /root/build/color_pose_corrector/build/lib/color_pose_corrector\n'}
[0.755475] (color_pose_corrector) StdoutLine: {'line': b'copying color_pose_corrector/color_finder.py -> /root/build/color_pose_corrector/build/lib/color_pose_corrector\n'}
[0.755526] (color_pose_corrector) StdoutLine: {'line': b'running install\n'}
[0.755644] (color_pose_corrector) StdoutLine: {'line': b'running install_lib\n'}
[0.756209] (color_pose_corrector) StdoutLine: {'line': b'creating /root/install/color_pose_corrector/lib/python3.10/site-packages/color_pose_corrector\n'}
[0.756337] (color_pose_corrector) StdoutLine: {'line': b'copying /root/build/color_pose_corrector/build/lib/color_pose_corrector/__init__.py -> /root/install/color_pose_corrector/lib/python3.10/site-packages/color_pose_corrector\n'}
[0.756516] (color_pose_corrector) StdoutLine: {'line': b'copying /root/build/color_pose_corrector/build/lib/color_pose_corrector/color_finder.py -> /root/install/color_pose_corrector/lib/python3.10/site-packages/color_pose_corrector\n'}
[0.756924] (color_pose_corrector) StdoutLine: {'line': b'byte-compiling /root/install/color_pose_corrector/lib/python3.10/site-packages/color_pose_corrector/__init__.py to __init__.cpython-310.pyc\n'}
[0.757119] (color_pose_corrector) StdoutLine: {'line': b'byte-compiling /root/install/color_pose_corrector/lib/python3.10/site-packages/color_pose_corrector/color_finder.py to color_finder.cpython-310.pyc\n'}
[0.757289] (color_pose_corrector) StdoutLine: {'line': b'running install_data\n'}
[0.757427] (color_pose_corrector) StdoutLine: {'line': b'creating /root/install/color_pose_corrector/share/ament_index\n'}
[0.757630] (color_pose_corrector) StdoutLine: {'line': b'creating /root/install/color_pose_corrector/share/ament_index/resource_index\n'}
[0.757724] (color_pose_corrector) StdoutLine: {'line': b'creating /root/install/color_pose_corrector/share/ament_index/resource_index/packages\n'}
[0.757860] (color_pose_corrector) StdoutLine: {'line': b'copying resource/color_pose_corrector -> /root/install/color_pose_corrector/share/ament_index/resource_index/packages\n'}
[0.757951] (color_pose_corrector) StdoutLine: {'line': b'copying package.xml -> /root/install/color_pose_corrector/share/color_pose_corrector\n'}
[0.758035] (color_pose_corrector) StdoutLine: {'line': b'running install_egg_info\n'}
[0.759227] (color_pose_corrector) StdoutLine: {'line': b'Copying ../../../build/color_pose_corrector/color_pose_corrector.egg-info to /root/install/color_pose_corrector/lib/python3.10/site-packages/color_pose_corrector-0.0.0-py3.10.egg-info\n'}
[0.760240] (color_pose_corrector) StdoutLine: {'line': b'running install_scripts\n'}
[0.778082] (color_pose_corrector) StdoutLine: {'line': b'Installing color_finder script to /root/install/color_pose_corrector/lib/color_pose_corrector\n'}
[0.778355] (color_pose_corrector) StdoutLine: {'line': b"writing list of installed files to '/root/build/color_pose_corrector/install.log'\n"}
[0.795581] (color_pose_corrector) CommandEnded: {'returncode': 0}
[0.800002] (-) TimerEvent: {}
[0.804574] (color_pose_corrector) JobEnded: {'identifier': 'color_pose_corrector', 'rc': 0}
[0.842381] (slam_msgs) StdoutLine: {'line': b'-- Found ament_cmake_ros: 0.10.0 (/opt/ros/humble/share/ament_cmake_ros/cmake)\n'}
[0.900121] (-) TimerEvent: {}
[1.000359] (-) TimerEvent: {}
[1.100596] (-) TimerEvent: {}
[1.200862] (-) TimerEvent: {}
[1.295636] (slam_msgs) StdoutLine: {'line': b'-- Using all available rosidl_typesupport_c: rosidl_typesupport_fastrtps_c;rosidl_typesupport_introspection_c\n'}
[1.300911] (-) TimerEvent: {}
[1.401119] (-) TimerEvent: {}
[1.480545] (slam_msgs) StdoutLine: {'line': b'-- Using all available rosidl_typesupport_cpp: rosidl_typesupport_fastrtps_cpp;rosidl_typesupport_introspection_cpp\n'}
[1.501198] (-) TimerEvent: {}
[1.505758] (slam_msgs) StdoutLine: {'line': b'-- Found python_cmake_module: 0.10.0 (/opt/ros/humble/share/python_cmake_module/cmake)\n'}
[1.532352] (slam_msgs) StdoutLine: {'line': b'-- Using PYTHON_EXECUTABLE: /usr/bin/python3\n'}
[1.532487] (slam_msgs) StdoutLine: {'line': b'-- Using PYTHON_INCLUDE_DIRS: /usr/include/python3.10\n'}
[1.532546] (slam_msgs) StdoutLine: {'line': b'-- Using PYTHON_LIBRARIES: /usr/lib/x86_64-linux-gnu/libpython3.10.so\n'}
[1.601323] (-) TimerEvent: {}
[1.620574] (slam_msgs) StdoutLine: {'line': b'-- Configuring done\n'}
[1.701298] (slam_msgs) StdoutLine: {'line': b'-- Generating done\n'}
[1.701531] (-) TimerEvent: {}
[1.717830] (slam_msgs) StdoutLine: {'line': b'-- Build files have been written to: /root/build/slam_msgs\n'}
[1.768340] (slam_msgs) StdoutLine: {'line': b'\x1b[35m\x1b[1mConsolidate compiler generated dependencies of target slam_msgs__rosidl_generator_c\x1b[0m\n'}
[1.785178] (slam_msgs) StdoutLine: {'line': b'[  0%] Built target ament_cmake_python_copy_slam_msgs\n'}
[1.791052] (slam_msgs) StdoutLine: {'line': b'[  2%] \x1b[32mBuilding C object CMakeFiles/slam_msgs__rosidl_generator_c.dir/rosidl_generator_c/slam_msgs/msg/detail/map_point__functions.c.o\x1b[0m\n'}
[1.791291] (slam_msgs) StdoutLine: {'line': b'[  2%] \x1b[32mBuilding C object CMakeFiles/slam_msgs__rosidl_generator_c.dir/rosidl_generator_c/slam_msgs/msg/detail/key_frame__functions.c.o\x1b[0m\n'}
[1.791436] (slam_msgs) StdoutLine: {'line': b'[  3%] \x1b[32mBuilding C object CMakeFiles/slam_msgs__rosidl_generator_c.dir/rosidl_generator_c/slam_msgs/msg/detail/map_data__functions.c.o\x1b[0m\n'}
[1.791577] (slam_msgs) StdoutLine: {'line': b'[  4%] \x1b[32mBuilding C object CMakeFiles/slam_msgs__rosidl_generator_c.dir/rosidl_generator_c/slam_msgs/srv/detail/get_map__functions.c.o\x1b[0m\n'}
[1.791801] (slam_msgs) StdoutLine: {'line': b'[  5%] \x1b[32mBuilding C object CMakeFiles/slam_msgs__rosidl_generator_c.dir/rosidl_generator_c/slam_msgs/msg/detail/slam_info__functions.c.o\x1b[0m\n'}
[1.791942] (slam_msgs) StdoutLine: {'line': b'[  6%] Built target slam_msgs__cpp\n'}
[1.792119] (slam_msgs) StdoutLine: {'line': b'[  7%] \x1b[32mBuilding C object CMakeFiles/slam_msgs__rosidl_generator_c.dir/rosidl_generator_c/slam_msgs/srv/detail/get_landmarks_in_view__functions.c.o\x1b[0m\n'}
[1.792306] (slam_msgs) StdoutLine: {'line': b'[  8%] \x1b[32mBuilding C object CMakeFiles/slam_msgs__rosidl_generator_c.dir/rosidl_generator_c/slam_msgs/srv/detail/get_all_landmarks_in_map__functions.c.o\x1b[0m\n'}
[1.793557] (slam_msgs) StdoutLine: {'line': b'[  9%] \x1b[32mBuilding C object CMakeFiles/slam_msgs__rosidl_generator_c.dir/rosidl_generator_c/slam_msgs/msg/detail/map_graph__functions.c.o\x1b[0m\n'}
[1.794267] (slam_msgs) StdoutLine: {'line': b'[ 10%] \x1b[32mBuilding C object CMakeFiles/slam_msgs__rosidl_generator_c.dir/rosidl_generator_c/slam_msgs/srv/detail/get_global_point_cloud__functions.c.o\x1b[0m\n'}
[1.801662] (-) TimerEvent: {}
[1.815325] (slam_msgs) StdoutLine: {'line': b'\x1b[35m\x1b[1mConsolidate compiler generated dependencies of target slam_msgs__rosidl_typesupport_fastrtps_cpp\x1b[0m\n'}
[1.815764] (slam_msgs) StdoutLine: {'line': b'\x1b[35m\x1b[1mConsolidate compiler generated dependencies of target slam_msgs__rosidl_typesupport_cpp\x1b[0m\n'}
[1.844210] (slam_msgs) StdoutLine: {'line': b'[ 11%] \x1b[32mBuilding CXX object CMakeFiles/slam_msgs__rosidl_typesupport_cpp.dir/rosidl_typesupport_cpp/slam_msgs/msg/map_graph__type_support.cpp.o\x1b[0m\n'}
[1.847522] (slam_msgs) StdoutLine: {'line': b'[ 12%] \x1b[32mBuilding CXX object CMakeFiles/slam_msgs__rosidl_typesupport_fastrtps_cpp.dir/rosidl_typesupport_fastrtps_cpp/slam_msgs/msg/detail/dds_fastrtps/map_graph__type_support.cpp.o\x1b[0m\n'}
[1.902089] (-) TimerEvent: {}
[1.919866] (slam_msgs) StdoutLine: {'line': b'[ 13%] \x1b[32mBuilding CXX object CMakeFiles/slam_msgs__rosidl_typesupport_cpp.dir/rosidl_typesupport_cpp/slam_msgs/msg/key_frame__type_support.cpp.o\x1b[0m\n'}
[1.920256] (slam_msgs) StdoutLine: {'line': b'[ 14%] \x1b[32mBuilding CXX object CMakeFiles/slam_msgs__rosidl_typesupport_cpp.dir/rosidl_typesupport_cpp/slam_msgs/msg/map_data__type_support.cpp.o\x1b[0m\n'}
[1.920442] (slam_msgs) StdoutLine: {'line': b'[ 15%] \x1b[32mBuilding CXX object CMakeFiles/slam_msgs__rosidl_typesupport_fastrtps_cpp.dir/rosidl_typesupport_fastrtps_cpp/slam_msgs/msg/detail/dds_fastrtps/map_data__type_support.cpp.o\x1b[0m\n'}
[1.920588] (slam_msgs) StdoutLine: {'line': b'[ 16%] \x1b[32mBuilding CXX object CMakeFiles/slam_msgs__rosidl_typesupport_fastrtps_cpp.dir/rosidl_typesupport_fastrtps_cpp/slam_msgs/msg/detail/dds_fastrtps/key_frame__type_support.cpp.o\x1b[0m\n'}
[1.925686] (slam_msgs) StdoutLine: {'line': b'[ 17%] \x1b[32mBuilding CXX object CMakeFiles/slam_msgs__rosidl_typesupport_cpp.dir/rosidl_typesupport_cpp/slam_msgs/msg/map_point__type_support.cpp.o\x1b[0m\n'}
[1.925981] (slam_msgs) StdoutLine: {'line': b'[ 20%] \x1b[32mBuilding CXX object CMakeFiles/slam_msgs__rosidl_typesupport_cpp.dir/rosidl_typesupport_cpp/slam_msgs/msg/slam_info__type_support.cpp.o\x1b[0m\n'}
[1.926123] (slam_msgs) StdoutLine: {'line': b'[ 20%] \x1b[32mBuilding CXX object CMakeFiles/slam_msgs__rosidl_typesupport_fastrtps_cpp.dir/rosidl_typesupport_fastrtps_cpp/slam_msgs/msg/detail/dds_fastrtps/map_point__type_support.cpp.o\x1b[0m\n'}
[1.932207] (slam_msgs) StdoutLine: {'line': b'\x1b[35m\x1b[1mConsolidate compiler generated dependencies of target slam_msgs__rosidl_typesupport_introspection_cpp\x1b[0m\n'}
[1.939989] (slam_msgs) StdoutLine: {'line': b'[ 21%] \x1b[32m\x1b[1mLinking C shared library libslam_msgs__rosidl_generator_c.so\x1b[0m\n'}
[1.964479] (slam_msgs) StdoutLine: {'line': b'[ 22%] \x1b[32mBuilding CXX object CMakeFiles/slam_msgs__rosidl_typesupport_introspection_cpp.dir/rosidl_typesupport_introspection_cpp/slam_msgs/msg/detail/map_graph__type_support.cpp.o\x1b[0m\n'}
[2.003084] (-) TimerEvent: {}
[2.022013] (slam_msgs) StdoutLine: {'line': b'[ 23%] Built target slam_msgs__rosidl_generator_c\n'}
[2.045690] (slam_msgs) StdoutLine: {'line': b'[ 24%] \x1b[32mBuilding CXX object CMakeFiles/slam_msgs__rosidl_typesupport_introspection_cpp.dir/rosidl_typesupport_introspection_cpp/slam_msgs/msg/detail/map_data__type_support.cpp.o\x1b[0m\n'}
[2.103183] (-) TimerEvent: {}
[2.205844] (-) TimerEvent: {}
[2.235847] (slam_msgs) StdoutLine: {'line': b'running egg_info\n'}
[2.237272] (slam_msgs) StdoutLine: {'line': b'writing slam_msgs.egg-info/PKG-INFO\n'}
[2.238117] (slam_msgs) StdoutLine: {'line': b'writing dependency_links to slam_msgs.egg-info/dependency_links.txt\n'}
[2.238874] (slam_msgs) StdoutLine: {'line': b'writing top-level names to slam_msgs.egg-info/top_level.txt\n'}
[2.244063] (slam_msgs) StdoutLine: {'line': b"reading manifest file 'slam_msgs.egg-info/SOURCES.txt'\n"}
[2.247918] (slam_msgs) StdoutLine: {'line': b"writing manifest file 'slam_msgs.egg-info/SOURCES.txt'\n"}
[2.305962] (-) TimerEvent: {}
[2.335479] (slam_msgs) StdoutLine: {'line': b'[ 24%] Built target ament_cmake_python_build_slam_msgs_egg\n'}
[2.379719] (slam_msgs) StdoutLine: {'line': b'\x1b[35m\x1b[1mConsolidate compiler generated dependencies of target slam_msgs__rosidl_typesupport_fastrtps_c\x1b[0m\n'}
[2.406074] (-) TimerEvent: {}
[2.455619] (slam_msgs) StdoutLine: {'line': b'[ 25%] \x1b[32mBuilding CXX object CMakeFiles/slam_msgs__rosidl_typesupport_fastrtps_c.dir/rosidl_typesupport_fastrtps_c/slam_msgs/msg/detail/map_graph__type_support_c.cpp.o\x1b[0m\n'}
[2.506186] (-) TimerEvent: {}
[2.517053] (slam_msgs) StdoutLine: {'line': b'[ 26%] \x1b[32mBuilding CXX object CMakeFiles/slam_msgs__rosidl_typesupport_fastrtps_cpp.dir/rosidl_typesupport_fastrtps_cpp/slam_msgs/msg/detail/dds_fastrtps/slam_info__type_support.cpp.o\x1b[0m\n'}
[2.519337] (slam_msgs) StdoutLine: {'line': b'[ 27%] \x1b[32mBuilding CXX object CMakeFiles/slam_msgs__rosidl_typesupport_fastrtps_cpp.dir/rosidl_typesupport_fastrtps_cpp/slam_msgs/srv/detail/dds_fastrtps/get_map__type_support.cpp.o\x1b[0m\n'}
[2.531914] (slam_msgs) StdoutLine: {'line': b'[ 28%] \x1b[32mBuilding CXX object CMakeFiles/slam_msgs__rosidl_typesupport_introspection_cpp.dir/rosidl_typesupport_introspection_cpp/slam_msgs/msg/detail/key_frame__type_support.cpp.o\x1b[0m\n'}
[2.534581] (slam_msgs) StdoutLine: {'line': b'[ 29%] \x1b[32mBuilding CXX object CMakeFiles/slam_msgs__rosidl_typesupport_fastrtps_c.dir/rosidl_typesupport_fastrtps_c/slam_msgs/msg/detail/map_data__type_support_c.cpp.o\x1b[0m\n'}
[2.551141] (slam_msgs) StdoutLine: {'line': b'[ 30%] \x1b[32mBuilding CXX object CMakeFiles/slam_msgs__rosidl_typesupport_cpp.dir/rosidl_typesupport_cpp/slam_msgs/srv/get_map__type_support.cpp.o\x1b[0m\n'}
[2.606297] (-) TimerEvent: {}
[2.706607] (-) TimerEvent: {}
[2.810850] (-) TimerEvent: {}
[2.878982] (slam_msgs) StdoutLine: {'line': b'[ 31%] \x1b[32mBuilding CXX object CMakeFiles/slam_msgs__rosidl_typesupport_cpp.dir/rosidl_typesupport_cpp/slam_msgs/srv/get_landmarks_in_view__type_support.cpp.o\x1b[0m\n'}
[2.888614] (slam_msgs) StdoutLine: {'line': b'[ 32%] \x1b[32mBuilding CXX object CMakeFiles/slam_msgs__rosidl_typesupport_fastrtps_cpp.dir/rosidl_typesupport_fastrtps_cpp/slam_msgs/srv/detail/dds_fastrtps/get_landmarks_in_view__type_support.cpp.o\x1b[0m\n'}
[2.896383] (slam_msgs) StdoutLine: {'line': b'[ 33%] \x1b[32mBuilding CXX object CMakeFiles/slam_msgs__rosidl_typesupport_introspection_cpp.dir/rosidl_typesupport_introspection_cpp/slam_msgs/msg/detail/map_point__type_support.cpp.o\x1b[0m\n'}
[2.910958] (-) TimerEvent: {}
[2.915912] (slam_msgs) StdoutLine: {'line': b'\x1b[35m\x1b[1mConsolidate compiler generated dependencies of target slam_msgs__rosidl_typesupport_introspection_c\x1b[0m\n'}
[2.969714] (slam_msgs) StdoutLine: {'line': b'[ 34%] \x1b[32mBuilding C object CMakeFiles/slam_msgs__rosidl_typesupport_introspection_c.dir/rosidl_typesupport_introspection_c/slam_msgs/msg/detail/map_graph__type_support.c.o\x1b[0m\n'}
[3.011132] (-) TimerEvent: {}
[3.037831] (slam_msgs) StdoutLine: {'line': b'\x1b[35m\x1b[1mConsolidate compiler generated dependencies of target slam_msgs__rosidl_typesupport_c\x1b[0m\n'}
[3.062767] (slam_msgs) StdoutLine: {'line': b'[ 35%] \x1b[32mBuilding CXX object CMakeFiles/slam_msgs__rosidl_typesupport_fastrtps_c.dir/rosidl_typesupport_fastrtps_c/slam_msgs/msg/detail/key_frame__type_support_c.cpp.o\x1b[0m\n'}
[3.076215] (slam_msgs) StdoutLine: {'line': b'[ 36%] \x1b[32mBuilding CXX object CMakeFiles/slam_msgs__rosidl_typesupport_c.dir/rosidl_typesupport_c/slam_msgs/msg/map_graph__type_support.cpp.o\x1b[0m\n'}
[3.108593] (slam_msgs) StdoutLine: {'line': b'[ 37%] \x1b[32mBuilding C object CMakeFiles/slam_msgs__rosidl_typesupport_introspection_c.dir/rosidl_typesupport_introspection_c/slam_msgs/msg/detail/map_data__type_support.c.o\x1b[0m\n'}
[3.111229] (-) TimerEvent: {}
[3.140041] (slam_msgs) StdoutLine: {'line': b'[ 38%] \x1b[32mBuilding CXX object CMakeFiles/slam_msgs__rosidl_typesupport_c.dir/rosidl_typesupport_c/slam_msgs/msg/map_data__type_support.cpp.o\x1b[0m\n'}
[3.165671] (slam_msgs) StdoutLine: {'line': b'[ 40%] \x1b[32mBuilding CXX object CMakeFiles/slam_msgs__rosidl_typesupport_fastrtps_c.dir/rosidl_typesupport_fastrtps_c/slam_msgs/msg/detail/map_point__type_support_c.cpp.o\x1b[0m\n'}
[3.179247] (slam_msgs) StdoutLine: {'line': b'[ 41%] \x1b[32mBuilding CXX object CMakeFiles/slam_msgs__rosidl_typesupport_fastrtps_cpp.dir/rosidl_typesupport_fastrtps_cpp/slam_msgs/srv/detail/dds_fastrtps/get_all_landmarks_in_map__type_support.cpp.o\x1b[0m\n'}
[3.213241] (-) TimerEvent: {}
[3.213668] (slam_msgs) StdoutLine: {'line': b'[ 42%] \x1b[32mBuilding C object CMakeFiles/slam_msgs__rosidl_typesupport_introspection_c.dir/rosidl_typesupport_introspection_c/slam_msgs/msg/detail/key_frame__type_support.c.o\x1b[0m\n'}
[3.264788] (slam_msgs) StdoutLine: {'line': b'[ 43%] \x1b[32mBuilding CXX object CMakeFiles/slam_msgs__rosidl_typesupport_c.dir/rosidl_typesupport_c/slam_msgs/msg/key_frame__type_support.cpp.o\x1b[0m\n'}
[3.297864] (slam_msgs) StdoutLine: {'line': b'[ 44%] \x1b[32mBuilding CXX object CMakeFiles/slam_msgs__rosidl_typesupport_cpp.dir/rosidl_typesupport_cpp/slam_msgs/srv/get_all_landmarks_in_map__type_support.cpp.o\x1b[0m\n'}
[3.313349] (-) TimerEvent: {}
[3.319844] (slam_msgs) StdoutLine: {'line': b'[ 46%] \x1b[32mBuilding C object CMakeFiles/slam_msgs__rosidl_typesupport_introspection_c.dir/rosidl_typesupport_introspection_c/slam_msgs/msg/detail/map_point__type_support.c.o\x1b[0m\n'}
[3.323903] (slam_msgs) StdoutLine: {'line': b'[ 46%] \x1b[32mBuilding CXX object CMakeFiles/slam_msgs__rosidl_typesupport_introspection_cpp.dir/rosidl_typesupport_introspection_cpp/slam_msgs/msg/detail/slam_info__type_support.cpp.o\x1b[0m\n'}
[3.326770] (slam_msgs) StdoutLine: {'line': b'[ 47%] \x1b[32mBuilding CXX object CMakeFiles/slam_msgs__rosidl_typesupport_introspection_cpp.dir/rosidl_typesupport_introspection_cpp/slam_msgs/srv/detail/get_map__type_support.cpp.o\x1b[0m\n'}
[3.362880] (slam_msgs) StdoutLine: {'line': b'[ 48%] \x1b[32mBuilding CXX object CMakeFiles/slam_msgs__rosidl_typesupport_c.dir/rosidl_typesupport_c/slam_msgs/msg/map_point__type_support.cpp.o\x1b[0m\n'}
[3.414205] (-) TimerEvent: {}
[3.438602] (slam_msgs) StdoutLine: {'line': b'[ 49%] \x1b[32mBuilding CXX object CMakeFiles/slam_msgs__rosidl_typesupport_c.dir/rosidl_typesupport_c/slam_msgs/msg/slam_info__type_support.cpp.o\x1b[0m\n'}
[3.471000] (slam_msgs) StdoutLine: {'line': b'[ 50%] \x1b[32mBuilding C object CMakeFiles/slam_msgs__rosidl_typesupport_introspection_c.dir/rosidl_typesupport_introspection_c/slam_msgs/msg/detail/slam_info__type_support.c.o\x1b[0m\n'}
[3.481627] (slam_msgs) StdoutLine: {'line': b'[ 51%] \x1b[32mBuilding CXX object CMakeFiles/slam_msgs__rosidl_typesupport_introspection_cpp.dir/rosidl_typesupport_introspection_cpp/slam_msgs/srv/detail/get_landmarks_in_view__type_support.cpp.o\x1b[0m\n'}
[3.508946] (slam_msgs) StdoutLine: {'line': b'[ 52%] \x1b[32mBuilding CXX object CMakeFiles/slam_msgs__rosidl_typesupport_cpp.dir/rosidl_typesupport_cpp/slam_msgs/srv/get_global_point_cloud__type_support.cpp.o\x1b[0m\n'}
[3.517934] (-) TimerEvent: {}
[3.536919] (slam_msgs) StdoutLine: {'line': b'[ 53%] \x1b[32mBuilding CXX object CMakeFiles/slam_msgs__rosidl_typesupport_c.dir/rosidl_typesupport_c/slam_msgs/srv/get_map__type_support.cpp.o\x1b[0m\n'}
[3.579682] (slam_msgs) StdoutLine: {'line': b'[ 54%] \x1b[32mBuilding C object CMakeFiles/slam_msgs__rosidl_typesupport_introspection_c.dir/rosidl_typesupport_introspection_c/slam_msgs/srv/detail/get_map__type_support.c.o\x1b[0m\n'}
[3.618046] (-) TimerEvent: {}
[3.635900] (slam_msgs) StdoutLine: {'line': b'[ 55%] \x1b[32mBuilding CXX object CMakeFiles/slam_msgs__rosidl_typesupport_c.dir/rosidl_typesupport_c/slam_msgs/srv/get_landmarks_in_view__type_support.cpp.o\x1b[0m\n'}
[3.716213] (slam_msgs) StdoutLine: {'line': b'[ 56%] \x1b[32mBuilding C object CMakeFiles/slam_msgs__rosidl_typesupport_introspection_c.dir/rosidl_typesupport_introspection_c/slam_msgs/srv/detail/get_landmarks_in_view__type_support.c.o\x1b[0m\n'}
[3.718149] (-) TimerEvent: {}
[3.731932] (slam_msgs) StdoutLine: {'line': b'[ 57%] \x1b[32mBuilding CXX object CMakeFiles/slam_msgs__rosidl_typesupport_c.dir/rosidl_typesupport_c/slam_msgs/srv/get_all_landmarks_in_map__type_support.cpp.o\x1b[0m\n'}
[3.743358] (slam_msgs) StdoutLine: {'line': b'[ 58%] \x1b[32mBuilding CXX object CMakeFiles/slam_msgs__rosidl_typesupport_fastrtps_c.dir/rosidl_typesupport_fastrtps_c/slam_msgs/msg/detail/slam_info__type_support_c.cpp.o\x1b[0m\n'}
[3.759261] (slam_msgs) StdoutLine: {'line': b'[ 60%] \x1b[32mBuilding CXX object CMakeFiles/slam_msgs__rosidl_typesupport_fastrtps_cpp.dir/rosidl_typesupport_fastrtps_cpp/slam_msgs/srv/detail/dds_fastrtps/get_global_point_cloud__type_support.cpp.o\x1b[0m\n'}
[3.821041] (slam_msgs) StdoutLine: {'line': b'[ 61%] \x1b[32mBuilding C object CMakeFiles/slam_msgs__rosidl_typesupport_introspection_c.dir/rosidl_typesupport_introspection_c/slam_msgs/srv/detail/get_all_landmarks_in_map__type_support.c.o\x1b[0m\n'}
[3.821274] (-) TimerEvent: {}
[3.826641] (slam_msgs) StdoutLine: {'line': b'[ 62%] \x1b[32mBuilding CXX object CMakeFiles/slam_msgs__rosidl_typesupport_c.dir/rosidl_typesupport_c/slam_msgs/srv/get_global_point_cloud__type_support.cpp.o\x1b[0m\n'}
[3.883826] (slam_msgs) StdoutLine: {'line': b'[ 63%] \x1b[32mBuilding C object CMakeFiles/slam_msgs__rosidl_typesupport_introspection_c.dir/rosidl_typesupport_introspection_c/slam_msgs/srv/detail/get_global_point_cloud__type_support.c.o\x1b[0m\n'}
[3.896914] (slam_msgs) StdoutLine: {'line': b'[ 64%] \x1b[32mBuilding CXX object CMakeFiles/slam_msgs__rosidl_typesupport_introspection_cpp.dir/rosidl_typesupport_introspection_cpp/slam_msgs/srv/detail/get_all_landmarks_in_map__type_support.cpp.o\x1b[0m\n'}
[3.918963] (slam_msgs) StdoutLine: {'line': b'[ 65%] \x1b[32mBuilding CXX object CMakeFiles/slam_msgs__rosidl_typesupport_fastrtps_c.dir/rosidl_typesupport_fastrtps_c/slam_msgs/srv/detail/get_map__type_support_c.cpp.o\x1b[0m\n'}
[3.921382] (-) TimerEvent: {}
[3.922273] (slam_msgs) StdoutLine: {'line': b'[ 66%] \x1b[32m\x1b[1mLinking CXX shared library libslam_msgs__rosidl_typesupport_c.so\x1b[0m\n'}
[3.933884] (slam_msgs) StdoutLine: {'line': b'[ 67%] \x1b[32mBuilding CXX object CMakeFiles/slam_msgs__rosidl_typesupport_introspection_cpp.dir/rosidl_typesupport_introspection_cpp/slam_msgs/srv/detail/get_global_point_cloud__type_support.cpp.o\x1b[0m\n'}
[3.980279] (slam_msgs) StdoutLine: {'line': b'[ 68%] \x1b[32m\x1b[1mLinking C shared library libslam_msgs__rosidl_typesupport_introspection_c.so\x1b[0m\n'}
[4.021492] (-) TimerEvent: {}
[4.028011] (slam_msgs) StdoutLine: {'line': b'[ 69%] \x1b[32mBuilding CXX object CMakeFiles/slam_msgs__rosidl_typesupport_fastrtps_c.dir/rosidl_typesupport_fastrtps_c/slam_msgs/srv/detail/get_landmarks_in_view__type_support_c.cpp.o\x1b[0m\n'}
[4.044387] (slam_msgs) StdoutLine: {'line': b'[ 70%] Built target slam_msgs__rosidl_typesupport_c\n'}
[4.068412] (slam_msgs) StdoutLine: {'line': b'[ 71%] \x1b[32mBuilding CXX object CMakeFiles/slam_msgs__rosidl_typesupport_fastrtps_c.dir/rosidl_typesupport_fastrtps_c/slam_msgs/srv/detail/get_all_landmarks_in_map__type_support_c.cpp.o\x1b[0m\n'}
[4.095833] (slam_msgs) StdoutLine: {'line': b'[ 72%] \x1b[32mBuilding CXX object CMakeFiles/slam_msgs__rosidl_typesupport_fastrtps_c.dir/rosidl_typesupport_fastrtps_c/slam_msgs/srv/detail/get_global_point_cloud__type_support_c.cpp.o\x1b[0m\n'}
[4.096068] (slam_msgs) StdoutLine: {'line': b'[ 73%] \x1b[32m\x1b[1mLinking CXX shared library libslam_msgs__rosidl_typesupport_cpp.so\x1b[0m\n'}
[4.096247] (slam_msgs) StdoutLine: {'line': b'[ 74%] Built target slam_msgs__rosidl_typesupport_introspection_c\n'}
[4.121628] (-) TimerEvent: {}
[4.171687] (slam_msgs) StdoutLine: {'line': b'[ 75%] Built target slam_msgs__rosidl_typesupport_cpp\n'}
[4.222106] (-) TimerEvent: {}
[4.322428] (-) TimerEvent: {}
[4.422732] (-) TimerEvent: {}
[4.523087] (-) TimerEvent: {}
[4.569554] (slam_msgs) StdoutLine: {'line': b'[ 76%] \x1b[32m\x1b[1mLinking CXX shared library libslam_msgs__rosidl_typesupport_fastrtps_cpp.so\x1b[0m\n'}
[4.623266] (-) TimerEvent: {}
[4.642081] (slam_msgs) StdoutLine: {'line': b'[ 78%] \x1b[32m\x1b[1mLinking CXX shared library libslam_msgs__rosidl_typesupport_fastrtps_c.so\x1b[0m\n'}
[4.642418] (slam_msgs) StdoutLine: {'line': b'[ 78%] \x1b[32m\x1b[1mLinking CXX shared library libslam_msgs__rosidl_typesupport_introspection_cpp.so\x1b[0m\n'}
[4.685766] (slam_msgs) StdoutLine: {'line': b'[ 80%] Built target slam_msgs__rosidl_typesupport_fastrtps_cpp\n'}
[4.723370] (-) TimerEvent: {}
[4.739267] (slam_msgs) StdoutLine: {'line': b'[ 81%] Built target slam_msgs__rosidl_typesupport_fastrtps_c\n'}
[4.745304] (slam_msgs) StdoutLine: {'line': b'[ 82%] Built target slam_msgs__rosidl_typesupport_introspection_cpp\n'}
[4.768154] (slam_msgs) StdoutLine: {'line': b'[ 82%] Built target slam_msgs\n'}
[4.790812] (slam_msgs) StdoutLine: {'line': b'[ 83%] Built target slam_msgs__py\n'}
[4.804615] (slam_msgs) StdoutLine: {'line': b'\x1b[35m\x1b[1mConsolidate compiler generated dependencies of target slam_msgs__rosidl_generator_py\x1b[0m\n'}
[4.823488] (-) TimerEvent: {}
[4.826584] (slam_msgs) StdoutLine: {'line': b'[ 86%] \x1b[32mBuilding C object CMakeFiles/slam_msgs__rosidl_generator_py.dir/rosidl_generator_py/slam_msgs/msg/_map_data_s.c.o\x1b[0m\n'}
[4.826789] (slam_msgs) StdoutLine: {'line': b'[ 86%] \x1b[32mBuilding C object CMakeFiles/slam_msgs__rosidl_generator_py.dir/rosidl_generator_py/slam_msgs/msg/_map_graph_s.c.o\x1b[0m\n'}
[4.826873] (slam_msgs) StdoutLine: {'line': b'[ 86%] \x1b[32mBuilding C object CMakeFiles/slam_msgs__rosidl_generator_py.dir/rosidl_generator_py/slam_msgs/msg/_key_frame_s.c.o\x1b[0m\n'}
[4.827410] (slam_msgs) StdoutLine: {'line': b'[ 87%] \x1b[32mBuilding C object CMakeFiles/slam_msgs__rosidl_generator_py.dir/rosidl_generator_py/slam_msgs/msg/_map_point_s.c.o\x1b[0m\n'}
[4.827971] (slam_msgs) StdoutLine: {'line': b'[ 88%] \x1b[32mBuilding C object CMakeFiles/slam_msgs__rosidl_generator_py.dir/rosidl_generator_py/slam_msgs/srv/_get_landmarks_in_view_s.c.o\x1b[0m\n'}
[4.828219] (slam_msgs) StdoutLine: {'line': b'[ 89%] \x1b[32mBuilding C object CMakeFiles/slam_msgs__rosidl_generator_py.dir/rosidl_generator_py/slam_msgs/msg/_slam_info_s.c.o\x1b[0m\n'}
[4.828343] (slam_msgs) StdoutLine: {'line': b'[ 90%] \x1b[32mBuilding C object CMakeFiles/slam_msgs__rosidl_generator_py.dir/rosidl_generator_py/slam_msgs/srv/_get_map_s.c.o\x1b[0m\n'}
[4.830121] (slam_msgs) StdoutLine: {'line': b'[ 91%] \x1b[32mBuilding C object CMakeFiles/slam_msgs__rosidl_generator_py.dir/rosidl_generator_py/slam_msgs/srv/_get_all_landmarks_in_map_s.c.o\x1b[0m\n'}
[4.830372] (slam_msgs) StdoutLine: {'line': b'[ 92%] \x1b[32mBuilding C object CMakeFiles/slam_msgs__rosidl_generator_py.dir/rosidl_generator_py/slam_msgs/srv/_get_global_point_cloud_s.c.o\x1b[0m\n'}
[4.923597] (-) TimerEvent: {}
[5.023893] (-) TimerEvent: {}
[5.045577] (slam_msgs) StdoutLine: {'line': b'[ 93%] \x1b[32m\x1b[1mLinking C shared library rosidl_generator_py/slam_msgs/libslam_msgs__rosidl_generator_py.so\x1b[0m\n'}
[5.097854] (slam_msgs) StdoutLine: {'line': b'[ 93%] Built target slam_msgs__rosidl_generator_py\n'}
[5.109486] (slam_msgs) StdoutLine: {'line': b'\x1b[35m\x1b[1mConsolidate compiler generated dependencies of target slam_msgs__rosidl_typesupport_c__pyext\x1b[0m\n'}
[5.109638] (slam_msgs) StdoutLine: {'line': b'\x1b[35m\x1b[1mConsolidate compiler generated dependencies of target slam_msgs__rosidl_typesupport_fastrtps_c__pyext\x1b[0m\n'}
[5.109731] (slam_msgs) StdoutLine: {'line': b'\x1b[35m\x1b[1mConsolidate compiler generated dependencies of target slam_msgs__rosidl_typesupport_introspection_c__pyext\x1b[0m\n'}
[5.123679] (slam_msgs) StdoutLine: {'line': b'[ 96%] \x1b[32mBuilding C object CMakeFiles/slam_msgs__rosidl_typesupport_c__pyext.dir/rosidl_generator_py/slam_msgs/_slam_msgs_s.ep.rosidl_typesupport_c.c.o\x1b[0m\n'}
[5.123927] (-) TimerEvent: {}
[5.124064] (slam_msgs) StdoutLine: {'line': b'[ 96%] \x1b[32mBuilding C object CMakeFiles/slam_msgs__rosidl_typesupport_fastrtps_c__pyext.dir/rosidl_generator_py/slam_msgs/_slam_msgs_s.ep.rosidl_typesupport_fastrtps_c.c.o\x1b[0m\n'}
[5.124211] (slam_msgs) StdoutLine: {'line': b'[ 96%] \x1b[32mBuilding C object CMakeFiles/slam_msgs__rosidl_typesupport_introspection_c__pyext.dir/rosidl_generator_py/slam_msgs/_slam_msgs_s.ep.rosidl_typesupport_introspection_c.c.o\x1b[0m\n'}
[5.224047] (-) TimerEvent: {}
[5.280897] (slam_msgs) StdoutLine: {'line': b'[ 98%] \x1b[32m\x1b[1mLinking C shared library rosidl_generator_py/slam_msgs/slam_msgs_s__rosidl_typesupport_c.cpython-310-x86_64-linux-gnu.so\x1b[0m\n'}
[5.281120] (slam_msgs) StdoutLine: {'line': b'[ 98%] \x1b[32m\x1b[1mLinking C shared library rosidl_generator_py/slam_msgs/slam_msgs_s__rosidl_typesupport_introspection_c.cpython-310-x86_64-linux-gnu.so\x1b[0m\n'}
[5.281500] (slam_msgs) StdoutLine: {'line': b'[100%] \x1b[32m\x1b[1mLinking C shared library rosidl_generator_py/slam_msgs/slam_msgs_s__rosidl_typesupport_fastrtps_c.cpython-310-x86_64-linux-gnu.so\x1b[0m\n'}
[5.324148] (-) TimerEvent: {}
[5.330708] (slam_msgs) StdoutLine: {'line': b'[100%] Built target slam_msgs__rosidl_typesupport_fastrtps_c__pyext\n'}
[5.331004] (slam_msgs) StdoutLine: {'line': b'[100%] Built target slam_msgs__rosidl_typesupport_introspection_c__pyext\n'}
[5.331143] (slam_msgs) StdoutLine: {'line': b'[100%] Built target slam_msgs__rosidl_typesupport_c__pyext\n'}
[5.345335] (slam_msgs) CommandEnded: {'returncode': 0}
[5.346262] (slam_msgs) JobProgress: {'identifier': 'slam_msgs', 'progress': 'install'}
[5.356741] (slam_msgs) Command: {'cmd': ['/usr/bin/cmake', '--install', '/root/build/slam_msgs'], 'cwd': '/root/build/slam_msgs', 'env': OrderedDict([('HOSTNAME', 'LP-Boston-12214'), ('SHLVL', '1'), ('LD_LIBRARY_PATH', '/root/colcon_ws/install/slam_msgs/lib:/opt/ros/humble/opt/rviz_ogre_vendor/lib:/opt/ros/humble/lib/x86_64-linux-gnu:/opt/ros/humble/lib'), ('HOME', '/root'), ('CYCLONEDDS_URI', '/root/.ros/cyclonedds.xml'), ('OLDPWD', '/'), ('ROS_PYTHON_VERSION', '3'), ('COLCON_PREFIX_PATH', '/root/colcon_ws/install'), ('ROS_DISTRO', 'humble'), ('_', '/usr/bin/colcon'), ('ROS_VERSION', '2'), ('TERM', 'xterm'), ('ROS_LOCALHOST_ONLY', '0'), ('PATH', '/opt/ros/humble/bin:/usr/local/sbin:/usr/local/bin:/usr/sbin:/usr/bin:/sbin:/bin'), ('XDG_RUNTIME_DIR', '/tmp/runtime-root'), ('DISPLAY', ':1'), ('LANG', 'C.UTF-8'), ('RMW_IMPLEMENTATION', 'rmw_cyclonedds_cpp'), ('LS_COLORS', 'rs=0:di=01;34:ln=01;36:mh=00:pi=40;33:so=01;35:do=01;35:bd=40;33;01:cd=40;33;01:or=40;31;01:mi=00:su=37;41:sg=30;43:ca=30;41:tw=30;42:ow=34;42:st=37;44:ex=01;32:*.tar=01;31:*.tgz=01;31:*.arc=01;31:*.arj=01;31:*.taz=01;31:*.lha=01;31:*.lz4=01;31:*.lzh=01;31:*.lzma=01;31:*.tlz=01;31:*.txz=01;31:*.tzo=01;31:*.t7z=01;31:*.zip=01;31:*.z=01;31:*.dz=01;31:*.gz=01;31:*.lrz=01;31:*.lz=01;31:*.lzo=01;31:*.xz=01;31:*.zst=01;31:*.tzst=01;31:*.bz2=01;31:*.bz=01;31:*.tbz=01;31:*.tbz2=01;31:*.tz=01;31:*.deb=01;31:*.rpm=01;31:*.jar=01;31:*.war=01;31:*.ear=01;31:*.sar=01;31:*.rar=01;31:*.alz=01;31:*.ace=01;31:*.zoo=01;31:*.cpio=01;31:*.7z=01;31:*.rz=01;31:*.cab=01;31:*.wim=01;31:*.swm=01;31:*.dwm=01;31:*.esd=01;31:*.jpg=01;35:*.jpeg=01;35:*.mjpg=01;35:*.mjpeg=01;35:*.gif=01;35:*.bmp=01;35:*.pbm=01;35:*.pgm=01;35:*.ppm=01;35:*.tga=01;35:*.xbm=01;35:*.xpm=01;35:*.tif=01;35:*.tiff=01;35:*.png=01;35:*.svg=01;35:*.svgz=01;35:*.mng=01;35:*.pcx=01;35:*.mov=01;35:*.mpg=01;35:*.mpeg=01;35:*.m2v=01;35:*.mkv=01;35:*.webm=01;35:*.webp=01;35:*.ogm=01;35:*.mp4=01;35:*.m4v=01;35:*.mp4v=01;35:*.vob=01;35:*.qt=01;35:*.nuv=01;35:*.wmv=01;35:*.asf=01;35:*.rm=01;35:*.rmvb=01;35:*.flc=01;35:*.avi=01;35:*.fli=01;35:*.flv=01;35:*.gl=01;35:*.dl=01;35:*.xcf=01;35:*.xwd=01;35:*.yuv=01;35:*.cgm=01;35:*.emf=01;35:*.ogv=01;35:*.ogx=01;35:*.aac=00;36:*.au=00;36:*.flac=00;36:*.m4a=00;36:*.mid=00;36:*.midi=00;36:*.mka=00;36:*.mp3=00;36:*.mpc=00;36:*.ogg=00;36:*.ra=00;36:*.wav=00;36:*.oga=00;36:*.opus=00;36:*.spx=00;36:*.xspf=00;36:'), ('ROS_DOMAIN_ID', '55'), ('AMENT_PREFIX_PATH', '/root/colcon_ws/install/orb_slam3_ros2_wrapper:/root/colcon_ws/install/orb_slam3_planner:/root/colcon_ws/install/orb_slam3_map_generator:/root/colcon_ws/install/map_merger:/root/colcon_ws/install/slam_msgs:/root/colcon_ws/install/color_pose_corrector:/opt/ros/humble'), ('PWD', '/root/build/slam_msgs'), ('LC_ALL', 'C.UTF-8'), ('RCUTILS_COLORIZED_OUTPUT', '1'), ('PYTHONPATH', '/root/colcon_ws/build/orb_slam3_planner:/root/colcon_ws/install/orb_slam3_planner/lib/python3.10/site-packages:/root/colcon_ws/build/map_merger:/root/colcon_ws/install/map_merger/lib/python3.10/site-packages:/root/colcon_ws/install/slam_msgs/local/lib/python3.10/dist-packages:/root/colcon_ws/install/color_pose_corrector/lib/python3.10/site-packages:/opt/ros/humble/lib/python3.10/site-packages:/opt/ros/humble/local/lib/python3.10/dist-packages'), ('COLCON', '1'), ('CMAKE_PREFIX_PATH', '/root/colcon_ws/install/orb_slam3_ros2_wrapper:/root/colcon_ws/install/orb_slam3_map_generator:/root/colcon_ws/install/slam_msgs:/root/colcon_ws/install/orb_slam3_planner:/root/colcon_ws/install/map_merger:/root/colcon_ws/install/color_pose_corrector:/opt/ros/humble')]), 'shell': False}
[5.366250] (slam_msgs) StdoutLine: {'line': b'-- Install configuration: ""\n'}
[5.366550] (slam_msgs) StdoutLine: {'line': b'-- Up-to-date: /root/install/slam_msgs/share/ament_index/resource_index/rosidl_interfaces/slam_msgs\n'}
[5.366681] (slam_msgs) StdoutLine: {'line': b'-- Up-to-date: /root/install/slam_msgs/include/slam_msgs/slam_msgs\n'}
[5.366894] (slam_msgs) StdoutLine: {'line': b'-- Up-to-date: /root/install/slam_msgs/include/slam_msgs/slam_msgs/msg\n'}
[5.367105] (slam_msgs) StdoutLine: {'line': b'-- Up-to-date: /root/install/slam_msgs/include/slam_msgs/slam_msgs/msg/slam_info.h\n'}
[5.367236] (slam_msgs) StdoutLine: {'line': b'-- Up-to-date: /root/install/slam_msgs/include/slam_msgs/slam_msgs/msg/detail\n'}
[5.367404] (slam_msgs) StdoutLine: {'line': b'-- Up-to-date: /root/install/slam_msgs/include/slam_msgs/slam_msgs/msg/detail/map_graph__type_support.h\n'}
[5.367607] (slam_msgs) StdoutLine: {'line': b'-- Up-to-date: /root/install/slam_msgs/include/slam_msgs/slam_msgs/msg/detail/slam_info__type_support.h\n'}
[5.367749] (slam_msgs) StdoutLine: {'line': b'-- Installing: /root/install/slam_msgs/include/slam_msgs/slam_msgs/msg/detail/key_frame__type_support.h\n'}
[5.367944] (slam_msgs) StdoutLine: {'line': b'-- Up-to-date: /root/install/slam_msgs/include/slam_msgs/slam_msgs/msg/detail/map_point__type_support.h\n'}
[5.368073] (slam_msgs) StdoutLine: {'line': b'-- Installing: /root/install/slam_msgs/include/slam_msgs/slam_msgs/msg/detail/map_data__type_support.h\n'}
[5.368266] (slam_msgs) StdoutLine: {'line': b'-- Up-to-date: /root/install/slam_msgs/include/slam_msgs/slam_msgs/msg/detail/map_point__struct.h\n'}
[5.368419] (slam_msgs) StdoutLine: {'line': b'-- Installing: /root/install/slam_msgs/include/slam_msgs/slam_msgs/msg/detail/map_data__struct.h\n'}
[5.368529] (slam_msgs) StdoutLine: {'line': b'-- Up-to-date: /root/install/slam_msgs/include/slam_msgs/slam_msgs/msg/detail/slam_info__functions.c\n'}
[5.368639] (slam_msgs) StdoutLine: {'line': b'-- Installing: /root/install/slam_msgs/include/slam_msgs/slam_msgs/msg/detail/map_graph__functions.c\n'}
[5.368794] (slam_msgs) StdoutLine: {'line': b'-- Up-to-date: /root/install/slam_msgs/include/slam_msgs/slam_msgs/msg/detail/map_graph__functions.h\n'}
[5.369004] (slam_msgs) StdoutLine: {'line': b'-- Installing: /root/install/slam_msgs/include/slam_msgs/slam_msgs/msg/detail/map_data__functions.c\n'}
[5.369115] (slam_msgs) StdoutLine: {'line': b'-- Up-to-date: /root/install/slam_msgs/include/slam_msgs/slam_msgs/msg/detail/slam_info__struct.h\n'}
[5.369226] (slam_msgs) StdoutLine: {'line': b'-- Installing: /root/install/slam_msgs/include/slam_msgs/slam_msgs/msg/detail/key_frame__struct.h\n'}
[5.369381] (slam_msgs) StdoutLine: {'line': b'-- Up-to-date: /root/install/slam_msgs/include/slam_msgs/slam_msgs/msg/detail/slam_info__functions.h\n'}
[5.369563] (slam_msgs) StdoutLine: {'line': b'-- Installing: /root/install/slam_msgs/include/slam_msgs/slam_msgs/msg/detail/key_frame__functions.c\n'}
[5.369683] (slam_msgs) StdoutLine: {'line': b'-- Up-to-date: /root/install/slam_msgs/include/slam_msgs/slam_msgs/msg/detail/map_point__functions.h\n'}
[5.369861] (slam_msgs) StdoutLine: {'line': b'-- Installing: /root/install/slam_msgs/include/slam_msgs/slam_msgs/msg/detail/key_frame__functions.h\n'}
[5.369937] (slam_msgs) StdoutLine: {'line': b'-- Up-to-date: /root/install/slam_msgs/include/slam_msgs/slam_msgs/msg/detail/map_graph__struct.h\n'}
[5.370005] (slam_msgs) StdoutLine: {'line': b'-- Installing: /root/install/slam_msgs/include/slam_msgs/slam_msgs/msg/detail/map_data__functions.h\n'}
[5.370115] (slam_msgs) StdoutLine: {'line': b'-- Up-to-date: /root/install/slam_msgs/include/slam_msgs/slam_msgs/msg/detail/map_point__functions.c\n'}
[5.370274] (slam_msgs) StdoutLine: {'line': b'-- Up-to-date: /root/install/slam_msgs/include/slam_msgs/slam_msgs/msg/map_graph.h\n'}
[5.370391] (slam_msgs) StdoutLine: {'line': b'-- Up-to-date: /root/install/slam_msgs/include/slam_msgs/slam_msgs/msg/map_point.h\n'}
[5.370509] (slam_msgs) StdoutLine: {'line': b'-- Up-to-date: /root/install/slam_msgs/include/slam_msgs/slam_msgs/msg/rosidl_generator_c__visibility_control.h\n'}
[5.370665] (slam_msgs) StdoutLine: {'line': b'-- Up-to-date: /root/install/slam_msgs/include/slam_msgs/slam_msgs/msg/map_data.h\n'}
[5.370972] (slam_msgs) StdoutLine: {'line': b'-- Up-to-date: /root/install/slam_msgs/include/slam_msgs/slam_msgs/msg/key_frame.h\n'}
[5.371085] (slam_msgs) StdoutLine: {'line': b'-- Up-to-date: /root/install/slam_msgs/include/slam_msgs/slam_msgs/srv\n'}
[5.371199] (slam_msgs) StdoutLine: {'line': b'-- Up-to-date: /root/install/slam_msgs/include/slam_msgs/slam_msgs/srv/get_all_landmarks_in_map.h\n'}
[5.371305] (slam_msgs) StdoutLine: {'line': b'-- Up-to-date: /root/install/slam_msgs/include/slam_msgs/slam_msgs/srv/detail\n'}
[5.371413] (slam_msgs) StdoutLine: {'line': b'-- Up-to-date: /root/install/slam_msgs/include/slam_msgs/slam_msgs/srv/detail/get_landmarks_in_view__struct.h\n'}
[5.371525] (slam_msgs) StdoutLine: {'line': b'-- Up-to-date: /root/install/slam_msgs/include/slam_msgs/slam_msgs/srv/detail/get_all_landmarks_in_map__functions.c\n'}
[5.371642] (slam_msgs) StdoutLine: {'line': b'-- Up-to-date: /root/install/slam_msgs/include/slam_msgs/slam_msgs/srv/detail/get_landmarks_in_view__type_support.h\n'}
[5.371759] (slam_msgs) StdoutLine: {'line': b'-- Up-to-date: /root/install/slam_msgs/include/slam_msgs/slam_msgs/srv/detail/get_all_landmarks_in_map__functions.h\n'}
[5.371895] (slam_msgs) StdoutLine: {'line': b'-- Up-to-date: /root/install/slam_msgs/include/slam_msgs/slam_msgs/srv/detail/get_global_point_cloud__functions.h\n'}
[5.372000] (slam_msgs) StdoutLine: {'line': b'-- Up-to-date: /root/install/slam_msgs/include/slam_msgs/slam_msgs/srv/detail/get_landmarks_in_view__functions.c\n'}
[5.372102] (slam_msgs) StdoutLine: {'line': b'-- Up-to-date: /root/install/slam_msgs/include/slam_msgs/slam_msgs/srv/detail/get_map__struct.h\n'}
[5.372204] (slam_msgs) StdoutLine: {'line': b'-- Up-to-date: /root/install/slam_msgs/include/slam_msgs/slam_msgs/srv/detail/get_map__functions.c\n'}
[5.372359] (slam_msgs) StdoutLine: {'line': b'-- Up-to-date: /root/install/slam_msgs/include/slam_msgs/slam_msgs/srv/detail/get_map__type_support.h\n'}
[5.372457] (slam_msgs) StdoutLine: {'line': b'-- Up-to-date: /root/install/slam_msgs/include/slam_msgs/slam_msgs/srv/detail/get_all_landmarks_in_map__type_support.h\n'}
[5.372561] (slam_msgs) StdoutLine: {'line': b'-- Up-to-date: /root/install/slam_msgs/include/slam_msgs/slam_msgs/srv/detail/get_map__functions.h\n'}
[5.372658] (slam_msgs) StdoutLine: {'line': b'-- Up-to-date: /root/install/slam_msgs/include/slam_msgs/slam_msgs/srv/detail/get_landmarks_in_view__functions.h\n'}
[5.372761] (slam_msgs) StdoutLine: {'line': b'-- Up-to-date: /root/install/slam_msgs/include/slam_msgs/slam_msgs/srv/detail/get_global_point_cloud__type_support.h\n'}
[5.372889] (slam_msgs) StdoutLine: {'line': b'-- Up-to-date: /root/install/slam_msgs/include/slam_msgs/slam_msgs/srv/detail/get_all_landmarks_in_map__struct.h\n'}
[5.372949] (slam_msgs) StdoutLine: {'line': b'-- Up-to-date: /root/install/slam_msgs/include/slam_msgs/slam_msgs/srv/detail/get_global_point_cloud__functions.c\n'}
[5.373016] (slam_msgs) StdoutLine: {'line': b'-- Up-to-date: /root/install/slam_msgs/include/slam_msgs/slam_msgs/srv/detail/get_global_point_cloud__struct.h\n'}
[5.373123] (slam_msgs) StdoutLine: {'line': b'-- Up-to-date: /root/install/slam_msgs/include/slam_msgs/slam_msgs/srv/get_global_point_cloud.h\n'}
[5.373318] (slam_msgs) StdoutLine: {'line': b'-- Up-to-date: /root/install/slam_msgs/include/slam_msgs/slam_msgs/srv/get_map.h\n'}
[5.373431] (slam_msgs) StdoutLine: {'line': b'-- Up-to-date: /root/install/slam_msgs/include/slam_msgs/slam_msgs/srv/get_landmarks_in_view.h\n'}
[5.373534] (slam_msgs) StdoutLine: {'line': b'-- Installing: /root/install/slam_msgs/share/slam_msgs/environment/library_path.sh\n'}
[5.373637] (slam_msgs) StdoutLine: {'line': b'-- Installing: /root/install/slam_msgs/share/slam_msgs/environment/library_path.dsv\n'}
[5.373739] (slam_msgs) StdoutLine: {'line': b'-- Installing: /root/install/slam_msgs/lib/libslam_msgs__rosidl_generator_c.so\n'}
[5.373918] (slam_msgs) StdoutLine: {'line': b'-- Set runtime path of "/root/install/slam_msgs/lib/libslam_msgs__rosidl_generator_c.so" to ""\n'}
[5.373984] (slam_msgs) StdoutLine: {'line': b'-- Up-to-date: /root/install/slam_msgs/include/slam_msgs/slam_msgs\n'}
[5.374038] (slam_msgs) StdoutLine: {'line': b'-- Up-to-date: /root/install/slam_msgs/include/slam_msgs/slam_msgs/msg\n'}
[5.374091] (slam_msgs) StdoutLine: {'line': b'-- Up-to-date: /root/install/slam_msgs/include/slam_msgs/slam_msgs/msg/rosidl_typesupport_fastrtps_c__visibility_control.h\n'}
[5.374145] (slam_msgs) StdoutLine: {'line': b'-- Up-to-date: /root/install/slam_msgs/include/slam_msgs/slam_msgs/msg/detail\n'}
[5.374197] (slam_msgs) StdoutLine: {'line': b'-- Up-to-date: /root/install/slam_msgs/include/slam_msgs/slam_msgs/msg/detail/slam_info__rosidl_typesupport_fastrtps_c.h\n'}
[5.374250] (slam_msgs) StdoutLine: {'line': b'-- Up-to-date: /root/install/slam_msgs/include/slam_msgs/slam_msgs/msg/detail/map_graph__rosidl_typesupport_fastrtps_c.h\n'}
[5.374302] (slam_msgs) StdoutLine: {'line': b'-- Up-to-date: /root/install/slam_msgs/include/slam_msgs/slam_msgs/msg/detail/map_data__rosidl_typesupport_fastrtps_c.h\n'}
[5.374361] (slam_msgs) StdoutLine: {'line': b'-- Up-to-date: /root/install/slam_msgs/include/slam_msgs/slam_msgs/msg/detail/key_frame__rosidl_typesupport_fastrtps_c.h\n'}
[5.374419] (slam_msgs) StdoutLine: {'line': b'-- Up-to-date: /root/install/slam_msgs/include/slam_msgs/slam_msgs/msg/detail/map_point__rosidl_typesupport_fastrtps_c.h\n'}
[5.374478] (slam_msgs) StdoutLine: {'line': b'-- Up-to-date: /root/install/slam_msgs/include/slam_msgs/slam_msgs/srv\n'}
[5.374535] (slam_msgs) StdoutLine: {'line': b'-- Up-to-date: /root/install/slam_msgs/include/slam_msgs/slam_msgs/srv/detail\n'}
[5.374593] (slam_msgs) StdoutLine: {'line': b'-- Up-to-date: /root/install/slam_msgs/include/slam_msgs/slam_msgs/srv/detail/get_map__rosidl_typesupport_fastrtps_c.h\n'}
[5.374709] (slam_msgs) StdoutLine: {'line': b'-- Up-to-date: /root/install/slam_msgs/include/slam_msgs/slam_msgs/srv/detail/get_landmarks_in_view__rosidl_typesupport_fastrtps_c.h\n'}
[5.374866] (slam_msgs) StdoutLine: {'line': b'-- Up-to-date: /root/install/slam_msgs/include/slam_msgs/slam_msgs/srv/detail/get_global_point_cloud__rosidl_typesupport_fastrtps_c.h\n'}
[5.374979] (slam_msgs) StdoutLine: {'line': b'-- Up-to-date: /root/install/slam_msgs/include/slam_msgs/slam_msgs/srv/detail/get_all_landmarks_in_map__rosidl_typesupport_fastrtps_c.h\n'}
[5.375089] (slam_msgs) StdoutLine: {'line': b'-- Installing: /root/install/slam_msgs/lib/libslam_msgs__rosidl_typesupport_fastrtps_c.so\n'}
[5.375159] (slam_msgs) StdoutLine: {'line': b'-- Set runtime path of "/root/install/slam_msgs/lib/libslam_msgs__rosidl_typesupport_fastrtps_c.so" to ""\n'}
[5.375222] (slam_msgs) StdoutLine: {'line': b'-- Up-to-date: /root/install/slam_msgs/include/slam_msgs/slam_msgs\n'}
[5.375282] (slam_msgs) StdoutLine: {'line': b'-- Up-to-date: /root/install/slam_msgs/include/slam_msgs/slam_msgs/msg\n'}
[5.375342] (slam_msgs) StdoutLine: {'line': b'-- Up-to-date: /root/install/slam_msgs/include/slam_msgs/slam_msgs/msg/detail\n'}
[5.375401] (slam_msgs) StdoutLine: {'line': b'-- Installing: /root/install/slam_msgs/include/slam_msgs/slam_msgs/msg/detail/slam_info__struct.hpp\n'}
[5.375525] (slam_msgs) StdoutLine: {'line': b'-- Installing: /root/install/slam_msgs/include/slam_msgs/slam_msgs/msg/detail/map_data__builder.hpp\n'}
[5.375672] (slam_msgs) StdoutLine: {'line': b'-- Installing: /root/install/slam_msgs/include/slam_msgs/slam_msgs/msg/detail/key_frame__type_support.hpp\n'}
[5.375803] (slam_msgs) StdoutLine: {'line': b'-- Installing: /root/install/slam_msgs/include/slam_msgs/slam_msgs/msg/detail/map_graph__builder.hpp\n'}
[5.375920] (slam_msgs) StdoutLine: {'line': b'-- Installing: /root/install/slam_msgs/include/slam_msgs/slam_msgs/msg/detail/map_point__builder.hpp\n'}
[5.376052] (slam_msgs) StdoutLine: {'line': b'-- Installing: /root/install/slam_msgs/include/slam_msgs/slam_msgs/msg/detail/slam_info__traits.hpp\n'}
[5.376361] (slam_msgs) StdoutLine: {'line': b'-- Installing: /root/install/slam_msgs/include/slam_msgs/slam_msgs/msg/detail/map_data__type_support.hpp\n'}
[5.376649] (slam_msgs) StdoutLine: {'line': b'-- Installing: /root/install/slam_msgs/include/slam_msgs/slam_msgs/msg/detail/slam_info__builder.hpp\n'}
[5.377058] (slam_msgs) StdoutLine: {'line': b'-- Installing: /root/install/slam_msgs/include/slam_msgs/slam_msgs/msg/detail/key_frame__traits.hpp\n'}
[5.377419] (slam_msgs) StdoutLine: {'line': b'-- Installing: /root/install/slam_msgs/include/slam_msgs/slam_msgs/msg/detail/map_graph__type_support.hpp\n'}
[5.377811] (slam_msgs) StdoutLine: {'line': b'-- Installing: /root/install/slam_msgs/include/slam_msgs/slam_msgs/msg/detail/map_data__struct.hpp\n'}
[5.378089] (slam_msgs) StdoutLine: {'line': b'-- Installing: /root/install/slam_msgs/include/slam_msgs/slam_msgs/msg/detail/map_point__traits.hpp\n'}
[5.378468] (slam_msgs) StdoutLine: {'line': b'-- Installing: /root/install/slam_msgs/include/slam_msgs/slam_msgs/msg/detail/map_point__type_support.hpp\n'}
[5.378892] (slam_msgs) StdoutLine: {'line': b'-- Installing: /root/install/slam_msgs/include/slam_msgs/slam_msgs/msg/detail/key_frame__struct.hpp\n'}
[5.379194] (slam_msgs) StdoutLine: {'line': b'-- Installing: /root/install/slam_msgs/include/slam_msgs/slam_msgs/msg/detail/map_graph__struct.hpp\n'}
[5.379474] (slam_msgs) StdoutLine: {'line': b'-- Installing: /root/install/slam_msgs/include/slam_msgs/slam_msgs/msg/detail/key_frame__builder.hpp\n'}
[5.379797] (slam_msgs) StdoutLine: {'line': b'-- Installing: /root/install/slam_msgs/include/slam_msgs/slam_msgs/msg/detail/map_data__traits.hpp\n'}
[5.380192] (slam_msgs) StdoutLine: {'line': b'-- Installing: /root/install/slam_msgs/include/slam_msgs/slam_msgs/msg/detail/map_graph__traits.hpp\n'}
[5.380537] (slam_msgs) StdoutLine: {'line': b'-- Installing: /root/install/slam_msgs/include/slam_msgs/slam_msgs/msg/detail/slam_info__type_support.hpp\n'}
[5.380875] (slam_msgs) StdoutLine: {'line': b'-- Installing: /root/install/slam_msgs/include/slam_msgs/slam_msgs/msg/detail/map_point__struct.hpp\n'}
[5.381259] (slam_msgs) StdoutLine: {'line': b'-- Up-to-date: /root/install/slam_msgs/include/slam_msgs/slam_msgs/msg/map_point.hpp\n'}
[5.381461] (slam_msgs) StdoutLine: {'line': b'-- Up-to-date: /root/install/slam_msgs/include/slam_msgs/slam_msgs/msg/map_data.hpp\n'}
[5.381573] (slam_msgs) StdoutLine: {'line': b'-- Up-to-date: /root/install/slam_msgs/include/slam_msgs/slam_msgs/msg/map_graph.hpp\n'}
[5.381738] (slam_msgs) StdoutLine: {'line': b'-- Up-to-date: /root/install/slam_msgs/include/slam_msgs/slam_msgs/msg/slam_info.hpp\n'}
[5.381973] (slam_msgs) StdoutLine: {'line': b'-- Up-to-date: /root/install/slam_msgs/include/slam_msgs/slam_msgs/msg/key_frame.hpp\n'}
[5.382122] (slam_msgs) StdoutLine: {'line': b'-- Up-to-date: /root/install/slam_msgs/include/slam_msgs/slam_msgs/msg/rosidl_generator_cpp__visibility_control.hpp\n'}
[5.382240] (slam_msgs) StdoutLine: {'line': b'-- Up-to-date: /root/install/slam_msgs/include/slam_msgs/slam_msgs/srv\n'}
[5.382312] (slam_msgs) StdoutLine: {'line': b'-- Up-to-date: /root/install/slam_msgs/include/slam_msgs/slam_msgs/srv/get_map.hpp\n'}
[5.382386] (slam_msgs) StdoutLine: {'line': b'-- Up-to-date: /root/install/slam_msgs/include/slam_msgs/slam_msgs/srv/detail\n'}
[5.382544] (slam_msgs) StdoutLine: {'line': b'-- Up-to-date: /root/install/slam_msgs/include/slam_msgs/slam_msgs/srv/detail/get_global_point_cloud__type_support.hpp\n'}
[5.382649] (slam_msgs) StdoutLine: {'line': b'-- Up-to-date: /root/install/slam_msgs/include/slam_msgs/slam_msgs/srv/detail/get_global_point_cloud__builder.hpp\n'}
[5.382761] (slam_msgs) StdoutLine: {'line': b'-- Up-to-date: /root/install/slam_msgs/include/slam_msgs/slam_msgs/srv/detail/get_all_landmarks_in_map__type_support.hpp\n'}
[5.382933] (slam_msgs) StdoutLine: {'line': b'-- Up-to-date: /root/install/slam_msgs/include/slam_msgs/slam_msgs/srv/detail/get_landmarks_in_view__type_support.hpp\n'}
[5.383020] (slam_msgs) StdoutLine: {'line': b'-- Up-to-date: /root/install/slam_msgs/include/slam_msgs/slam_msgs/srv/detail/get_global_point_cloud__struct.hpp\n'}
[5.383128] (slam_msgs) StdoutLine: {'line': b'-- Up-to-date: /root/install/slam_msgs/include/slam_msgs/slam_msgs/srv/detail/get_all_landmarks_in_map__traits.hpp\n'}
[5.383239] (slam_msgs) StdoutLine: {'line': b'-- Up-to-date: /root/install/slam_msgs/include/slam_msgs/slam_msgs/srv/detail/get_map__struct.hpp\n'}
[5.383429] (slam_msgs) StdoutLine: {'line': b'-- Up-to-date: /root/install/slam_msgs/include/slam_msgs/slam_msgs/srv/detail/get_landmarks_in_view__builder.hpp\n'}
[5.383678] (slam_msgs) StdoutLine: {'line': b'-- Up-to-date: /root/install/slam_msgs/include/slam_msgs/slam_msgs/srv/detail/get_map__traits.hpp\n'}
[5.383848] (slam_msgs) StdoutLine: {'line': b'-- Up-to-date: /root/install/slam_msgs/include/slam_msgs/slam_msgs/srv/detail/get_map__builder.hpp\n'}
[5.383992] (slam_msgs) StdoutLine: {'line': b'-- Up-to-date: /root/install/slam_msgs/include/slam_msgs/slam_msgs/srv/detail/get_all_landmarks_in_map__builder.hpp\n'}
[5.384125] (slam_msgs) StdoutLine: {'line': b'-- Up-to-date: /root/install/slam_msgs/include/slam_msgs/slam_msgs/srv/detail/get_landmarks_in_view__struct.hpp\n'}
[5.384247] (slam_msgs) StdoutLine: {'line': b'-- Up-to-date: /root/install/slam_msgs/include/slam_msgs/slam_msgs/srv/detail/get_global_point_cloud__traits.hpp\n'}
[5.384441] (slam_msgs) StdoutLine: {'line': b'-- Up-to-date: /root/install/slam_msgs/include/slam_msgs/slam_msgs/srv/detail/get_landmarks_in_view__traits.hpp\n'}
[5.384545] (slam_msgs) StdoutLine: {'line': b'-- Up-to-date: /root/install/slam_msgs/include/slam_msgs/slam_msgs/srv/detail/get_all_landmarks_in_map__struct.hpp\n'}
[5.384643] (slam_msgs) StdoutLine: {'line': b'-- Up-to-date: /root/install/slam_msgs/include/slam_msgs/slam_msgs/srv/detail/get_map__type_support.hpp\n'}
[5.384745] (slam_msgs) StdoutLine: {'line': b'-- Up-to-date: /root/install/slam_msgs/include/slam_msgs/slam_msgs/srv/get_all_landmarks_in_map.hpp\n'}
[5.384901] (slam_msgs) StdoutLine: {'line': b'-- Up-to-date: /root/install/slam_msgs/include/slam_msgs/slam_msgs/srv/get_global_point_cloud.hpp\n'}
[5.384998] (slam_msgs) StdoutLine: {'line': b'-- Up-to-date: /root/install/slam_msgs/include/slam_msgs/slam_msgs/srv/get_landmarks_in_view.hpp\n'}
[5.385092] (slam_msgs) StdoutLine: {'line': b'-- Up-to-date: /root/install/slam_msgs/include/slam_msgs/slam_msgs\n'}
[5.385186] (slam_msgs) StdoutLine: {'line': b'-- Up-to-date: /root/install/slam_msgs/include/slam_msgs/slam_msgs/msg\n'}
[5.385279] (slam_msgs) StdoutLine: {'line': b'-- Up-to-date: /root/install/slam_msgs/include/slam_msgs/slam_msgs/msg/detail\n'}
[5.385373] (slam_msgs) StdoutLine: {'line': b'-- Installing: /root/install/slam_msgs/include/slam_msgs/slam_msgs/msg/detail/dds_fastrtps\n'}
[5.385466] (slam_msgs) StdoutLine: {'line': b'-- Up-to-date: /root/install/slam_msgs/include/slam_msgs/slam_msgs/msg/detail/map_graph__rosidl_typesupport_fastrtps_cpp.hpp\n'}
[5.385560] (slam_msgs) StdoutLine: {'line': b'-- Up-to-date: /root/install/slam_msgs/include/slam_msgs/slam_msgs/msg/detail/map_data__rosidl_typesupport_fastrtps_cpp.hpp\n'}
[5.385653] (slam_msgs) StdoutLine: {'line': b'-- Up-to-date: /root/install/slam_msgs/include/slam_msgs/slam_msgs/msg/detail/map_point__rosidl_typesupport_fastrtps_cpp.hpp\n'}
[5.385747] (slam_msgs) StdoutLine: {'line': b'-- Up-to-date: /root/install/slam_msgs/include/slam_msgs/slam_msgs/msg/detail/key_frame__rosidl_typesupport_fastrtps_cpp.hpp\n'}
[5.385835] (slam_msgs) StdoutLine: {'line': b'-- Up-to-date: /root/install/slam_msgs/include/slam_msgs/slam_msgs/msg/detail/slam_info__rosidl_typesupport_fastrtps_cpp.hpp\n'}
[5.385903] (slam_msgs) StdoutLine: {'line': b'-- Up-to-date: /root/install/slam_msgs/include/slam_msgs/slam_msgs/msg/rosidl_typesupport_fastrtps_cpp__visibility_control.h\n'}
[5.386020] (slam_msgs) StdoutLine: {'line': b'-- Up-to-date: /root/install/slam_msgs/include/slam_msgs/slam_msgs/srv\n'}
[5.386134] (slam_msgs) StdoutLine: {'line': b'-- Up-to-date: /root/install/slam_msgs/include/slam_msgs/slam_msgs/srv/detail\n'}
[5.386248] (slam_msgs) StdoutLine: {'line': b'-- Installing: /root/install/slam_msgs/include/slam_msgs/slam_msgs/srv/detail/dds_fastrtps\n'}
[5.386406] (slam_msgs) StdoutLine: {'line': b'-- Up-to-date: /root/install/slam_msgs/include/slam_msgs/slam_msgs/srv/detail/get_global_point_cloud__rosidl_typesupport_fastrtps_cpp.hpp\n'}
[5.386522] (slam_msgs) StdoutLine: {'line': b'-- Up-to-date: /root/install/slam_msgs/include/slam_msgs/slam_msgs/srv/detail/get_landmarks_in_view__rosidl_typesupport_fastrtps_cpp.hpp\n'}
[5.386636] (slam_msgs) StdoutLine: {'line': b'-- Up-to-date: /root/install/slam_msgs/include/slam_msgs/slam_msgs/srv/detail/get_all_landmarks_in_map__rosidl_typesupport_fastrtps_cpp.hpp\n'}
[5.386754] (slam_msgs) StdoutLine: {'line': b'-- Up-to-date: /root/install/slam_msgs/include/slam_msgs/slam_msgs/srv/detail/get_map__rosidl_typesupport_fastrtps_cpp.hpp\n'}
[5.387019] (slam_msgs) StdoutLine: {'line': b'-- Installing: /root/install/slam_msgs/lib/libslam_msgs__rosidl_typesupport_fastrtps_cpp.so\n'}
[5.387122] (slam_msgs) StdoutLine: {'line': b'-- Set runtime path of "/root/install/slam_msgs/lib/libslam_msgs__rosidl_typesupport_fastrtps_cpp.so" to ""\n'}
[5.387219] (slam_msgs) StdoutLine: {'line': b'-- Up-to-date: /root/install/slam_msgs/include/slam_msgs/slam_msgs\n'}
[5.387340] (slam_msgs) StdoutLine: {'line': b'-- Up-to-date: /root/install/slam_msgs/include/slam_msgs/slam_msgs/msg\n'}
[5.387459] (slam_msgs) StdoutLine: {'line': b'-- Up-to-date: /root/install/slam_msgs/include/slam_msgs/slam_msgs/msg/detail\n'}
[5.387576] (slam_msgs) StdoutLine: {'line': b'-- Up-to-date: /root/install/slam_msgs/include/slam_msgs/slam_msgs/msg/detail/map_data__type_support.c\n'}
[5.387693] (slam_msgs) StdoutLine: {'line': b'-- Up-to-date: /root/install/slam_msgs/include/slam_msgs/slam_msgs/msg/detail/map_data__rosidl_typesupport_introspection_c.h\n'}
[5.387821] (slam_msgs) StdoutLine: {'line': b'-- Up-to-date: /root/install/slam_msgs/include/slam_msgs/slam_msgs/msg/detail/slam_info__rosidl_typesupport_introspection_c.h\n'}
[5.388003] (slam_msgs) StdoutLine: {'line': b'-- Up-to-date: /root/install/slam_msgs/include/slam_msgs/slam_msgs/msg/detail/map_point__type_support.c\n'}
[5.388111] (slam_msgs) StdoutLine: {'line': b'-- Up-to-date: /root/install/slam_msgs/include/slam_msgs/slam_msgs/msg/detail/key_frame__type_support.c\n'}
[5.388229] (slam_msgs) StdoutLine: {'line': b'-- Up-to-date: /root/install/slam_msgs/include/slam_msgs/slam_msgs/msg/detail/map_graph__rosidl_typesupport_introspection_c.h\n'}
[5.388348] (slam_msgs) StdoutLine: {'line': b'-- Up-to-date: /root/install/slam_msgs/include/slam_msgs/slam_msgs/msg/detail/slam_info__type_support.c\n'}
[5.388465] (slam_msgs) StdoutLine: {'line': b'-- Up-to-date: /root/install/slam_msgs/include/slam_msgs/slam_msgs/msg/detail/key_frame__rosidl_typesupport_introspection_c.h\n'}
[5.388605] (slam_msgs) StdoutLine: {'line': b'-- Up-to-date: /root/install/slam_msgs/include/slam_msgs/slam_msgs/msg/detail/map_graph__type_support.c\n'}
[5.388710] (slam_msgs) StdoutLine: {'line': b'-- Up-to-date: /root/install/slam_msgs/include/slam_msgs/slam_msgs/msg/detail/map_point__rosidl_typesupport_introspection_c.h\n'}
[5.388831] (slam_msgs) StdoutLine: {'line': b'-- Up-to-date: /root/install/slam_msgs/include/slam_msgs/slam_msgs/msg/rosidl_typesupport_introspection_c__visibility_control.h\n'}
[5.388933] (slam_msgs) StdoutLine: {'line': b'-- Up-to-date: /root/install/slam_msgs/include/slam_msgs/slam_msgs/srv\n'}
[5.389027] (slam_msgs) StdoutLine: {'line': b'-- Up-to-date: /root/install/slam_msgs/include/slam_msgs/slam_msgs/srv/detail\n'}
[5.389140] (slam_msgs) StdoutLine: {'line': b'-- Up-to-date: /root/install/slam_msgs/include/slam_msgs/slam_msgs/srv/detail/get_global_point_cloud__type_support.c\n'}
[5.389253] (slam_msgs) StdoutLine: {'line': b'-- Up-to-date: /root/install/slam_msgs/include/slam_msgs/slam_msgs/srv/detail/get_all_landmarks_in_map__rosidl_typesupport_introspection_c.h\n'}
[5.389366] (slam_msgs) StdoutLine: {'line': b'-- Up-to-date: /root/install/slam_msgs/include/slam_msgs/slam_msgs/srv/detail/get_map__type_support.c\n'}
[5.389480] (slam_msgs) StdoutLine: {'line': b'-- Up-to-date: /root/install/slam_msgs/include/slam_msgs/slam_msgs/srv/detail/get_all_landmarks_in_map__type_support.c\n'}
[5.389621] (slam_msgs) StdoutLine: {'line': b'-- Up-to-date: /root/install/slam_msgs/include/slam_msgs/slam_msgs/srv/detail/get_landmarks_in_view__rosidl_typesupport_introspection_c.h\n'}
[5.389715] (slam_msgs) StdoutLine: {'line': b'-- Up-to-date: /root/install/slam_msgs/include/slam_msgs/slam_msgs/srv/detail/get_map__rosidl_typesupport_introspection_c.h\n'}
[5.389820] (slam_msgs) StdoutLine: {'line': b'-- Up-to-date: /root/install/slam_msgs/include/slam_msgs/slam_msgs/srv/detail/get_global_point_cloud__rosidl_typesupport_introspection_c.h\n'}
[5.389935] (slam_msgs) StdoutLine: {'line': b'-- Up-to-date: /root/install/slam_msgs/include/slam_msgs/slam_msgs/srv/detail/get_landmarks_in_view__type_support.c\n'}
[5.390049] (slam_msgs) StdoutLine: {'line': b'-- Installing: /root/install/slam_msgs/lib/libslam_msgs__rosidl_typesupport_introspection_c.so\n'}
[5.390162] (slam_msgs) StdoutLine: {'line': b'-- Set runtime path of "/root/install/slam_msgs/lib/libslam_msgs__rosidl_typesupport_introspection_c.so" to ""\n'}
[5.390276] (slam_msgs) StdoutLine: {'line': b'-- Installing: /root/install/slam_msgs/lib/libslam_msgs__rosidl_typesupport_c.so\n'}
[5.390423] (slam_msgs) StdoutLine: {'line': b'-- Set runtime path of "/root/install/slam_msgs/lib/libslam_msgs__rosidl_typesupport_c.so" to ""\n'}
[5.390580] (slam_msgs) StdoutLine: {'line': b'-- Up-to-date: /root/install/slam_msgs/include/slam_msgs/slam_msgs\n'}
[5.390681] (slam_msgs) StdoutLine: {'line': b'-- Up-to-date: /root/install/slam_msgs/include/slam_msgs/slam_msgs/msg\n'}
[5.390833] (slam_msgs) StdoutLine: {'line': b'-- Up-to-date: /root/install/slam_msgs/include/slam_msgs/slam_msgs/msg/detail\n'}
[5.391047] (slam_msgs) StdoutLine: {'line': b'-- Up-to-date: /root/install/slam_msgs/include/slam_msgs/slam_msgs/msg/detail/map_point__type_support.cpp\n'}
[5.391163] (slam_msgs) StdoutLine: {'line': b'-- Up-to-date: /root/install/slam_msgs/include/slam_msgs/slam_msgs/msg/detail/slam_info__type_support.cpp\n'}
[5.391277] (slam_msgs) StdoutLine: {'line': b'-- Up-to-date: /root/install/slam_msgs/include/slam_msgs/slam_msgs/msg/detail/map_data__rosidl_typesupport_introspection_cpp.hpp\n'}
[5.391391] (slam_msgs) StdoutLine: {'line': b'-- Up-to-date: /root/install/slam_msgs/include/slam_msgs/slam_msgs/msg/detail/key_frame__type_support.cpp\n'}
[5.391505] (slam_msgs) StdoutLine: {'line': b'-- Up-to-date: /root/install/slam_msgs/include/slam_msgs/slam_msgs/msg/detail/map_graph__type_support.cpp\n'}
[5.391617] (slam_msgs) StdoutLine: {'line': b'-- Up-to-date: /root/install/slam_msgs/include/slam_msgs/slam_msgs/msg/detail/map_graph__rosidl_typesupport_introspection_cpp.hpp\n'}
[5.391761] (slam_msgs) StdoutLine: {'line': b'-- Up-to-date: /root/install/slam_msgs/include/slam_msgs/slam_msgs/msg/detail/slam_info__rosidl_typesupport_introspection_cpp.hpp\n'}
[5.391959] (slam_msgs) StdoutLine: {'line': b'-- Up-to-date: /root/install/slam_msgs/include/slam_msgs/slam_msgs/msg/detail/key_frame__rosidl_typesupport_introspection_cpp.hpp\n'}
[5.392056] (slam_msgs) StdoutLine: {'line': b'-- Up-to-date: /root/install/slam_msgs/include/slam_msgs/slam_msgs/msg/detail/map_point__rosidl_typesupport_introspection_cpp.hpp\n'}
[5.392158] (slam_msgs) StdoutLine: {'line': b'-- Up-to-date: /root/install/slam_msgs/include/slam_msgs/slam_msgs/msg/detail/map_data__type_support.cpp\n'}
[5.392272] (slam_msgs) StdoutLine: {'line': b'-- Up-to-date: /root/install/slam_msgs/include/slam_msgs/slam_msgs/srv\n'}
[5.392386] (slam_msgs) StdoutLine: {'line': b'-- Up-to-date: /root/install/slam_msgs/include/slam_msgs/slam_msgs/srv/detail\n'}
[5.392521] (slam_msgs) StdoutLine: {'line': b'-- Up-to-date: /root/install/slam_msgs/include/slam_msgs/slam_msgs/srv/detail/get_map__type_support.cpp\n'}
[5.392615] (slam_msgs) StdoutLine: {'line': b'-- Up-to-date: /root/install/slam_msgs/include/slam_msgs/slam_msgs/srv/detail/get_landmarks_in_view__type_support.cpp\n'}
[5.392708] (slam_msgs) StdoutLine: {'line': b'-- Up-to-date: /root/install/slam_msgs/include/slam_msgs/slam_msgs/srv/detail/get_global_point_cloud__rosidl_typesupport_introspection_cpp.hpp\n'}
[5.392824] (slam_msgs) StdoutLine: {'line': b'-- Up-to-date: /root/install/slam_msgs/include/slam_msgs/slam_msgs/srv/detail/get_all_landmarks_in_map__rosidl_typesupport_introspection_cpp.hpp\n'}
[5.392938] (slam_msgs) StdoutLine: {'line': b'-- Up-to-date: /root/install/slam_msgs/include/slam_msgs/slam_msgs/srv/detail/get_all_landmarks_in_map__type_support.cpp\n'}
[5.393038] (slam_msgs) StdoutLine: {'line': b'-- Up-to-date: /root/install/slam_msgs/include/slam_msgs/slam_msgs/srv/detail/get_global_point_cloud__type_support.cpp\n'}
[5.393149] (slam_msgs) StdoutLine: {'line': b'-- Up-to-date: /root/install/slam_msgs/include/slam_msgs/slam_msgs/srv/detail/get_landmarks_in_view__rosidl_typesupport_introspection_cpp.hpp\n'}
[5.393244] (slam_msgs) StdoutLine: {'line': b'-- Up-to-date: /root/install/slam_msgs/include/slam_msgs/slam_msgs/srv/detail/get_map__rosidl_typesupport_introspection_cpp.hpp\n'}
[5.393342] (slam_msgs) StdoutLine: {'line': b'-- Installing: /root/install/slam_msgs/lib/libslam_msgs__rosidl_typesupport_introspection_cpp.so\n'}
[5.393493] (slam_msgs) StdoutLine: {'line': b'-- Set runtime path of "/root/install/slam_msgs/lib/libslam_msgs__rosidl_typesupport_introspection_cpp.so" to ""\n'}
[5.393628] (slam_msgs) StdoutLine: {'line': b'-- Installing: /root/install/slam_msgs/lib/libslam_msgs__rosidl_typesupport_cpp.so\n'}
[5.394313] (slam_msgs) StdoutLine: {'line': b'-- Set runtime path of "/root/install/slam_msgs/lib/libslam_msgs__rosidl_typesupport_cpp.so" to ""\n'}
[5.394414] (slam_msgs) StdoutLine: {'line': b'-- Up-to-date: /root/install/slam_msgs/share/slam_msgs/environment/pythonpath.sh\n'}
[5.394544] (slam_msgs) StdoutLine: {'line': b'-- Installing: /root/install/slam_msgs/share/slam_msgs/environment/pythonpath.dsv\n'}
[5.394747] (slam_msgs) StdoutLine: {'line': b'-- Up-to-date: /root/install/slam_msgs/local/lib/python3.10/dist-packages/slam_msgs-1.0.0-py3.10.egg-info\n'}
[5.394906] (slam_msgs) StdoutLine: {'line': b'-- Installing: /root/install/slam_msgs/local/lib/python3.10/dist-packages/slam_msgs-1.0.0-py3.10.egg-info/PKG-INFO\n'}
[5.395204] (slam_msgs) StdoutLine: {'line': b'-- Installing: /root/install/slam_msgs/local/lib/python3.10/dist-packages/slam_msgs-1.0.0-py3.10.egg-info/dependency_links.txt\n'}
[5.395439] (slam_msgs) StdoutLine: {'line': b'-- Installing: /root/install/slam_msgs/local/lib/python3.10/dist-packages/slam_msgs-1.0.0-py3.10.egg-info/top_level.txt\n'}
[5.395670] (slam_msgs) StdoutLine: {'line': b'-- Installing: /root/install/slam_msgs/local/lib/python3.10/dist-packages/slam_msgs-1.0.0-py3.10.egg-info/SOURCES.txt\n'}
[5.395985] (slam_msgs) StdoutLine: {'line': b'-- Up-to-date: /root/install/slam_msgs/local/lib/python3.10/dist-packages/slam_msgs\n'}
[5.396144] (slam_msgs) StdoutLine: {'line': b'-- Installing: /root/install/slam_msgs/local/lib/python3.10/dist-packages/slam_msgs/libslam_msgs__rosidl_generator_py.so\n'}
[5.396647] (slam_msgs) StdoutLine: {'line': b'-- Up-to-date: /root/install/slam_msgs/local/lib/python3.10/dist-packages/slam_msgs/_slam_msgs_s.ep.rosidl_typesupport_fastrtps_c.c\n'}
[5.396836] (slam_msgs) StdoutLine: {'line': b'-- Up-to-date: /root/install/slam_msgs/local/lib/python3.10/dist-packages/slam_msgs/msg\n'}
[5.397013] (slam_msgs) StdoutLine: {'line': b'-- Up-to-date: /root/install/slam_msgs/local/lib/python3.10/dist-packages/slam_msgs/msg/_map_graph_s.c\n'}
[5.397119] (slam_msgs) StdoutLine: {'line': b'-- Up-to-date: /root/install/slam_msgs/local/lib/python3.10/dist-packages/slam_msgs/msg/_slam_info.py\n'}
[5.397221] (slam_msgs) StdoutLine: {'line': b'-- Up-to-date: /root/install/slam_msgs/local/lib/python3.10/dist-packages/slam_msgs/msg/_slam_info_s.c\n'}
[5.397323] (slam_msgs) StdoutLine: {'line': b'-- Up-to-date: /root/install/slam_msgs/local/lib/python3.10/dist-packages/slam_msgs/msg/_map_point.py\n'}
[5.397423] (slam_msgs) StdoutLine: {'line': b'-- Up-to-date: /root/install/slam_msgs/local/lib/python3.10/dist-packages/slam_msgs/msg/_map_data.py\n'}
[5.397521] (slam_msgs) StdoutLine: {'line': b'-- Up-to-date: /root/install/slam_msgs/local/lib/python3.10/dist-packages/slam_msgs/msg/_map_point_s.c\n'}
[5.397652] (slam_msgs) StdoutLine: {'line': b'-- Up-to-date: /root/install/slam_msgs/local/lib/python3.10/dist-packages/slam_msgs/msg/_map_data_s.c\n'}
[5.397857] (slam_msgs) StdoutLine: {'line': b'-- Up-to-date: /root/install/slam_msgs/local/lib/python3.10/dist-packages/slam_msgs/msg/__init__.py\n'}
[5.397965] (slam_msgs) StdoutLine: {'line': b'-- Up-to-date: /root/install/slam_msgs/local/lib/python3.10/dist-packages/slam_msgs/msg/_key_frame.py\n'}
[5.398061] (slam_msgs) StdoutLine: {'line': b'-- Up-to-date: /root/install/slam_msgs/local/lib/python3.10/dist-packages/slam_msgs/msg/_map_graph.py\n'}
[5.398160] (slam_msgs) StdoutLine: {'line': b'-- Up-to-date: /root/install/slam_msgs/local/lib/python3.10/dist-packages/slam_msgs/msg/_key_frame_s.c\n'}
[5.398261] (slam_msgs) StdoutLine: {'line': b'-- Up-to-date: /root/install/slam_msgs/local/lib/python3.10/dist-packages/slam_msgs/_slam_msgs_s.ep.rosidl_typesupport_introspection_c.c\n'}
[5.398360] (slam_msgs) StdoutLine: {'line': b'-- Up-to-date: /root/install/slam_msgs/local/lib/python3.10/dist-packages/slam_msgs/srv\n'}
[5.398460] (slam_msgs) StdoutLine: {'line': b'-- Up-to-date: /root/install/slam_msgs/local/lib/python3.10/dist-packages/slam_msgs/srv/_get_all_landmarks_in_map.py\n'}
[5.398611] (slam_msgs) StdoutLine: {'line': b'-- Up-to-date: /root/install/slam_msgs/local/lib/python3.10/dist-packages/slam_msgs/srv/_get_map_s.c\n'}
[5.398741] (slam_msgs) StdoutLine: {'line': b'-- Up-to-date: /root/install/slam_msgs/local/lib/python3.10/dist-packages/slam_msgs/srv/_get_landmarks_in_view_s.c\n'}
[5.398850] (slam_msgs) StdoutLine: {'line': b'-- Up-to-date: /root/install/slam_msgs/local/lib/python3.10/dist-packages/slam_msgs/srv/_get_map.py\n'}
[5.398944] (slam_msgs) StdoutLine: {'line': b'-- Up-to-date: /root/install/slam_msgs/local/lib/python3.10/dist-packages/slam_msgs/srv/_get_all_landmarks_in_map_s.c\n'}
[5.399036] (slam_msgs) StdoutLine: {'line': b'-- Up-to-date: /root/install/slam_msgs/local/lib/python3.10/dist-packages/slam_msgs/srv/_get_global_point_cloud.py\n'}
[5.399124] (slam_msgs) StdoutLine: {'line': b'-- Up-to-date: /root/install/slam_msgs/local/lib/python3.10/dist-packages/slam_msgs/srv/__init__.py\n'}
[5.399211] (slam_msgs) StdoutLine: {'line': b'-- Up-to-date: /root/install/slam_msgs/local/lib/python3.10/dist-packages/slam_msgs/srv/_get_global_point_cloud_s.c\n'}
[5.399299] (slam_msgs) StdoutLine: {'line': b'-- Up-to-date: /root/install/slam_msgs/local/lib/python3.10/dist-packages/slam_msgs/srv/_get_landmarks_in_view.py\n'}
[5.399386] (slam_msgs) StdoutLine: {'line': b'-- Installing: /root/install/slam_msgs/local/lib/python3.10/dist-packages/slam_msgs/slam_msgs_s__rosidl_typesupport_c.cpython-310-x86_64-linux-gnu.so\n'}
[5.399474] (slam_msgs) StdoutLine: {'line': b'-- Up-to-date: /root/install/slam_msgs/local/lib/python3.10/dist-packages/slam_msgs/_slam_msgs_s.ep.rosidl_typesupport_c.c\n'}
[5.399562] (slam_msgs) StdoutLine: {'line': b'-- Installing: /root/install/slam_msgs/local/lib/python3.10/dist-packages/slam_msgs/slam_msgs_s__rosidl_typesupport_introspection_c.cpython-310-x86_64-linux-gnu.so\n'}
[5.399653] (slam_msgs) StdoutLine: {'line': b'-- Installing: /root/install/slam_msgs/local/lib/python3.10/dist-packages/slam_msgs/__init__.py\n'}
[5.399743] (slam_msgs) StdoutLine: {'line': b'-- Installing: /root/install/slam_msgs/local/lib/python3.10/dist-packages/slam_msgs/slam_msgs_s__rosidl_typesupport_fastrtps_c.cpython-310-x86_64-linux-gnu.so\n'}
[5.424253] (-) TimerEvent: {}
[5.462242] (slam_msgs) StdoutLine: {'line': b"Listing '/root/install/slam_msgs/local/lib/python3.10/dist-packages/slam_msgs'...\n"}
[5.462382] (slam_msgs) StdoutLine: {'line': b"Compiling '/root/install/slam_msgs/local/lib/python3.10/dist-packages/slam_msgs/__init__.py'...\n"}
[5.462442] (slam_msgs) StdoutLine: {'line': b"Listing '/root/install/slam_msgs/local/lib/python3.10/dist-packages/slam_msgs/msg'...\n"}
[5.462495] (slam_msgs) StdoutLine: {'line': b"Compiling '/root/install/slam_msgs/local/lib/python3.10/dist-packages/slam_msgs/msg/__init__.py'...\n"}
[5.462556] (slam_msgs) StdoutLine: {'line': b"Compiling '/root/install/slam_msgs/local/lib/python3.10/dist-packages/slam_msgs/msg/_key_frame.py'...\n"}
[5.462605] (slam_msgs) StdoutLine: {'line': b"Compiling '/root/install/slam_msgs/local/lib/python3.10/dist-packages/slam_msgs/msg/_map_data.py'...\n"}
[5.462653] (slam_msgs) StdoutLine: {'line': b"Compiling '/root/install/slam_msgs/local/lib/python3.10/dist-packages/slam_msgs/msg/_map_graph.py'...\n"}
[5.462701] (slam_msgs) StdoutLine: {'line': b"Compiling '/root/install/slam_msgs/local/lib/python3.10/dist-packages/slam_msgs/msg/_map_point.py'...\n"}
[5.462749] (slam_msgs) StdoutLine: {'line': b"Compiling '/root/install/slam_msgs/local/lib/python3.10/dist-packages/slam_msgs/msg/_slam_info.py'...\n"}
[5.462814] (slam_msgs) StdoutLine: {'line': b"Listing '/root/install/slam_msgs/local/lib/python3.10/dist-packages/slam_msgs/srv'...\n"}
[5.462881] (slam_msgs) StdoutLine: {'line': b"Compiling '/root/install/slam_msgs/local/lib/python3.10/dist-packages/slam_msgs/srv/__init__.py'...\n"}
[5.462929] (slam_msgs) StdoutLine: {'line': b"Compiling '/root/install/slam_msgs/local/lib/python3.10/dist-packages/slam_msgs/srv/_get_all_landmarks_in_map.py'...\n"}
[5.462977] (slam_msgs) StdoutLine: {'line': b"Compiling '/root/install/slam_msgs/local/lib/python3.10/dist-packages/slam_msgs/srv/_get_global_point_cloud.py'...\n"}
[5.463025] (slam_msgs) StdoutLine: {'line': b"Compiling '/root/install/slam_msgs/local/lib/python3.10/dist-packages/slam_msgs/srv/_get_landmarks_in_view.py'...\n"}
[5.463072] (slam_msgs) StdoutLine: {'line': b"Compiling '/root/install/slam_msgs/local/lib/python3.10/dist-packages/slam_msgs/srv/_get_map.py'...\n"}
[5.467663] (slam_msgs) StdoutLine: {'line': b'-- Installing: /root/install/slam_msgs/local/lib/python3.10/dist-packages/slam_msgs/slam_msgs_s__rosidl_typesupport_fastrtps_c.cpython-310-x86_64-linux-gnu.so\n'}
[5.468191] (slam_msgs) StdoutLine: {'line': b'-- Set runtime path of "/root/install/slam_msgs/local/lib/python3.10/dist-packages/slam_msgs/slam_msgs_s__rosidl_typesupport_fastrtps_c.cpython-310-x86_64-linux-gnu.so" to ""\n'}
[5.468445] (slam_msgs) StdoutLine: {'line': b'-- Installing: /root/install/slam_msgs/local/lib/python3.10/dist-packages/slam_msgs/slam_msgs_s__rosidl_typesupport_introspection_c.cpython-310-x86_64-linux-gnu.so\n'}
[5.468976] (slam_msgs) StdoutLine: {'line': b'-- Set runtime path of "/root/install/slam_msgs/local/lib/python3.10/dist-packages/slam_msgs/slam_msgs_s__rosidl_typesupport_introspection_c.cpython-310-x86_64-linux-gnu.so" to ""\n'}
[5.469231] (slam_msgs) StdoutLine: {'line': b'-- Installing: /root/install/slam_msgs/local/lib/python3.10/dist-packages/slam_msgs/slam_msgs_s__rosidl_typesupport_c.cpython-310-x86_64-linux-gnu.so\n'}
[5.469624] (slam_msgs) StdoutLine: {'line': b'-- Set runtime path of "/root/install/slam_msgs/local/lib/python3.10/dist-packages/slam_msgs/slam_msgs_s__rosidl_typesupport_c.cpython-310-x86_64-linux-gnu.so" to ""\n'}
[5.469750] (slam_msgs) StdoutLine: {'line': b'-- Installing: /root/install/slam_msgs/lib/libslam_msgs__rosidl_generator_py.so\n'}
[5.470369] (slam_msgs) StdoutLine: {'line': b'-- Set runtime path of "/root/install/slam_msgs/lib/libslam_msgs__rosidl_generator_py.so" to ""\n'}
[5.470509] (slam_msgs) StdoutLine: {'line': b'-- Up-to-date: /root/install/slam_msgs/share/slam_msgs/msg/MapGraph.idl\n'}
[5.470585] (slam_msgs) StdoutLine: {'line': b'-- Up-to-date: /root/install/slam_msgs/share/slam_msgs/msg/MapData.idl\n'}
[5.470725] (slam_msgs) StdoutLine: {'line': b'-- Up-to-date: /root/install/slam_msgs/share/slam_msgs/msg/KeyFrame.idl\n'}
[5.470895] (slam_msgs) StdoutLine: {'line': b'-- Up-to-date: /root/install/slam_msgs/share/slam_msgs/msg/MapPoint.idl\n'}
[5.471028] (slam_msgs) StdoutLine: {'line': b'-- Up-to-date: /root/install/slam_msgs/share/slam_msgs/msg/SlamInfo.idl\n'}
[5.471133] (slam_msgs) StdoutLine: {'line': b'-- Up-to-date: /root/install/slam_msgs/share/slam_msgs/srv/GetMap.idl\n'}
[5.471281] (slam_msgs) StdoutLine: {'line': b'-- Up-to-date: /root/install/slam_msgs/share/slam_msgs/srv/GetLandmarksInView.idl\n'}
[5.471385] (slam_msgs) StdoutLine: {'line': b'-- Up-to-date: /root/install/slam_msgs/share/slam_msgs/srv/GetAllLandmarksInMap.idl\n'}
[5.471512] (slam_msgs) StdoutLine: {'line': b'-- Up-to-date: /root/install/slam_msgs/share/slam_msgs/srv/GetGlobalPointCloud.idl\n'}
[5.471617] (slam_msgs) StdoutLine: {'line': b'-- Up-to-date: /root/install/slam_msgs/share/slam_msgs/msg/MapGraph.msg\n'}
[5.471719] (slam_msgs) StdoutLine: {'line': b'-- Up-to-date: /root/install/slam_msgs/share/slam_msgs/msg/MapData.msg\n'}
[5.471914] (slam_msgs) StdoutLine: {'line': b'-- Up-to-date: /root/install/slam_msgs/share/slam_msgs/msg/KeyFrame.msg\n'}
[5.472025] (slam_msgs) StdoutLine: {'line': b'-- Up-to-date: /root/install/slam_msgs/share/slam_msgs/msg/MapPoint.msg\n'}
[5.472125] (slam_msgs) StdoutLine: {'line': b'-- Up-to-date: /root/install/slam_msgs/share/slam_msgs/msg/SlamInfo.msg\n'}
[5.472252] (slam_msgs) StdoutLine: {'line': b'-- Up-to-date: /root/install/slam_msgs/share/slam_msgs/srv/GetMap.srv\n'}
[5.472346] (slam_msgs) StdoutLine: {'line': b'-- Up-to-date: /root/install/slam_msgs/share/slam_msgs/srv/GetMap_Request.msg\n'}
[5.472421] (slam_msgs) StdoutLine: {'line': b'-- Up-to-date: /root/install/slam_msgs/share/slam_msgs/srv/GetMap_Response.msg\n'}
[5.472482] (slam_msgs) StdoutLine: {'line': b'-- Up-to-date: /root/install/slam_msgs/share/slam_msgs/srv/GetLandmarksInView.srv\n'}
[5.472542] (slam_msgs) StdoutLine: {'line': b'-- Up-to-date: /root/install/slam_msgs/share/slam_msgs/srv/GetLandmarksInView_Request.msg\n'}
[5.472608] (slam_msgs) StdoutLine: {'line': b'-- Up-to-date: /root/install/slam_msgs/share/slam_msgs/srv/GetLandmarksInView_Response.msg\n'}
[5.472707] (slam_msgs) StdoutLine: {'line': b'-- Up-to-date: /root/install/slam_msgs/share/slam_msgs/srv/GetAllLandmarksInMap.srv\n'}
[5.472840] (slam_msgs) StdoutLine: {'line': b'-- Up-to-date: /root/install/slam_msgs/share/slam_msgs/srv/GetAllLandmarksInMap_Request.msg\n'}
[5.472905] (slam_msgs) StdoutLine: {'line': b'-- Up-to-date: /root/install/slam_msgs/share/slam_msgs/srv/GetAllLandmarksInMap_Response.msg\n'}
[5.472959] (slam_msgs) StdoutLine: {'line': b'-- Up-to-date: /root/install/slam_msgs/share/slam_msgs/srv/GetGlobalPointCloud.srv\n'}
[5.473013] (slam_msgs) StdoutLine: {'line': b'-- Up-to-date: /root/install/slam_msgs/share/slam_msgs/srv/GetGlobalPointCloud_Request.msg\n'}
[5.473078] (slam_msgs) StdoutLine: {'line': b'-- Up-to-date: /root/install/slam_msgs/share/slam_msgs/srv/GetGlobalPointCloud_Response.msg\n'}
[5.473137] (slam_msgs) StdoutLine: {'line': b'-- Up-to-date: /root/install/slam_msgs/share/ament_index/resource_index/package_run_dependencies/slam_msgs\n'}
[5.473195] (slam_msgs) StdoutLine: {'line': b'-- Installing: /root/install/slam_msgs/share/ament_index/resource_index/parent_prefix_path/slam_msgs\n'}
[5.473292] (slam_msgs) StdoutLine: {'line': b'-- Installing: /root/install/slam_msgs/share/slam_msgs/environment/ament_prefix_path.sh\n'}
[5.473359] (slam_msgs) StdoutLine: {'line': b'-- Installing: /root/install/slam_msgs/share/slam_msgs/environment/ament_prefix_path.dsv\n'}
[5.473425] (slam_msgs) StdoutLine: {'line': b'-- Installing: /root/install/slam_msgs/share/slam_msgs/environment/path.sh\n'}
[5.473484] (slam_msgs) StdoutLine: {'line': b'-- Installing: /root/install/slam_msgs/share/slam_msgs/environment/path.dsv\n'}
[5.473576] (slam_msgs) StdoutLine: {'line': b'-- Up-to-date: /root/install/slam_msgs/share/slam_msgs/local_setup.bash\n'}
[5.473631] (slam_msgs) StdoutLine: {'line': b'-- Up-to-date: /root/install/slam_msgs/share/slam_msgs/local_setup.sh\n'}
[5.473683] (slam_msgs) StdoutLine: {'line': b'-- Up-to-date: /root/install/slam_msgs/share/slam_msgs/local_setup.zsh\n'}
[5.473789] (slam_msgs) StdoutLine: {'line': b'-- Installing: /root/install/slam_msgs/share/slam_msgs/local_setup.dsv\n'}
[5.473888] (slam_msgs) StdoutLine: {'line': b'-- Installing: /root/install/slam_msgs/share/slam_msgs/package.dsv\n'}
[5.473979] (slam_msgs) StdoutLine: {'line': b'-- Up-to-date: /root/install/slam_msgs/share/ament_index/resource_index/packages/slam_msgs\n'}
[5.474153] (slam_msgs) StdoutLine: {'line': b'-- Up-to-date: /root/install/slam_msgs/share/slam_msgs/cmake/export_slam_msgs__rosidl_generator_cExport.cmake\n'}
[5.474248] (slam_msgs) StdoutLine: {'line': b'-- Up-to-date: /root/install/slam_msgs/share/slam_msgs/cmake/export_slam_msgs__rosidl_generator_cExport-noconfig.cmake\n'}
[5.474475] (slam_msgs) StdoutLine: {'line': b'-- Up-to-date: /root/install/slam_msgs/share/slam_msgs/cmake/export_slam_msgs__rosidl_typesupport_fastrtps_cExport.cmake\n'}
[5.474581] (slam_msgs) StdoutLine: {'line': b'-- Up-to-date: /root/install/slam_msgs/share/slam_msgs/cmake/export_slam_msgs__rosidl_typesupport_fastrtps_cExport-noconfig.cmake\n'}
[5.474738] (slam_msgs) StdoutLine: {'line': b'-- Up-to-date: /root/install/slam_msgs/share/slam_msgs/cmake/export_slam_msgs__rosidl_generator_cppExport.cmake\n'}
[5.474993] (slam_msgs) StdoutLine: {'line': b'-- Up-to-date: /root/install/slam_msgs/share/slam_msgs/cmake/export_slam_msgs__rosidl_typesupport_fastrtps_cppExport.cmake\n'}
[5.475108] (slam_msgs) StdoutLine: {'line': b'-- Up-to-date: /root/install/slam_msgs/share/slam_msgs/cmake/export_slam_msgs__rosidl_typesupport_fastrtps_cppExport-noconfig.cmake\n'}
[5.475395] (slam_msgs) StdoutLine: {'line': b'-- Up-to-date: /root/install/slam_msgs/share/slam_msgs/cmake/slam_msgs__rosidl_typesupport_introspection_cExport.cmake\n'}
[5.475544] (slam_msgs) StdoutLine: {'line': b'-- Up-to-date: /root/install/slam_msgs/share/slam_msgs/cmake/slam_msgs__rosidl_typesupport_introspection_cExport-noconfig.cmake\n'}
[5.475679] (slam_msgs) StdoutLine: {'line': b'-- Up-to-date: /root/install/slam_msgs/share/slam_msgs/cmake/slam_msgs__rosidl_typesupport_cExport.cmake\n'}
[5.475825] (slam_msgs) StdoutLine: {'line': b'-- Up-to-date: /root/install/slam_msgs/share/slam_msgs/cmake/slam_msgs__rosidl_typesupport_cExport-noconfig.cmake\n'}
[5.475962] (slam_msgs) StdoutLine: {'line': b'-- Up-to-date: /root/install/slam_msgs/share/slam_msgs/cmake/slam_msgs__rosidl_typesupport_introspection_cppExport.cmake\n'}
[5.476059] (slam_msgs) StdoutLine: {'line': b'-- Up-to-date: /root/install/slam_msgs/share/slam_msgs/cmake/slam_msgs__rosidl_typesupport_introspection_cppExport-noconfig.cmake\n'}
[5.476214] (slam_msgs) StdoutLine: {'line': b'-- Up-to-date: /root/install/slam_msgs/share/slam_msgs/cmake/slam_msgs__rosidl_typesupport_cppExport.cmake\n'}
[5.476339] (slam_msgs) StdoutLine: {'line': b'-- Up-to-date: /root/install/slam_msgs/share/slam_msgs/cmake/slam_msgs__rosidl_typesupport_cppExport-noconfig.cmake\n'}
[5.476594] (slam_msgs) StdoutLine: {'line': b'-- Up-to-date: /root/install/slam_msgs/share/slam_msgs/cmake/export_slam_msgs__rosidl_generator_pyExport.cmake\n'}
[5.476771] (slam_msgs) StdoutLine: {'line': b'-- Up-to-date: /root/install/slam_msgs/share/slam_msgs/cmake/export_slam_msgs__rosidl_generator_pyExport-noconfig.cmake\n'}
[5.476968] (slam_msgs) StdoutLine: {'line': b'-- Up-to-date: /root/install/slam_msgs/share/slam_msgs/cmake/rosidl_cmake-extras.cmake\n'}
[5.477156] (slam_msgs) StdoutLine: {'line': b'-- Up-to-date: /root/install/slam_msgs/share/slam_msgs/cmake/ament_cmake_export_dependencies-extras.cmake\n'}
[5.477265] (slam_msgs) StdoutLine: {'line': b'-- Up-to-date: /root/install/slam_msgs/share/slam_msgs/cmake/ament_cmake_export_include_directories-extras.cmake\n'}
[5.477366] (slam_msgs) StdoutLine: {'line': b'-- Up-to-date: /root/install/slam_msgs/share/slam_msgs/cmake/ament_cmake_export_libraries-extras.cmake\n'}
[5.477465] (slam_msgs) StdoutLine: {'line': b'-- Up-to-date: /root/install/slam_msgs/share/slam_msgs/cmake/ament_cmake_export_targets-extras.cmake\n'}
[5.477564] (slam_msgs) StdoutLine: {'line': b'-- Up-to-date: /root/install/slam_msgs/share/slam_msgs/cmake/rosidl_cmake_export_typesupport_targets-extras.cmake\n'}
[5.477662] (slam_msgs) StdoutLine: {'line': b'-- Up-to-date: /root/install/slam_msgs/share/slam_msgs/cmake/rosidl_cmake_export_typesupport_libraries-extras.cmake\n'}
[5.477760] (slam_msgs) StdoutLine: {'line': b'-- Up-to-date: /root/install/slam_msgs/share/slam_msgs/cmake/slam_msgsConfig.cmake\n'}
[5.477907] (slam_msgs) StdoutLine: {'line': b'-- Up-to-date: /root/install/slam_msgs/share/slam_msgs/cmake/slam_msgsConfig-version.cmake\n'}
[5.478000] (slam_msgs) StdoutLine: {'line': b'-- Up-to-date: /root/install/slam_msgs/share/slam_msgs/package.xml\n'}
[5.479391] (slam_msgs) CommandEnded: {'returncode': 0}
[5.504056] (slam_msgs) JobEnded: {'identifier': 'slam_msgs', 'rc': 0}
[5.505532] (map_merger) JobStarted: {'identifier': 'map_merger'}
[5.511444] (orb_slam3_map_generator) JobStarted: {'identifier': 'orb_slam3_map_generator'}
[5.515590] (orb_slam3_planner) JobStarted: {'identifier': 'orb_slam3_planner'}
[5.521710] (orb_slam3_ros2_wrapper) JobStarted: {'identifier': 'orb_slam3_ros2_wrapper'}
[5.524438] (-) TimerEvent: {}
[5.624735] (-) TimerEvent: {}
[5.724973] (-) TimerEvent: {}
[5.825261] (-) TimerEvent: {}
[5.829202] (orb_slam3_map_generator) JobProgress: {'identifier': 'orb_slam3_map_generator', 'progress': 'cmake'}
[5.830550] (orb_slam3_map_generator) JobProgress: {'identifier': 'orb_slam3_map_generator', 'progress': 'build'}
[5.831011] (orb_slam3_map_generator) Command: {'cmd': ['/usr/bin/cmake', '--build', '/root/build/orb_slam3_map_generator', '--', '-j12', '-l12'], 'cwd': '/root/build/orb_slam3_map_generator', 'env': OrderedDict([('HOSTNAME', 'LP-Boston-12214'), ('SHLVL', '1'), ('LD_LIBRARY_PATH', '/root/install/slam_msgs/lib:/root/colcon_ws/install/slam_msgs/lib:/opt/ros/humble/opt/rviz_ogre_vendor/lib:/opt/ros/humble/lib/x86_64-linux-gnu:/opt/ros/humble/lib'), ('HOME', '/root'), ('CYCLONEDDS_URI', '/root/.ros/cyclonedds.xml'), ('OLDPWD', '/'), ('ROS_PYTHON_VERSION', '3'), ('COLCON_PREFIX_PATH', '/root/colcon_ws/install'), ('ROS_DISTRO', 'humble'), ('_', '/usr/bin/colcon'), ('ROS_VERSION', '2'), ('TERM', 'xterm'), ('ROS_LOCALHOST_ONLY', '0'), ('PATH', '/opt/ros/humble/bin:/usr/local/sbin:/usr/local/bin:/usr/sbin:/usr/bin:/sbin:/bin'), ('XDG_RUNTIME_DIR', '/tmp/runtime-root'), ('DISPLAY', ':1'), ('LANG', 'C.UTF-8'), ('RMW_IMPLEMENTATION', 'rmw_cyclonedds_cpp'), ('LS_COLORS', 'rs=0:di=01;34:ln=01;36:mh=00:pi=40;33:so=01;35:do=01;35:bd=40;33;01:cd=40;33;01:or=40;31;01:mi=00:su=37;41:sg=30;43:ca=30;41:tw=30;42:ow=34;42:st=37;44:ex=01;32:*.tar=01;31:*.tgz=01;31:*.arc=01;31:*.arj=01;31:*.taz=01;31:*.lha=01;31:*.lz4=01;31:*.lzh=01;31:*.lzma=01;31:*.tlz=01;31:*.txz=01;31:*.tzo=01;31:*.t7z=01;31:*.zip=01;31:*.z=01;31:*.dz=01;31:*.gz=01;31:*.lrz=01;31:*.lz=01;31:*.lzo=01;31:*.xz=01;31:*.zst=01;31:*.tzst=01;31:*.bz2=01;31:*.bz=01;31:*.tbz=01;31:*.tbz2=01;31:*.tz=01;31:*.deb=01;31:*.rpm=01;31:*.jar=01;31:*.war=01;31:*.ear=01;31:*.sar=01;31:*.rar=01;31:*.alz=01;31:*.ace=01;31:*.zoo=01;31:*.cpio=01;31:*.7z=01;31:*.rz=01;31:*.cab=01;31:*.wim=01;31:*.swm=01;31:*.dwm=01;31:*.esd=01;31:*.jpg=01;35:*.jpeg=01;35:*.mjpg=01;35:*.mjpeg=01;35:*.gif=01;35:*.bmp=01;35:*.pbm=01;35:*.pgm=01;35:*.ppm=01;35:*.tga=01;35:*.xbm=01;35:*.xpm=01;35:*.tif=01;35:*.tiff=01;35:*.png=01;35:*.svg=01;35:*.svgz=01;35:*.mng=01;35:*.pcx=01;35:*.mov=01;35:*.mpg=01;35:*.mpeg=01;35:*.m2v=01;35:*.mkv=01;35:*.webm=01;35:*.webp=01;35:*.ogm=01;35:*.mp4=01;35:*.m4v=01;35:*.mp4v=01;35:*.vob=01;35:*.qt=01;35:*.nuv=01;35:*.wmv=01;35:*.asf=01;35:*.rm=01;35:*.rmvb=01;35:*.flc=01;35:*.avi=01;35:*.fli=01;35:*.flv=01;35:*.gl=01;35:*.dl=01;35:*.xcf=01;35:*.xwd=01;35:*.yuv=01;35:*.cgm=01;35:*.emf=01;35:*.ogv=01;35:*.ogx=01;35:*.aac=00;36:*.au=00;36:*.flac=00;36:*.m4a=00;36:*.mid=00;36:*.midi=00;36:*.mka=00;36:*.mp3=00;36:*.mpc=00;36:*.ogg=00;36:*.ra=00;36:*.wav=00;36:*.oga=00;36:*.opus=00;36:*.spx=00;36:*.xspf=00;36:'), ('ROS_DOMAIN_ID', '55'), ('AMENT_PREFIX_PATH', '/root/install/slam_msgs:/root/colcon_ws/install/orb_slam3_ros2_wrapper:/root/colcon_ws/install/orb_slam3_planner:/root/colcon_ws/install/orb_slam3_map_generator:/root/colcon_ws/install/map_merger:/root/colcon_ws/install/slam_msgs:/root/colcon_ws/install/color_pose_corrector:/opt/ros/humble'), ('PWD', '/root/build/orb_slam3_map_generator'), ('LC_ALL', 'C.UTF-8'), ('RCUTILS_COLORIZED_OUTPUT', '1'), ('PYTHONPATH', '/root/install/slam_msgs/local/lib/python3.10/dist-packages:/root/colcon_ws/build/orb_slam3_planner:/root/colcon_ws/install/orb_slam3_planner/lib/python3.10/site-packages:/root/colcon_ws/build/map_merger:/root/colcon_ws/install/map_merger/lib/python3.10/site-packages:/root/colcon_ws/install/slam_msgs/local/lib/python3.10/dist-packages:/root/colcon_ws/install/color_pose_corrector/lib/python3.10/site-packages:/opt/ros/humble/lib/python3.10/site-packages:/opt/ros/humble/local/lib/python3.10/dist-packages'), ('COLCON', '1'), ('CMAKE_PREFIX_PATH', '/root/install/slam_msgs:/root/colcon_ws/install/orb_slam3_ros2_wrapper:/root/colcon_ws/install/orb_slam3_map_generator:/root/colcon_ws/install/slam_msgs:/root/colcon_ws/install/orb_slam3_planner:/root/colcon_ws/install/map_merger:/root/colcon_ws/install/color_pose_corrector:/opt/ros/humble')]), 'shell': False}
[5.925384] (-) TimerEvent: {}
[6.025621] (-) TimerEvent: {}
[6.087650] (orb_slam3_map_generator) StderrLine: {'line': b'\x1b[0mBuild type: Release\x1b[0m\n'}
[6.087992] (orb_slam3_map_generator) StdoutLine: {'line': b'-- Found ament_cmake_auto: 1.3.11 (/opt/ros/humble/share/ament_cmake_auto/cmake)\n'}
[6.088165] (orb_slam3_map_generator) StdoutLine: {'line': b'-- Found rclcpp: 16.0.12 (/opt/ros/humble/share/rclcpp/cmake)\n'}
[6.088371] (orb_slam3_map_generator) StdoutLine: {'line': b'-- Found rosidl_generator_c: 3.1.6 (/opt/ros/humble/share/rosidl_generator_c/cmake)\n'}
[6.088506] (orb_slam3_map_generator) StdoutLine: {'line': b'-- Found rosidl_adapter: 3.1.6 (/opt/ros/humble/share/rosidl_adapter/cmake)\n'}
[6.089176] (orb_slam3_map_generator) StdoutLine: {'line': b'-- Found rosidl_generator_cpp: 3.1.6 (/opt/ros/humble/share/rosidl_generator_cpp/cmake)\n'}
[6.089305] (orb_slam3_map_generator) StdoutLine: {'line': b'-- Using all available rosidl_typesupport_c: rosidl_typesupport_fastrtps_c;rosidl_typesupport_introspection_c\n'}
[6.089409] (orb_slam3_map_generator) StdoutLine: {'line': b'-- Using all available rosidl_typesupport_cpp: rosidl_typesupport_fastrtps_cpp;rosidl_typesupport_introspection_cpp\n'}
[6.089521] (orb_slam3_ros2_wrapper) JobProgress: {'identifier': 'orb_slam3_ros2_wrapper', 'progress': 'cmake'}
[6.089977] (orb_slam3_ros2_wrapper) JobProgress: {'identifier': 'orb_slam3_ros2_wrapper', 'progress': 'build'}
[6.090987] (orb_slam3_ros2_wrapper) Command: {'cmd': ['/usr/bin/cmake', '--build', '/root/build/orb_slam3_ros2_wrapper', '--', '-j12', '-l12'], 'cwd': '/root/build/orb_slam3_ros2_wrapper', 'env': OrderedDict([('HOSTNAME', 'LP-Boston-12214'), ('SHLVL', '1'), ('LD_LIBRARY_PATH', '/root/install/slam_msgs/lib:/root/colcon_ws/install/slam_msgs/lib:/opt/ros/humble/opt/rviz_ogre_vendor/lib:/opt/ros/humble/lib/x86_64-linux-gnu:/opt/ros/humble/lib'), ('HOME', '/root'), ('CYCLONEDDS_URI', '/root/.ros/cyclonedds.xml'), ('OLDPWD', '/'), ('ROS_PYTHON_VERSION', '3'), ('COLCON_PREFIX_PATH', '/root/colcon_ws/install'), ('ROS_DISTRO', 'humble'), ('_', '/usr/bin/colcon'), ('ROS_VERSION', '2'), ('TERM', 'xterm'), ('ROS_LOCALHOST_ONLY', '0'), ('PATH', '/opt/ros/humble/bin:/usr/local/sbin:/usr/local/bin:/usr/sbin:/usr/bin:/sbin:/bin'), ('XDG_RUNTIME_DIR', '/tmp/runtime-root'), ('DISPLAY', ':1'), ('LANG', 'C.UTF-8'), ('RMW_IMPLEMENTATION', 'rmw_cyclonedds_cpp'), ('LS_COLORS', 'rs=0:di=01;34:ln=01;36:mh=00:pi=40;33:so=01;35:do=01;35:bd=40;33;01:cd=40;33;01:or=40;31;01:mi=00:su=37;41:sg=30;43:ca=30;41:tw=30;42:ow=34;42:st=37;44:ex=01;32:*.tar=01;31:*.tgz=01;31:*.arc=01;31:*.arj=01;31:*.taz=01;31:*.lha=01;31:*.lz4=01;31:*.lzh=01;31:*.lzma=01;31:*.tlz=01;31:*.txz=01;31:*.tzo=01;31:*.t7z=01;31:*.zip=01;31:*.z=01;31:*.dz=01;31:*.gz=01;31:*.lrz=01;31:*.lz=01;31:*.lzo=01;31:*.xz=01;31:*.zst=01;31:*.tzst=01;31:*.bz2=01;31:*.bz=01;31:*.tbz=01;31:*.tbz2=01;31:*.tz=01;31:*.deb=01;31:*.rpm=01;31:*.jar=01;31:*.war=01;31:*.ear=01;31:*.sar=01;31:*.rar=01;31:*.alz=01;31:*.ace=01;31:*.zoo=01;31:*.cpio=01;31:*.7z=01;31:*.rz=01;31:*.cab=01;31:*.wim=01;31:*.swm=01;31:*.dwm=01;31:*.esd=01;31:*.jpg=01;35:*.jpeg=01;35:*.mjpg=01;35:*.mjpeg=01;35:*.gif=01;35:*.bmp=01;35:*.pbm=01;35:*.pgm=01;35:*.ppm=01;35:*.tga=01;35:*.xbm=01;35:*.xpm=01;35:*.tif=01;35:*.tiff=01;35:*.png=01;35:*.svg=01;35:*.svgz=01;35:*.mng=01;35:*.pcx=01;35:*.mov=01;35:*.mpg=01;35:*.mpeg=01;35:*.m2v=01;35:*.mkv=01;35:*.webm=01;35:*.webp=01;35:*.ogm=01;35:*.mp4=01;35:*.m4v=01;35:*.mp4v=01;35:*.vob=01;35:*.qt=01;35:*.nuv=01;35:*.wmv=01;35:*.asf=01;35:*.rm=01;35:*.rmvb=01;35:*.flc=01;35:*.avi=01;35:*.fli=01;35:*.flv=01;35:*.gl=01;35:*.dl=01;35:*.xcf=01;35:*.xwd=01;35:*.yuv=01;35:*.cgm=01;35:*.emf=01;35:*.ogv=01;35:*.ogx=01;35:*.aac=00;36:*.au=00;36:*.flac=00;36:*.m4a=00;36:*.mid=00;36:*.midi=00;36:*.mka=00;36:*.mp3=00;36:*.mpc=00;36:*.ogg=00;36:*.ra=00;36:*.wav=00;36:*.oga=00;36:*.opus=00;36:*.spx=00;36:*.xspf=00;36:'), ('ROS_DOMAIN_ID', '55'), ('AMENT_PREFIX_PATH', '/root/install/slam_msgs:/root/colcon_ws/install/orb_slam3_ros2_wrapper:/root/colcon_ws/install/orb_slam3_planner:/root/colcon_ws/install/orb_slam3_map_generator:/root/colcon_ws/install/map_merger:/root/colcon_ws/install/slam_msgs:/root/colcon_ws/install/color_pose_corrector:/opt/ros/humble'), ('PWD', '/root/build/orb_slam3_ros2_wrapper'), ('LC_ALL', 'C.UTF-8'), ('RCUTILS_COLORIZED_OUTPUT', '1'), ('PYTHONPATH', '/root/install/slam_msgs/local/lib/python3.10/dist-packages:/root/colcon_ws/build/orb_slam3_planner:/root/colcon_ws/install/orb_slam3_planner/lib/python3.10/site-packages:/root/colcon_ws/build/map_merger:/root/colcon_ws/install/map_merger/lib/python3.10/site-packages:/root/colcon_ws/install/slam_msgs/local/lib/python3.10/dist-packages:/root/colcon_ws/install/color_pose_corrector/lib/python3.10/site-packages:/opt/ros/humble/lib/python3.10/site-packages:/opt/ros/humble/local/lib/python3.10/dist-packages'), ('COLCON', '1'), ('CMAKE_PREFIX_PATH', '/root/install/slam_msgs:/root/colcon_ws/install/orb_slam3_ros2_wrapper:/root/colcon_ws/install/orb_slam3_map_generator:/root/colcon_ws/install/slam_msgs:/root/colcon_ws/install/orb_slam3_planner:/root/colcon_ws/install/map_merger:/root/colcon_ws/install/color_pose_corrector:/opt/ros/humble')]), 'shell': False}
[6.107000] (orb_slam3_map_generator) StdoutLine: {'line': b'-- Found rmw_implementation_cmake: 6.1.2 (/opt/ros/humble/share/rmw_implementation_cmake/cmake)\n'}
[6.108700] (orb_slam3_map_generator) StdoutLine: {'line': b'-- Found rmw_cyclonedds_cpp: 1.3.4 (/opt/ros/humble/share/rmw_cyclonedds_cpp/cmake)\n'}
[6.125776] (-) TimerEvent: {}
[6.125948] (orb_slam3_ros2_wrapper) StderrLine: {'line': b'\x1b[0mBuild type: Release\x1b[0m\n'}
[6.126102] (orb_slam3_ros2_wrapper) StdoutLine: {'line': b'-- Found ament_cmake_auto: 1.3.11 (/opt/ros/humble/share/ament_cmake_auto/cmake)\n'}
[6.128314] (orb_slam3_map_generator) StdoutLine: {'line': b"-- Using RMW implementation 'rmw_cyclonedds_cpp' as default\n"}
[6.181062] (orb_slam3_map_generator) StdoutLine: {'line': b'-- Found sensor_msgs: 4.9.0 (/opt/ros/humble/share/sensor_msgs/cmake)\n'}
[6.213327] (orb_slam3_map_generator) StdoutLine: {'line': b'-- Found cv_bridge: 3.2.1 (/opt/ros/humble/share/cv_bridge/cmake)\n'}
[6.220170] (orb_slam3_map_generator) StdoutLine: {'line': b'-- Found message_filters: 4.3.7 (/opt/ros/humble/share/message_filters/cmake)\n'}
[6.225830] (-) TimerEvent: {}
[6.233171] (orb_slam3_map_generator) StdoutLine: {'line': b'-- Found tf2_ros: 0.25.13 (/opt/ros/humble/share/tf2_ros/cmake)\n'}
[6.258741] (orb_slam3_ros2_wrapper) StdoutLine: {'line': b'-- Found rclcpp: 16.0.12 (/opt/ros/humble/share/rclcpp/cmake)\n'}
[6.301526] (orb_slam3_ros2_wrapper) StdoutLine: {'line': b'-- Found rosidl_generator_c: 3.1.6 (/opt/ros/humble/share/rosidl_generator_c/cmake)\n'}
[6.306427] (orb_slam3_ros2_wrapper) StdoutLine: {'line': b'-- Found rosidl_adapter: 3.1.6 (/opt/ros/humble/share/rosidl_adapter/cmake)\n'}
[6.316797] (orb_slam3_ros2_wrapper) StdoutLine: {'line': b'-- Found rosidl_generator_cpp: 3.1.6 (/opt/ros/humble/share/rosidl_generator_cpp/cmake)\n'}
[6.325913] (-) TimerEvent: {}
[6.335689] (orb_slam3_ros2_wrapper) StdoutLine: {'line': b'-- Using all available rosidl_typesupport_c: rosidl_typesupport_fastrtps_c;rosidl_typesupport_introspection_c\n'}
[6.359648] (orb_slam3_ros2_wrapper) StdoutLine: {'line': b'-- Using all available rosidl_typesupport_cpp: rosidl_typesupport_fastrtps_cpp;rosidl_typesupport_introspection_cpp\n'}
[6.395028] (orb_slam3_map_generator) StdoutLine: {'line': b'-- Found tf2_eigen: 0.25.13 (/opt/ros/humble/share/tf2_eigen/cmake)\n'}
[6.398638] (orb_slam3_ros2_wrapper) StdoutLine: {'line': b'-- Found rmw_implementation_cmake: 6.1.2 (/opt/ros/humble/share/rmw_implementation_cmake/cmake)\n'}
[6.399334] (orb_slam3_map_generator) StdoutLine: {'line': b'-- Found tf2_geometry_msgs: 0.25.13 (/opt/ros/humble/share/tf2_geometry_msgs/cmake)\n'}
[6.400400] (orb_slam3_ros2_wrapper) StdoutLine: {'line': b'-- Found rmw_cyclonedds_cpp: 1.3.4 (/opt/ros/humble/share/rmw_cyclonedds_cpp/cmake)\n'}
[6.404738] (orb_slam3_map_generator) StdoutLine: {'line': b'-- Found eigen3_cmake_module: 0.1.1 (/opt/ros/humble/share/eigen3_cmake_module/cmake)\n'}
[6.406285] (orb_slam3_map_generator) StdoutLine: {'line': b'-- Ensuring Eigen3 include directory is part of orocos-kdl CMake target\n'}
[6.408186] (orb_slam3_map_generator) StdoutLine: {'line': b'-- Found slam_msgs: 1.0.0 (/root/install/slam_msgs/share/slam_msgs/cmake)\n'}
[6.420203] (orb_slam3_ros2_wrapper) StdoutLine: {'line': b"-- Using RMW implementation 'rmw_cyclonedds_cpp' as default\n"}
[6.426020] (-) TimerEvent: {}
[6.430824] (orb_slam3_map_generator) StdoutLine: {'line': b'-- Found nav_msgs: 4.9.0 (/opt/ros/humble/share/nav_msgs/cmake)\n'}
[6.432990] (map_merger) Command: {'cmd': ['/usr/bin/python3', '-W', 'ignore:setup.py install is deprecated', '-W', 'ignore:easy_install command is deprecated', 'setup.py', 'egg_info', '--egg-base', '../../../build/map_merger', 'build', '--build-base', '/root/build/map_merger/build', 'install', '--record', '/root/build/map_merger/install.log', '--single-version-externally-managed', 'install_data'], 'cwd': '/root/colcon_ws/src/map_merger', 'env': {'HOSTNAME': 'LP-Boston-12214', 'SHLVL': '1', 'LD_LIBRARY_PATH': '/root/install/slam_msgs/lib:/root/colcon_ws/install/slam_msgs/lib:/opt/ros/humble/opt/rviz_ogre_vendor/lib:/opt/ros/humble/lib/x86_64-linux-gnu:/opt/ros/humble/lib', 'HOME': '/root', 'CYCLONEDDS_URI': '/root/.ros/cyclonedds.xml', 'OLDPWD': '/', 'ROS_PYTHON_VERSION': '3', 'COLCON_PREFIX_PATH': '/root/colcon_ws/install', 'ROS_DISTRO': 'humble', '_': '/usr/bin/colcon', 'ROS_VERSION': '2', 'TERM': 'xterm', 'ROS_LOCALHOST_ONLY': '0', 'PATH': '/opt/ros/humble/bin:/usr/local/sbin:/usr/local/bin:/usr/sbin:/usr/bin:/sbin:/bin', 'XDG_RUNTIME_DIR': '/tmp/runtime-root', 'DISPLAY': ':1', 'LANG': 'C.UTF-8', 'RMW_IMPLEMENTATION': 'rmw_cyclonedds_cpp', 'LS_COLORS': 'rs=0:di=01;34:ln=01;36:mh=00:pi=40;33:so=01;35:do=01;35:bd=40;33;01:cd=40;33;01:or=40;31;01:mi=00:su=37;41:sg=30;43:ca=30;41:tw=30;42:ow=34;42:st=37;44:ex=01;32:*.tar=01;31:*.tgz=01;31:*.arc=01;31:*.arj=01;31:*.taz=01;31:*.lha=01;31:*.lz4=01;31:*.lzh=01;31:*.lzma=01;31:*.tlz=01;31:*.txz=01;31:*.tzo=01;31:*.t7z=01;31:*.zip=01;31:*.z=01;31:*.dz=01;31:*.gz=01;31:*.lrz=01;31:*.lz=01;31:*.lzo=01;31:*.xz=01;31:*.zst=01;31:*.tzst=01;31:*.bz2=01;31:*.bz=01;31:*.tbz=01;31:*.tbz2=01;31:*.tz=01;31:*.deb=01;31:*.rpm=01;31:*.jar=01;31:*.war=01;31:*.ear=01;31:*.sar=01;31:*.rar=01;31:*.alz=01;31:*.ace=01;31:*.zoo=01;31:*.cpio=01;31:*.7z=01;31:*.rz=01;31:*.cab=01;31:*.wim=01;31:*.swm=01;31:*.dwm=01;31:*.esd=01;31:*.jpg=01;35:*.jpeg=01;35:*.mjpg=01;35:*.mjpeg=01;35:*.gif=01;35:*.bmp=01;35:*.pbm=01;35:*.pgm=01;35:*.ppm=01;35:*.tga=01;35:*.xbm=01;35:*.xpm=01;35:*.tif=01;35:*.tiff=01;35:*.png=01;35:*.svg=01;35:*.svgz=01;35:*.mng=01;35:*.pcx=01;35:*.mov=01;35:*.mpg=01;35:*.mpeg=01;35:*.m2v=01;35:*.mkv=01;35:*.webm=01;35:*.webp=01;35:*.ogm=01;35:*.mp4=01;35:*.m4v=01;35:*.mp4v=01;35:*.vob=01;35:*.qt=01;35:*.nuv=01;35:*.wmv=01;35:*.asf=01;35:*.rm=01;35:*.rmvb=01;35:*.flc=01;35:*.avi=01;35:*.fli=01;35:*.flv=01;35:*.gl=01;35:*.dl=01;35:*.xcf=01;35:*.xwd=01;35:*.yuv=01;35:*.cgm=01;35:*.emf=01;35:*.ogv=01;35:*.ogx=01;35:*.aac=00;36:*.au=00;36:*.flac=00;36:*.m4a=00;36:*.mid=00;36:*.midi=00;36:*.mka=00;36:*.mp3=00;36:*.mpc=00;36:*.ogg=00;36:*.ra=00;36:*.wav=00;36:*.oga=00;36:*.opus=00;36:*.spx=00;36:*.xspf=00;36:', 'ROS_DOMAIN_ID': '55', 'AMENT_PREFIX_PATH': '/root/install/slam_msgs:/root/colcon_ws/install/orb_slam3_ros2_wrapper:/root/colcon_ws/install/orb_slam3_planner:/root/colcon_ws/install/orb_slam3_map_generator:/root/colcon_ws/install/map_merger:/root/colcon_ws/install/slam_msgs:/root/colcon_ws/install/color_pose_corrector:/opt/ros/humble', 'PWD': '/root/build/map_merger', 'LC_ALL': 'C.UTF-8', 'RCUTILS_COLORIZED_OUTPUT': '1', 'PYTHONPATH': '/root/build/map_merger/prefix_override:/usr/lib/python3/dist-packages/colcon_core/task/python/colcon_distutils_commands:/root/install/map_merger/lib/python3.10/site-packages:/root/install/slam_msgs/local/lib/python3.10/dist-packages:/root/colcon_ws/build/orb_slam3_planner:/root/colcon_ws/install/orb_slam3_planner/lib/python3.10/site-packages:/root/colcon_ws/build/map_merger:/root/colcon_ws/install/map_merger/lib/python3.10/site-packages:/root/colcon_ws/install/slam_msgs/local/lib/python3.10/dist-packages:/root/colcon_ws/install/color_pose_corrector/lib/python3.10/site-packages:/opt/ros/humble/lib/python3.10/site-packages:/opt/ros/humble/local/lib/python3.10/dist-packages', 'COLCON': '1', 'CMAKE_PREFIX_PATH': '/root/install/slam_msgs:/root/colcon_ws/install/orb_slam3_ros2_wrapper:/root/colcon_ws/install/orb_slam3_map_generator:/root/colcon_ws/install/slam_msgs'}, 'shell': False}
[6.439733] (orb_slam3_planner) Command: {'cmd': ['/usr/bin/python3', '-W', 'ignore:setup.py install is deprecated', '-W', 'ignore:easy_install command is deprecated', 'setup.py', 'egg_info', '--egg-base', '../../../build/orb_slam3_planner', 'build', '--build-base', '/root/build/orb_slam3_planner/build', 'install', '--record', '/root/build/orb_slam3_planner/install.log', '--single-version-externally-managed', 'install_data'], 'cwd': '/root/colcon_ws/src/orb_slam3_planner', 'env': {'HOSTNAME': 'LP-Boston-12214', 'SHLVL': '1', 'LD_LIBRARY_PATH': '/root/install/slam_msgs/lib:/root/colcon_ws/install/slam_msgs/lib:/opt/ros/humble/opt/rviz_ogre_vendor/lib:/opt/ros/humble/lib/x86_64-linux-gnu:/opt/ros/humble/lib', 'HOME': '/root', 'CYCLONEDDS_URI': '/root/.ros/cyclonedds.xml', 'OLDPWD': '/', 'ROS_PYTHON_VERSION': '3', 'COLCON_PREFIX_PATH': '/root/colcon_ws/install', 'ROS_DISTRO': 'humble', '_': '/usr/bin/colcon', 'ROS_VERSION': '2', 'TERM': 'xterm', 'ROS_LOCALHOST_ONLY': '0', 'PATH': '/opt/ros/humble/bin:/usr/local/sbin:/usr/local/bin:/usr/sbin:/usr/bin:/sbin:/bin', 'XDG_RUNTIME_DIR': '/tmp/runtime-root', 'DISPLAY': ':1', 'LANG': 'C.UTF-8', 'RMW_IMPLEMENTATION': 'rmw_cyclonedds_cpp', 'LS_COLORS': 'rs=0:di=01;34:ln=01;36:mh=00:pi=40;33:so=01;35:do=01;35:bd=40;33;01:cd=40;33;01:or=40;31;01:mi=00:su=37;41:sg=30;43:ca=30;41:tw=30;42:ow=34;42:st=37;44:ex=01;32:*.tar=01;31:*.tgz=01;31:*.arc=01;31:*.arj=01;31:*.taz=01;31:*.lha=01;31:*.lz4=01;31:*.lzh=01;31:*.lzma=01;31:*.tlz=01;31:*.txz=01;31:*.tzo=01;31:*.t7z=01;31:*.zip=01;31:*.z=01;31:*.dz=01;31:*.gz=01;31:*.lrz=01;31:*.lz=01;31:*.lzo=01;31:*.xz=01;31:*.zst=01;31:*.tzst=01;31:*.bz2=01;31:*.bz=01;31:*.tbz=01;31:*.tbz2=01;31:*.tz=01;31:*.deb=01;31:*.rpm=01;31:*.jar=01;31:*.war=01;31:*.ear=01;31:*.sar=01;31:*.rar=01;31:*.alz=01;31:*.ace=01;31:*.zoo=01;31:*.cpio=01;31:*.7z=01;31:*.rz=01;31:*.cab=01;31:*.wim=01;31:*.swm=01;31:*.dwm=01;31:*.esd=01;31:*.jpg=01;35:*.jpeg=01;35:*.mjpg=01;35:*.mjpeg=01;35:*.gif=01;35:*.bmp=01;35:*.pbm=01;35:*.pgm=01;35:*.ppm=01;35:*.tga=01;35:*.xbm=01;35:*.xpm=01;35:*.tif=01;35:*.tiff=01;35:*.png=01;35:*.svg=01;35:*.svgz=01;35:*.mng=01;35:*.pcx=01;35:*.mov=01;35:*.mpg=01;35:*.mpeg=01;35:*.m2v=01;35:*.mkv=01;35:*.webm=01;35:*.webp=01;35:*.ogm=01;35:*.mp4=01;35:*.m4v=01;35:*.mp4v=01;35:*.vob=01;35:*.qt=01;35:*.nuv=01;35:*.wmv=01;35:*.asf=01;35:*.rm=01;35:*.rmvb=01;35:*.flc=01;35:*.avi=01;35:*.fli=01;35:*.flv=01;35:*.gl=01;35:*.dl=01;35:*.xcf=01;35:*.xwd=01;35:*.yuv=01;35:*.cgm=01;35:*.emf=01;35:*.ogv=01;35:*.ogx=01;35:*.aac=00;36:*.au=00;36:*.flac=00;36:*.m4a=00;36:*.mid=00;36:*.midi=00;36:*.mka=00;36:*.mp3=00;36:*.mpc=00;36:*.ogg=00;36:*.ra=00;36:*.wav=00;36:*.oga=00;36:*.opus=00;36:*.spx=00;36:*.xspf=00;36:', 'ROS_DOMAIN_ID': '55', 'AMENT_PREFIX_PATH': '/root/install/slam_msgs:/root/colcon_ws/install/orb_slam3_ros2_wrapper:/root/colcon_ws/install/orb_slam3_planner:/root/colcon_ws/install/orb_slam3_map_generator:/root/colcon_ws/install/map_merger:/root/colcon_ws/install/slam_msgs:/root/colcon_ws/install/color_pose_corrector:/opt/ros/humble', 'PWD': '/root/build/orb_slam3_planner', 'LC_ALL': 'C.UTF-8', 'RCUTILS_COLORIZED_OUTPUT': '1', 'PYTHONPATH': '/root/build/orb_slam3_planner/prefix_override:/usr/lib/python3/dist-packages/colcon_core/task/python/colcon_distutils_commands:/root/install/orb_slam3_planner/lib/python3.10/site-packages:/root/install/slam_msgs/local/lib/python3.10/dist-packages:/root/colcon_ws/build/orb_slam3_planner:/root/colcon_ws/install/orb_slam3_planner/lib/python3.10/site-packages:/root/colcon_ws/build/map_merger:/root/colcon_ws/install/map_merger/lib/python3.10/site-packages:/root/colcon_ws/install/slam_msgs/local/lib/python3.10/dist-packages:/root/colcon_ws/install/color_pose_corrector/lib/python3.10/site-packages:/opt/ros/humble/lib/python3.10/site-packages:/opt/ros/humble/local/lib/python3.10/dist-packages', 'COLCON': '1', 'CMAKE_PREFIX_PATH': '/root/install/slam_msgs:/root/colcon_ws/install/orb_slam3_ros2_wrapper:/root/colcon_ws/install/orb_slam3_map_generator:/root/colcon_ws/install/slam_msgs'}, 'shell': False}
[6.455847] (orb_slam3_map_generator) StdoutLine: {'line': b'-- Found std_srvs: 4.9.0 (/opt/ros/humble/share/std_srvs/cmake)\n'}
[6.470777] (orb_slam3_map_generator) StdoutLine: {'line': b'-- Found image_transport: 3.1.12 (/opt/ros/humble/share/image_transport/cmake)\n'}
[6.477072] (orb_slam3_ros2_wrapper) StdoutLine: {'line': b'-- Found sensor_msgs: 4.9.0 (/opt/ros/humble/share/sensor_msgs/cmake)\n'}
[6.506292] (orb_slam3_map_generator) StdoutLine: {'line': b'-- Found tf2_sensor_msgs: 0.25.13 (/opt/ros/humble/share/tf2_sensor_msgs/cmake)\n'}
[6.511270] (orb_slam3_ros2_wrapper) StdoutLine: {'line': b'-- Found cv_bridge: 3.2.1 (/opt/ros/humble/share/cv_bridge/cmake)\n'}
[6.511700] (orb_slam3_map_generator) StdoutLine: {'line': b'-- Found pcl_ros: 2.4.5 (/opt/ros/humble/share/pcl_ros/cmake)\n'}
[6.516425] (orb_slam3_ros2_wrapper) StdoutLine: {'line': b'-- Found message_filters: 4.3.7 (/opt/ros/humble/share/message_filters/cmake)\n'}
[6.524769] (orb_slam3_ros2_wrapper) StdoutLine: {'line': b'-- Found tf2_ros: 0.25.13 (/opt/ros/humble/share/tf2_ros/cmake)\n'}
[6.526113] (-) TimerEvent: {}
[6.555555] (orb_slam3_map_generator) StdoutLine: {'line': b'-- Eigen found (include: /usr/include/eigen3, version: 3.4.0)\n'}
[6.604279] (orb_slam3_map_generator) StdoutLine: {'line': b'-- FLANN found (include: /usr/include, lib: /usr/lib/x86_64-linux-gnu/libflann_cpp.so)\n'}
[6.615414] (orb_slam3_ros2_wrapper) StdoutLine: {'line': b'-- Found tf2_eigen: 0.25.13 (/opt/ros/humble/share/tf2_eigen/cmake)\n'}
[6.617993] (orb_slam3_ros2_wrapper) StdoutLine: {'line': b'-- Found slam_msgs: 1.0.0 (/root/install/slam_msgs/share/slam_msgs/cmake)\n'}
[6.626225] (-) TimerEvent: {}
[6.638943] (orb_slam3_ros2_wrapper) StdoutLine: {'line': b'-- Found nav_msgs: 4.9.0 (/opt/ros/humble/share/nav_msgs/cmake)\n'}
[6.665039] (orb_slam3_ros2_wrapper) StdoutLine: {'line': b'-- Found tf2_geometry_msgs: 0.25.13 (/opt/ros/humble/share/tf2_geometry_msgs/cmake)\n'}
[6.671335] (orb_slam3_ros2_wrapper) StdoutLine: {'line': b'-- Found eigen3_cmake_module: 0.1.1 (/opt/ros/humble/share/eigen3_cmake_module/cmake)\n'}
[6.673603] (orb_slam3_ros2_wrapper) StdoutLine: {'line': b'-- Found Eigen3: TRUE (found version "3.4.0") \n'}
[6.673752] (orb_slam3_ros2_wrapper) StdoutLine: {'line': b'-- Ensuring Eigen3 include directory is part of orocos-kdl CMake target\n'}
[6.679804] (map_merger) StdoutLine: {'line': b'running egg_info\n'}
[6.680475] (map_merger) StdoutLine: {'line': b'writing ../../../build/map_merger/map_merger.egg-info/PKG-INFO\n'}
[6.680852] (map_merger) StdoutLine: {'line': b'writing dependency_links to ../../../build/map_merger/map_merger.egg-info/dependency_links.txt\n'}
[6.681062] (map_merger) StdoutLine: {'line': b'writing entry points to ../../../build/map_merger/map_merger.egg-info/entry_points.txt\n'}
[6.681247] (map_merger) StdoutLine: {'line': b'writing requirements to ../../../build/map_merger/map_merger.egg-info/requires.txt\n'}
[6.681437] (map_merger) StdoutLine: {'line': b'writing top-level names to ../../../build/map_merger/map_merger.egg-info/top_level.txt\n'}
[6.682984] (map_merger) StdoutLine: {'line': b"reading manifest file '../../../build/map_merger/map_merger.egg-info/SOURCES.txt'\n"}
[6.684092] (map_merger) StdoutLine: {'line': b"writing manifest file '../../../build/map_merger/map_merger.egg-info/SOURCES.txt'\n"}
[6.684227] (map_merger) StdoutLine: {'line': b'running build\n'}
[6.684287] (map_merger) StdoutLine: {'line': b'running build_py\n'}
[6.684754] (map_merger) StdoutLine: {'line': b'running install\n'}
[6.684969] (orb_slam3_planner) StdoutLine: {'line': b'running egg_info\n'}
[6.685109] (map_merger) StdoutLine: {'line': b'running install_lib\n'}
[6.685608] (orb_slam3_planner) StdoutLine: {'line': b'writing ../../../build/orb_slam3_planner/orb_slam3_planner.egg-info/PKG-INFO\n'}
[6.686082] (orb_slam3_planner) StdoutLine: {'line': b'writing dependency_links to ../../../build/orb_slam3_planner/orb_slam3_planner.egg-info/dependency_links.txt\n'}
[6.686212] (orb_slam3_planner) StdoutLine: {'line': b'writing entry points to ../../../build/orb_slam3_planner/orb_slam3_planner.egg-info/entry_points.txt\n'}
[6.686346] (orb_slam3_planner) StdoutLine: {'line': b'writing requirements to ../../../build/orb_slam3_planner/orb_slam3_planner.egg-info/requires.txt\n'}
[6.686515] (orb_slam3_planner) StdoutLine: {'line': b'writing top-level names to ../../../build/orb_slam3_planner/orb_slam3_planner.egg-info/top_level.txt\n'}
[6.687173] (map_merger) StdoutLine: {'line': b'byte-compiling /root/install/map_merger/lib/python3.10/site-packages/map_merger/map_merger_node.py to map_merger_node.cpython-310.pyc\n'}
[6.687993] (orb_slam3_planner) StdoutLine: {'line': b"reading manifest file '../../../build/orb_slam3_planner/orb_slam3_planner.egg-info/SOURCES.txt'\n"}
[6.689035] (orb_slam3_planner) StdoutLine: {'line': b"writing manifest file '../../../build/orb_slam3_planner/orb_slam3_planner.egg-info/SOURCES.txt'\n"}
[6.689259] (orb_slam3_planner) StdoutLine: {'line': b'running build\n'}
[6.689373] (orb_slam3_planner) StdoutLine: {'line': b'running build_py\n'}
[6.689509] (map_merger) StdoutLine: {'line': b'byte-compiling /root/install/map_merger/lib/python3.10/site-packages/map_merger/__init__.py to __init__.cpython-310.pyc\n'}
[6.689642] (map_merger) StdoutLine: {'line': b'byte-compiling /root/install/map_merger/lib/python3.10/site-packages/map_merger/global_map_manager.py to global_map_manager.cpython-310.pyc\n'}
[6.689768] (orb_slam3_planner) StdoutLine: {'line': b'running install\n'}
[6.689983] (orb_slam3_planner) StdoutLine: {'line': b'running install_lib\n'}
[6.690332] (map_merger) StdoutLine: {'line': b'running install_data\n'}
[6.690498] (map_merger) StdoutLine: {'line': b'running install_egg_info\n'}
[6.691714] (orb_slam3_planner) StdoutLine: {'line': b'byte-compiling /root/install/orb_slam3_planner/lib/python3.10/site-packages/orb_slam3_planner/autonomous_explorer_visualizer.py to autonomous_explorer_visualizer.cpython-310.pyc\n'}
[6.692232] (map_merger) StdoutLine: {'line': b"removing '/root/install/map_merger/lib/python3.10/site-packages/map_merger-0.0.0-py3.10.egg-info' (and everything under it)\n"}
[6.692695] (map_merger) StdoutLine: {'line': b'Copying ../../../build/map_merger/map_merger.egg-info to /root/install/map_merger/lib/python3.10/site-packages/map_merger-0.0.0-py3.10.egg-info\n'}
[6.693136] (orb_slam3_planner) StdoutLine: {'line': b'byte-compiling /root/install/orb_slam3_planner/lib/python3.10/site-packages/orb_slam3_planner/map_builder_module.py to map_builder_module.cpython-310.pyc\n'}
[6.694030] (map_merger) StdoutLine: {'line': b'running install_scripts\n'}
[6.694277] (orb_slam3_planner) StdoutLine: {'line': b'byte-compiling /root/install/orb_slam3_planner/lib/python3.10/site-packages/orb_slam3_planner/drone_controller_module.py to drone_controller_module.cpython-310.pyc\n'}
[6.695202] (orb_slam3_planner) StdoutLine: {'line': b'byte-compiling /root/install/orb_slam3_planner/lib/python3.10/site-packages/orb_slam3_planner/planner_module.py to planner_module.cpython-310.pyc\n'}
[6.696216] (orb_slam3_planner) StdoutLine: {'line': b'byte-compiling /root/install/orb_slam3_planner/lib/python3.10/site-packages/orb_slam3_planner/main_node.py to main_node.cpython-310.pyc\n'}
[6.697845] (orb_slam3_planner) StdoutLine: {'line': b'byte-compiling /root/install/orb_slam3_planner/lib/python3.10/site-packages/orb_slam3_planner/__init__.py to __init__.cpython-310.pyc\n'}
[6.698077] (orb_slam3_planner) StdoutLine: {'line': b'byte-compiling /root/install/orb_slam3_planner/lib/python3.10/site-packages/orb_slam3_planner/landmark_publisher_node.py to landmark_publisher_node.cpython-310.pyc\n'}
[6.698688] (orb_slam3_planner) StdoutLine: {'line': b'running install_data\n'}
[6.698817] (orb_slam3_planner) StdoutLine: {'line': b'running install_egg_info\n'}
[6.700803] (orb_slam3_planner) StdoutLine: {'line': b"removing '/root/install/orb_slam3_planner/lib/python3.10/site-packages/orb_slam3_planner-0.0.1-py3.10.egg-info' (and everything under it)\n"}
[6.701147] (orb_slam3_planner) StdoutLine: {'line': b'Copying ../../../build/orb_slam3_planner/orb_slam3_planner.egg-info to /root/install/orb_slam3_planner/lib/python3.10/site-packages/orb_slam3_planner-0.0.1-py3.10.egg-info\n'}
[6.702273] (orb_slam3_planner) StdoutLine: {'line': b'running install_scripts\n'}
[6.715634] (map_merger) StdoutLine: {'line': b'Installing map_merger_node script to /root/install/map_merger/lib/map_merger\n'}
[6.716099] (map_merger) StdoutLine: {'line': b"writing list of installed files to '/root/build/map_merger/install.log'\n"}
[6.723982] (orb_slam3_planner) StdoutLine: {'line': b'Installing autonomous_explorer_node script to /root/install/orb_slam3_planner/lib/orb_slam3_planner\n'}
[6.724189] (orb_slam3_planner) StdoutLine: {'line': b'Installing autonomous_explorer_visualizer script to /root/install/orb_slam3_planner/lib/orb_slam3_planner\n'}
[6.724303] (orb_slam3_planner) StdoutLine: {'line': b'Installing landmark_publisher_node script to /root/install/orb_slam3_planner/lib/orb_slam3_planner\n'}
[6.724555] (orb_slam3_planner) StdoutLine: {'line': b"writing list of installed files to '/root/build/orb_slam3_planner/install.log'\n"}
[6.726349] (-) TimerEvent: {}
[6.730845] (orb_slam3_ros2_wrapper) StdoutLine: {'line': b'-- FLANN found (include: /usr/include, lib: /usr/lib/x86_64-linux-gnu/libflann_cpp.so)\n'}
[6.740751] (map_merger) CommandEnded: {'returncode': 0}
[6.748583] (map_merger) JobEnded: {'identifier': 'map_merger', 'rc': 0}
[6.750281] (orb_slam3_planner) CommandEnded: {'returncode': 0}
[6.757769] (orb_slam3_planner) JobEnded: {'identifier': 'orb_slam3_planner', 'rc': 0}
[6.826459] (-) TimerEvent: {}
[6.926788] (-) TimerEvent: {}
[6.936149] (orb_slam3_ros2_wrapper) StdoutLine: {'line': b'-- Found Eigen3: /usr/include/eigen3 (found version "3.4.0") \n'}
[7.011889] (orb_slam3_map_generator) StdoutLine: {'line': b'-- OpenNI found (version: 1.5.4.0, include: /usr/include/ni, lib: /usr/lib/libOpenNI.so;libusb::libusb)\n'}
[7.018371] (orb_slam3_map_generator) StdoutLine: {'line': b'-- OpenNI2 found (version: 2.2.0.33, include: /usr/include/openni2, lib: /usr/lib/x86_64-linux-gnu/libOpenNI2.so;libusb::libusb)\n'}
[7.026883] (-) TimerEvent: {}
[7.044951] (orb_slam3_ros2_wrapper) StdoutLine: {'line': b'-- OpenNI found (version: 1.5.4.0, include: /usr/include/ni, lib: /usr/lib/libOpenNI.so;libusb::libusb)\n'}
[7.052623] (orb_slam3_ros2_wrapper) StdoutLine: {'line': b'-- OpenNI2 found (version: 2.2.0.33, include: /usr/include/openni2, lib: /usr/lib/x86_64-linux-gnu/libOpenNI2.so;libusb::libusb)\n'}
[7.052905] (orb_slam3_ros2_wrapper) StderrLine: {'line': b'\x1b[0m** WARNING ** io features related to pcap will be disabled\x1b[0m\n'}
[7.127020] (-) TimerEvent: {}
[7.177945] (orb_slam3_map_generator) StdoutLine: {'line': b'-- Eigen found (include: /usr/include/eigen3, version: 3.4.0)\n'}
[7.184397] (orb_slam3_map_generator) StdoutLine: {'line': b'-- OpenNI found (version: 1.5.4.0, include: /usr/include/ni, lib: /usr/lib/libOpenNI.so;libusb::libusb)\n'}
[7.191517] (orb_slam3_map_generator) StdoutLine: {'line': b'-- OpenNI2 found (version: 2.2.0.33, include: /usr/include/openni2, lib: /usr/lib/x86_64-linux-gnu/libOpenNI2.so;libusb::libusb)\n'}
[7.208754] (orb_slam3_ros2_wrapper) StdoutLine: {'line': b'-- OpenNI found (version: 1.5.4.0, include: /usr/include/ni, lib: /usr/lib/libOpenNI.so;libusb::libusb)\n'}
[7.216584] (orb_slam3_ros2_wrapper) StdoutLine: {'line': b'-- OpenNI2 found (version: 2.2.0.33, include: /usr/include/openni2, lib: /usr/lib/x86_64-linux-gnu/libOpenNI2.so;libusb::libusb)\n'}
[7.227121] (-) TimerEvent: {}
[7.327354] (-) TimerEvent: {}
[7.338202] (orb_slam3_map_generator) StdoutLine: {'line': b'-- Found Qhull version 8.0.2\n'}
[7.352467] (orb_slam3_ros2_wrapper) StdoutLine: {'line': b'-- Found Qhull version 8.0.2\n'}
[7.427479] (-) TimerEvent: {}
[7.494083] (orb_slam3_map_generator) StdoutLine: {'line': b'-- OpenNI found (version: 1.5.4.0, include: /usr/include/ni, lib: /usr/lib/libOpenNI.so;libusb::libusb)\n'}
[7.510973] (orb_slam3_ros2_wrapper) StdoutLine: {'line': b'-- OpenNI found (version: 1.5.4.0, include: /usr/include/ni, lib: /usr/lib/libOpenNI.so;libusb::libusb)\n'}
[7.527569] (-) TimerEvent: {}
[7.627776] (-) TimerEvent: {}
[7.647524] (orb_slam3_map_generator) StderrLine: {'line': b'\x1b[33mCMake Warning (dev) at CMakeLists.txt:40 (find_package):\n'}
[7.647711] (orb_slam3_map_generator) StderrLine: {'line': b'  Policy CMP0074 is not set: find_package uses <PackageName>_ROOT variables.\n'}
[7.647818] (orb_slam3_map_generator) StderrLine: {'line': b'  Run "cmake --help-policy CMP0074" for policy details.  Use the cmake_policy\n'}
[7.647919] (orb_slam3_map_generator) StderrLine: {'line': b'  command to set the policy and suppress this warning.\n'}
[7.648013] (orb_slam3_map_generator) StderrLine: {'line': b'\n'}
[7.648108] (orb_slam3_map_generator) StderrLine: {'line': b'  CMake variable PCL_ROOT is set to:\n'}
[7.648204] (orb_slam3_map_generator) StderrLine: {'line': b'\n'}
[7.648299] (orb_slam3_map_generator) StderrLine: {'line': b'    /usr\n'}
[7.648395] (orb_slam3_map_generator) StderrLine: {'line': b'\n'}
[7.648491] (orb_slam3_map_generator) StderrLine: {'line': b'  For compatibility, CMake is ignoring the variable.\n'}
[7.648599] (orb_slam3_map_generator) StderrLine: {'line': b'This warning is for project developers.  Use -Wno-dev to suppress it.\n'}
[7.648697] (orb_slam3_map_generator) StderrLine: {'line': b'\x1b[0m\n'}
[7.652861] (orb_slam3_ros2_wrapper) StdoutLine: {'line': b'-- looking for PCL_COMMON\n'}
[7.653274] (orb_slam3_ros2_wrapper) StdoutLine: {'line': b'-- looking for PCL_KDTREE\n'}
[7.653644] (orb_slam3_ros2_wrapper) StdoutLine: {'line': b'-- looking for PCL_OCTREE\n'}
[7.654085] (orb_slam3_ros2_wrapper) StdoutLine: {'line': b'-- looking for PCL_SEARCH\n'}
[7.654523] (orb_slam3_ros2_wrapper) StdoutLine: {'line': b'-- looking for PCL_SAMPLE_CONSENSUS\n'}
[7.655134] (orb_slam3_ros2_wrapper) StdoutLine: {'line': b'-- looking for PCL_FILTERS\n'}
[7.655619] (orb_slam3_ros2_wrapper) StdoutLine: {'line': b'-- looking for PCL_2D\n'}
[7.656097] (orb_slam3_ros2_wrapper) StdoutLine: {'line': b'-- looking for PCL_GEOMETRY\n'}
[7.656437] (orb_slam3_ros2_wrapper) StdoutLine: {'line': b'-- looking for PCL_IO\n'}
[7.657111] (orb_slam3_ros2_wrapper) StdoutLine: {'line': b'-- looking for PCL_FEATURES\n'}
[7.657568] (orb_slam3_ros2_wrapper) StdoutLine: {'line': b'-- looking for PCL_ML\n'}
[7.658053] (orb_slam3_ros2_wrapper) StdoutLine: {'line': b'-- looking for PCL_SEGMENTATION\n'}
[7.658552] (orb_slam3_ros2_wrapper) StdoutLine: {'line': b'-- looking for PCL_VISUALIZATION\n'}
[7.659166] (orb_slam3_ros2_wrapper) StdoutLine: {'line': b'-- looking for PCL_SURFACE\n'}
[7.659641] (orb_slam3_ros2_wrapper) StdoutLine: {'line': b'-- looking for PCL_REGISTRATION\n'}
[7.660194] (orb_slam3_ros2_wrapper) StdoutLine: {'line': b'-- looking for PCL_KEYPOINTS\n'}
[7.660664] (orb_slam3_ros2_wrapper) StdoutLine: {'line': b'-- looking for PCL_TRACKING\n'}
[7.661155] (orb_slam3_ros2_wrapper) StdoutLine: {'line': b'-- looking for PCL_RECOGNITION\n'}
[7.661675] (orb_slam3_ros2_wrapper) StdoutLine: {'line': b'-- looking for PCL_STEREO\n'}
[7.662130] (orb_slam3_ros2_wrapper) StdoutLine: {'line': b'-- looking for PCL_APPS\n'}
[7.662963] (orb_slam3_ros2_wrapper) StdoutLine: {'line': b'-- looking for PCL_IN_HAND_SCANNER\n'}
[7.663283] (orb_slam3_ros2_wrapper) StdoutLine: {'line': b'-- looking for PCL_MODELER\n'}
[7.663686] (orb_slam3_ros2_wrapper) StdoutLine: {'line': b'-- looking for PCL_POINT_CLOUD_EDITOR\n'}
[7.664074] (orb_slam3_ros2_wrapper) StdoutLine: {'line': b'-- looking for PCL_OUTOFCORE\n'}
[7.664534] (orb_slam3_ros2_wrapper) StdoutLine: {'line': b'-- looking for PCL_PEOPLE\n'}
[7.666319] (orb_slam3_ros2_wrapper) StdoutLine: {'line': b'-- Found pcl_ros: 2.4.5 (/opt/ros/humble/share/pcl_ros/cmake)\n'}
[7.708319] (orb_slam3_ros2_wrapper) StdoutLine: {'line': b'-- Found std_srvs: 4.9.0 (/opt/ros/humble/share/std_srvs/cmake)\n'}
[7.727886] (-) TimerEvent: {}
[7.746336] (orb_slam3_ros2_wrapper) StderrLine: {'line': b'\x1b[33mCMake Warning at CMakeLists.txt:83 (find_package):\n'}
[7.746517] (orb_slam3_ros2_wrapper) StderrLine: {'line': b'  By not providing "Findgtest.cmake" in CMAKE_MODULE_PATH this project has\n'}
[7.746630] (orb_slam3_ros2_wrapper) StderrLine: {'line': b'  asked CMake to find a package configuration file provided by "gtest", but\n'}
[7.746762] (orb_slam3_ros2_wrapper) StderrLine: {'line': b'  CMake did not find one.\n'}
[7.746892] (orb_slam3_ros2_wrapper) StderrLine: {'line': b'\n'}
[7.746996] (orb_slam3_ros2_wrapper) StderrLine: {'line': b'  Could not find a package configuration file provided by "gtest" with any of\n'}
[7.747097] (orb_slam3_ros2_wrapper) StderrLine: {'line': b'  the following names:\n'}
[7.747200] (orb_slam3_ros2_wrapper) StderrLine: {'line': b'\n'}
[7.747290] (orb_slam3_ros2_wrapper) StderrLine: {'line': b'    gtestConfig.cmake\n'}
[7.747382] (orb_slam3_ros2_wrapper) StderrLine: {'line': b'    gtest-config.cmake\n'}
[7.747490] (orb_slam3_ros2_wrapper) StderrLine: {'line': b'\n'}
[7.747592] (orb_slam3_ros2_wrapper) StderrLine: {'line': b'  Add the installation prefix of "gtest" to CMAKE_PREFIX_PATH or set\n'}
[7.747684] (orb_slam3_ros2_wrapper) StderrLine: {'line': b'  "gtest_DIR" to a directory containing one of the above files.  If "gtest"\n'}
[7.747786] (orb_slam3_ros2_wrapper) StderrLine: {'line': b'  provides a separate development package or SDK, be sure it has been\n'}
[7.747933] (orb_slam3_ros2_wrapper) StderrLine: {'line': b'  installed.\n'}
[7.748026] (orb_slam3_ros2_wrapper) StderrLine: {'line': b'\n'}
[7.748110] (orb_slam3_ros2_wrapper) StderrLine: {'line': b'\x1b[0m\n'}
[7.748197] (orb_slam3_ros2_wrapper) StdoutLine: {'line': b'-- Found ament_cmake_gtest: 1.3.11 (/opt/ros/humble/share/ament_cmake_gtest/cmake)\n'}
[7.748296] (orb_slam3_ros2_wrapper) StdoutLine: {'line': b"-- Found gtest sources under '/opt/ros/humble/src/gtest_vendor': C++ tests using 'Google Test' will be built\n"}
[7.797342] (orb_slam3_map_generator) StdoutLine: {'line': b'-- Configuring done\n'}
[7.824405] (orb_slam3_ros2_wrapper) StdoutLine: {'line': b'-- Configuring done\n'}
[7.827965] (-) TimerEvent: {}
[7.928215] (-) TimerEvent: {}
[7.991748] (orb_slam3_ros2_wrapper) StdoutLine: {'line': b'-- Generating done\n'}
[8.015083] (orb_slam3_ros2_wrapper) StdoutLine: {'line': b'-- Build files have been written to: /root/build/orb_slam3_ros2_wrapper\n'}
[8.025386] (orb_slam3_map_generator) StdoutLine: {'line': b'-- Generating done\n'}
[8.028313] (-) TimerEvent: {}
[8.048315] (orb_slam3_ros2_wrapper) StdoutLine: {'line': b'\x1b[35m\x1b[1mConsolidate compiler generated dependencies of target gtest_main\x1b[0m\n'}
[8.048525] (orb_slam3_ros2_wrapper) StdoutLine: {'line': b'\x1b[35m\x1b[1mConsolidate compiler generated dependencies of target gtest\x1b[0m\n'}
[8.054508] (orb_slam3_ros2_wrapper) StdoutLine: {'line': b'\x1b[35m\x1b[1mConsolidate compiler generated dependencies of target rgbd\x1b[0m\n'}
[8.059464] (orb_slam3_map_generator) StdoutLine: {'line': b'-- Build files have been written to: /root/build/orb_slam3_map_generator\n'}
[8.062987] (orb_slam3_ros2_wrapper) StdoutLine: {'line': b'[ 15%] Built target gtest_main\n'}
[8.063663] (orb_slam3_ros2_wrapper) StdoutLine: {'line': b'[ 30%] Built target gtest\n'}
[8.078226] (orb_slam3_ros2_wrapper) StdoutLine: {'line': b'\x1b[35m\x1b[1mConsolidate compiler generated dependencies of target typeconversionTests\x1b[0m\n'}
[8.096187] (orb_slam3_map_generator) StdoutLine: {'line': b'\x1b[35m\x1b[1mConsolidate compiler generated dependencies of target depth_image_to_pcl\x1b[0m\n'}
[8.097205] (orb_slam3_map_generator) StdoutLine: {'line': b'\x1b[35m\x1b[1mConsolidate compiler generated dependencies of target pointcloud_stitcher\x1b[0m\n'}
[8.098053] (orb_slam3_map_generator) StdoutLine: {'line': b'\x1b[35m\x1b[1mConsolidate compiler generated dependencies of target get_landmarks_simulator\x1b[0m\n'}
[8.101484] (orb_slam3_ros2_wrapper) StdoutLine: {'line': b'[ 38%] \x1b[32mBuilding CXX object CMakeFiles/rgbd.dir/src/type_conversion.cpp.o\x1b[0m\n'}
[8.106915] (orb_slam3_ros2_wrapper) StdoutLine: {'line': b'[ 46%] \x1b[32mBuilding CXX object CMakeFiles/rgbd.dir/src/time_profiler.cpp.o\x1b[0m\n'}
[8.107233] (orb_slam3_ros2_wrapper) StdoutLine: {'line': b'[ 53%] \x1b[32mBuilding CXX object CMakeFiles/rgbd.dir/src/orb_slam3_interface.cpp.o\x1b[0m\n'}
[8.109594] (orb_slam3_ros2_wrapper) StdoutLine: {'line': b'[ 61%] \x1b[32mBuilding CXX object CMakeFiles/rgbd.dir/src/rgbd/rgbd-slam-node.cpp.o\x1b[0m\n'}
[8.113208] (orb_slam3_ros2_wrapper) StdoutLine: {'line': b'[ 69%] \x1b[32mBuilding CXX object CMakeFiles/rgbd.dir/src/rgbd/rgbd.cpp.o\x1b[0m\n'}
[8.125818] (orb_slam3_ros2_wrapper) StdoutLine: {'line': b'[ 76%] \x1b[32mBuilding CXX object CMakeFiles/typeconversionTests.dir/tests/typeConversionsTests.cpp.o\x1b[0m\n'}
[8.127417] (orb_slam3_ros2_wrapper) StdoutLine: {'line': b'[ 84%] \x1b[32mBuilding CXX object CMakeFiles/typeconversionTests.dir/src/type_conversion.cpp.o\x1b[0m\n'}
[8.129846] (orb_slam3_map_generator) StdoutLine: {'line': b'[ 16%] \x1b[32mBuilding CXX object CMakeFiles/depth_image_to_pcl.dir/src/depth_image_to_pcl.cpp.o\x1b[0m\n'}
[8.130063] (-) TimerEvent: {}
[8.132092] (orb_slam3_map_generator) StdoutLine: {'line': b'[ 33%] \x1b[32mBuilding CXX object CMakeFiles/get_landmarks_simulator.dir/src/get_landmarks_simulator.cpp.o\x1b[0m\n'}
[8.140365] (orb_slam3_map_generator) StdoutLine: {'line': b'[ 50%] \x1b[32mBuilding CXX object CMakeFiles/pointcloud_stitcher.dir/src/stitch_pcl.cpp.o\x1b[0m\n'}
[8.230186] (-) TimerEvent: {}
[8.332844] (-) TimerEvent: {}
[8.433185] (-) TimerEvent: {}
[8.533527] (-) TimerEvent: {}
[8.635005] (-) TimerEvent: {}
[8.735334] (-) TimerEvent: {}
[8.835649] (-) TimerEvent: {}
[8.935988] (-) TimerEvent: {}
[9.036295] (-) TimerEvent: {}
[9.136718] (-) TimerEvent: {}
[9.237070] (-) TimerEvent: {}
[9.337842] (-) TimerEvent: {}
[9.439280] (-) TimerEvent: {}
[9.546728] (-) TimerEvent: {}
[9.647285] (-) TimerEvent: {}
[9.747734] (-) TimerEvent: {}
[9.848070] (-) TimerEvent: {}
[9.948555] (-) TimerEvent: {}
[10.049880] (-) TimerEvent: {}
[10.080949] (orb_slam3_ros2_wrapper) StderrLine: {'line': b'\x1b[01m\x1b[K/root/colcon_ws/src/orb_slam3_ros2_wrapper/src/time_profiler.cpp:\x1b[m\x1b[K In constructor \xe2\x80\x98\x1b[01m\x1b[KORB_SLAM3_Wrapper::TimeProfiler::TimeProfiler()\x1b[m\x1b[K\xe2\x80\x99:\n'}
[10.081198] (orb_slam3_ros2_wrapper) StderrLine: {'line': b'\x1b[01m\x1b[K/root/colcon_ws/src/orb_slam3_ros2_wrapper/src/time_profiler.cpp:10:14:\x1b[m\x1b[K \x1b[01;35m\x1b[Kwarning: \x1b[m\x1b[Kunused variable \xe2\x80\x98\x1b[01m\x1b[KnowTime\x1b[m\x1b[K\xe2\x80\x99 [\x1b[01;35m\x1b[K-Wunused-variable\x1b[m\x1b[K]\n'}
[10.081326] (orb_slam3_ros2_wrapper) StderrLine: {'line': b'   10 |         auto \x1b[01;35m\x1b[KnowTime\x1b[m\x1b[K = std::chrono::system_clock::to_time_t(now);\n'}
[10.081443] (orb_slam3_ros2_wrapper) StderrLine: {'line': b'      |              \x1b[01;35m\x1b[K^~~~~~~\x1b[m\x1b[K\n'}
[10.152850] (-) TimerEvent: {}
[10.253194] (-) TimerEvent: {}
[10.353532] (-) TimerEvent: {}
[10.453852] (-) TimerEvent: {}
[10.554186] (-) TimerEvent: {}
[10.654545] (-) TimerEvent: {}
[10.754856] (-) TimerEvent: {}
[10.855177] (-) TimerEvent: {}
[10.955503] (-) TimerEvent: {}
[11.055851] (-) TimerEvent: {}
[11.156887] (-) TimerEvent: {}
[11.257284] (-) TimerEvent: {}
[11.357608] (-) TimerEvent: {}
[11.457938] (-) TimerEvent: {}
[11.558284] (-) TimerEvent: {}
[11.658638] (-) TimerEvent: {}
[11.758993] (-) TimerEvent: {}
[11.859327] (-) TimerEvent: {}
[11.960426] (-) TimerEvent: {}
[12.064852] (-) TimerEvent: {}
[12.168060] (-) TimerEvent: {}
[12.268405] (-) TimerEvent: {}
[12.368728] (-) TimerEvent: {}
[12.469080] (-) TimerEvent: {}
[12.569447] (-) TimerEvent: {}
[12.669808] (-) TimerEvent: {}
[12.770169] (-) TimerEvent: {}
[12.870535] (-) TimerEvent: {}
[12.970860] (-) TimerEvent: {}
[13.071208] (-) TimerEvent: {}
[13.171573] (-) TimerEvent: {}
[13.272885] (-) TimerEvent: {}
[13.373249] (-) TimerEvent: {}
[13.477419] (-) TimerEvent: {}
[13.577744] (-) TimerEvent: {}
[13.678129] (-) TimerEvent: {}
[13.778489] (-) TimerEvent: {}
[13.878848] (-) TimerEvent: {}
[13.981474] (-) TimerEvent: {}
[14.081849] (-) TimerEvent: {}
[14.184589] (-) TimerEvent: {}
[14.284984] (-) TimerEvent: {}
[14.385328] (-) TimerEvent: {}
[14.488007] (-) TimerEvent: {}
[14.588953] (-) TimerEvent: {}
[14.689304] (-) TimerEvent: {}
[14.789664] (-) TimerEvent: {}
[14.890053] (-) TimerEvent: {}
[14.893579] (orb_slam3_map_generator) StderrLine: {'line': b'\x1b[01m\x1b[K/root/colcon_ws/src/orb_slam3_map_generator/src/get_landmarks_simulator.cpp:\x1b[m\x1b[K In member function \xe2\x80\x98\x1b[01m\x1b[Kvoid MapPointsNode::handleGetLandmarksInView(std::shared_ptr<slam_msgs::srv::GetLandmarksInView_Request_<std::allocator<void> > >, std::shared_ptr<slam_msgs::srv::GetLandmarksInView_Response_<std::allocator<void> > >)\x1b[m\x1b[K\xe2\x80\x99:\n'}
[14.894812] (orb_slam3_map_generator) StderrLine: {'line': b'\x1b[01m\x1b[K/root/colcon_ws/src/orb_slam3_map_generator/src/get_landmarks_simulator.cpp:157:20:\x1b[m\x1b[K \x1b[01;35m\x1b[Kwarning: \x1b[m\x1b[Kunused variable \xe2\x80\x98\x1b[01m\x1b[Kdz\x1b[m\x1b[K\xe2\x80\x99 [\x1b[01;35m\x1b[K-Wunused-variable\x1b[m\x1b[K]\n'}
[14.894964] (orb_slam3_map_generator) StderrLine: {'line': b'  157 |             double \x1b[01;35m\x1b[Kdz\x1b[m\x1b[K = map_point.position.z - pose_z;\n'}
[14.895084] (orb_slam3_map_generator) StderrLine: {'line': b'      |                    \x1b[01;35m\x1b[K^~\x1b[m\x1b[K\n'}
[14.990159] (-) TimerEvent: {}
[15.090577] (-) TimerEvent: {}
[15.191055] (-) TimerEvent: {}
[15.291425] (-) TimerEvent: {}
[15.398821] (-) TimerEvent: {}
[15.499191] (-) TimerEvent: {}
[15.599558] (-) TimerEvent: {}
[15.700165] (-) TimerEvent: {}
[15.802273] (-) TimerEvent: {}
[15.902647] (-) TimerEvent: {}
[16.003523] (-) TimerEvent: {}
[16.105874] (-) TimerEvent: {}
[16.206260] (-) TimerEvent: {}
[16.306625] (-) TimerEvent: {}
[16.407865] (-) TimerEvent: {}
[16.508240] (-) TimerEvent: {}
[16.608598] (-) TimerEvent: {}
[16.710852] (-) TimerEvent: {}
[16.724840] (orb_slam3_ros2_wrapper) StderrLine: {'line': b'In file included from \x1b[01m\x1b[K/home/orb/ORB_SLAM3/include/Frame.h:30\x1b[m\x1b[K,\n'}
[16.725153] (orb_slam3_ros2_wrapper) StderrLine: {'line': b'                 from \x1b[01m\x1b[K/home/orb/ORB_SLAM3/include/KeyFrame.h:28\x1b[m\x1b[K,\n'}
[16.725308] (orb_slam3_ros2_wrapper) StderrLine: {'line': b'                 from \x1b[01m\x1b[K/home/orb/ORB_SLAM3/include/MapPoint.h:23\x1b[m\x1b[K,\n'}
[16.725446] (orb_slam3_ros2_wrapper) StderrLine: {'line': b'                 from \x1b[01m\x1b[K/root/colcon_ws/src/orb_slam3_ros2_wrapper/include/orb_slam3_ros2_wrapper/type_conversion.hpp:26\x1b[m\x1b[K,\n'}
[16.725588] (orb_slam3_ros2_wrapper) StderrLine: {'line': b'                 from \x1b[01m\x1b[K/root/colcon_ws/src/orb_slam3_ros2_wrapper/src/type_conversion.cpp:7\x1b[m\x1b[K:\n'}
[16.725727] (orb_slam3_ros2_wrapper) StderrLine: {'line': b'\x1b[01m\x1b[K/home/orb/ORB_SLAM3/include/ImuTypes.h:\x1b[m\x1b[K In member function \xe2\x80\x98\x1b[01m\x1b[Kvoid ORB_SLAM3::IMU::Preintegrated::printMeasurements() const\x1b[m\x1b[K\xe2\x80\x99:\n'}
[16.725908] (orb_slam3_ros2_wrapper) StderrLine: {'line': b'\x1b[01m\x1b[K/home/orb/ORB_SLAM3/include/ImuTypes.h:204:23:\x1b[m\x1b[K \x1b[01;35m\x1b[Kwarning: \x1b[m\x1b[Kcomparison of integer expressions of different signedness: \xe2\x80\x98\x1b[01m\x1b[Kint\x1b[m\x1b[K\xe2\x80\x99 and \xe2\x80\x98\x1b[01m\x1b[Kstd::vector<ORB_SLAM3::IMU::Preintegrated::integrable>::size_type\x1b[m\x1b[K\xe2\x80\x99 {aka \xe2\x80\x98\x1b[01m\x1b[Klong unsigned int\x1b[m\x1b[K\xe2\x80\x99} [\x1b[01;35m\x1b[K-Wsign-compare\x1b[m\x1b[K]\n'}
[16.726067] (orb_slam3_ros2_wrapper) StderrLine: {'line': b'  204 |         for(int i=0; \x1b[01;35m\x1b[Ki<mvMeasurements.size()\x1b[m\x1b[K; i++){\n'}
[16.726207] (orb_slam3_ros2_wrapper) StderrLine: {'line': b'      |                      \x1b[01;35m\x1b[K~^~~~~~~~~~~~~~~~~~~~~~\x1b[m\x1b[K\n'}
[16.814390] (-) TimerEvent: {}
[16.914899] (-) TimerEvent: {}
[16.948933] (orb_slam3_ros2_wrapper) StderrLine: {'line': b'In file included from \x1b[01m\x1b[K/home/orb/ORB_SLAM3/Thirdparty/g2o/g2o/types/types_six_dof_expmap.h:37\x1b[m\x1b[K,\n'}
[16.949237] (orb_slam3_ros2_wrapper) StderrLine: {'line': b'                 from \x1b[01m\x1b[K/home/orb/ORB_SLAM3/include/Converter.h:26\x1b[m\x1b[K,\n'}
[16.949365] (orb_slam3_ros2_wrapper) StderrLine: {'line': b'                 from \x1b[01m\x1b[K/home/orb/ORB_SLAM3/include/Frame.h:33\x1b[m\x1b[K,\n'}
[16.949480] (orb_slam3_ros2_wrapper) StderrLine: {'line': b'                 from \x1b[01m\x1b[K/home/orb/ORB_SLAM3/include/KeyFrame.h:28\x1b[m\x1b[K,\n'}
[16.949589] (orb_slam3_ros2_wrapper) StderrLine: {'line': b'                 from \x1b[01m\x1b[K/home/orb/ORB_SLAM3/include/MapPoint.h:23\x1b[m\x1b[K,\n'}
[16.949703] (orb_slam3_ros2_wrapper) StderrLine: {'line': b'                 from \x1b[01m\x1b[K/root/colcon_ws/src/orb_slam3_ros2_wrapper/include/orb_slam3_ros2_wrapper/type_conversion.hpp:26\x1b[m\x1b[K,\n'}
[16.949828] (orb_slam3_ros2_wrapper) StderrLine: {'line': b'                 from \x1b[01m\x1b[K/root/colcon_ws/src/orb_slam3_ros2_wrapper/src/type_conversion.cpp:7\x1b[m\x1b[K:\n'}
[16.949947] (orb_slam3_ros2_wrapper) StderrLine: {'line': b'\x1b[01m\x1b[K/home/orb/ORB_SLAM3/Thirdparty/g2o/g2o/types/../core/base_vertex.h:\x1b[m\x1b[K At global scope:\n'}
[16.950055] (orb_slam3_ros2_wrapper) StderrLine: {'line': b'\x1b[01m\x1b[K/home/orb/ORB_SLAM3/Thirdparty/g2o/g2o/types/../core/base_vertex.h:62:74:\x1b[m\x1b[K \x1b[01;35m\x1b[Kwarning: \x1b[m\x1b[K\xe2\x80\x98\x1b[01m\x1b[KEigen::AlignedBit\x1b[m\x1b[K\xe2\x80\x99 is deprecated [\x1b[01;35m\x1b[K-Wdeprecated-declarations\x1b[m\x1b[K]\n'}
[16.950180] (orb_slam3_ros2_wrapper) StderrLine: {'line': b'   62 |     typedef Eigen::Map<Matrix<double, D, D>, Matrix<double,D,D>::Flags & \x1b[01;35m\x1b[KAlignedBit\x1b[m\x1b[K ? Aligned : Unaligned >  HessianBlockType;\n'}
[16.950299] (orb_slam3_ros2_wrapper) StderrLine: {'line': b'      |                                                                          \x1b[01;35m\x1b[K^~~~~~~~~~\x1b[m\x1b[K\n'}
[16.950415] (orb_slam3_ros2_wrapper) StderrLine: {'line': b'In file included from \x1b[01m\x1b[K/usr/include/eigen3/Eigen/Core:161\x1b[m\x1b[K,\n'}
[16.950528] (orb_slam3_ros2_wrapper) StderrLine: {'line': b'                 from \x1b[01m\x1b[K/root/colcon_ws/src/orb_slam3_ros2_wrapper/include/orb_slam3_ros2_wrapper/type_conversion.hpp:10\x1b[m\x1b[K,\n'}
[16.950666] (orb_slam3_ros2_wrapper) StderrLine: {'line': b'                 from \x1b[01m\x1b[K/root/colcon_ws/src/orb_slam3_ros2_wrapper/src/type_conversion.cpp:7\x1b[m\x1b[K:\n'}
[16.950777] (orb_slam3_ros2_wrapper) StderrLine: {'line': b'\x1b[01m\x1b[K/usr/include/eigen3/Eigen/src/Core/util/Constants.h:167:37:\x1b[m\x1b[K \x1b[01;36m\x1b[Knote: \x1b[m\x1b[Kdeclared here\n'}
[16.950908] (orb_slam3_ros2_wrapper) StderrLine: {'line': b'  167 | EIGEN_DEPRECATED const unsigned int \x1b[01;36m\x1b[KAlignedBit\x1b[m\x1b[K = 0x80;\n'}
[16.951007] (orb_slam3_ros2_wrapper) StderrLine: {'line': b'      |                                     \x1b[01;36m\x1b[K^~~~~~~~~~\x1b[m\x1b[K\n'}
[16.962868] (orb_slam3_ros2_wrapper) StderrLine: {'line': b'In file included from \x1b[01m\x1b[K/home/orb/ORB_SLAM3/Thirdparty/g2o/g2o/types/types_six_dof_expmap.h:38\x1b[m\x1b[K,\n'}
[16.963377] (orb_slam3_ros2_wrapper) StderrLine: {'line': b'                 from \x1b[01m\x1b[K/home/orb/ORB_SLAM3/include/Converter.h:26\x1b[m\x1b[K,\n'}
[16.963504] (orb_slam3_ros2_wrapper) StderrLine: {'line': b'                 from \x1b[01m\x1b[K/home/orb/ORB_SLAM3/include/Frame.h:33\x1b[m\x1b[K,\n'}
[16.963617] (orb_slam3_ros2_wrapper) StderrLine: {'line': b'                 from \x1b[01m\x1b[K/home/orb/ORB_SLAM3/include/KeyFrame.h:28\x1b[m\x1b[K,\n'}
[16.963730] (orb_slam3_ros2_wrapper) StderrLine: {'line': b'                 from \x1b[01m\x1b[K/home/orb/ORB_SLAM3/include/MapPoint.h:23\x1b[m\x1b[K,\n'}
[16.963858] (orb_slam3_ros2_wrapper) StderrLine: {'line': b'                 from \x1b[01m\x1b[K/root/colcon_ws/src/orb_slam3_ros2_wrapper/include/orb_slam3_ros2_wrapper/type_conversion.hpp:26\x1b[m\x1b[K,\n'}
[16.963977] (orb_slam3_ros2_wrapper) StderrLine: {'line': b'                 from \x1b[01m\x1b[K/root/colcon_ws/src/orb_slam3_ros2_wrapper/src/type_conversion.cpp:7\x1b[m\x1b[K:\n'}
[16.964096] (orb_slam3_ros2_wrapper) StderrLine: {'line': b'\x1b[01m\x1b[K/home/orb/ORB_SLAM3/Thirdparty/g2o/g2o/types/../core/base_binary_edge.h:59:82:\x1b[m\x1b[K \x1b[01;35m\x1b[Kwarning: \x1b[m\x1b[K\xe2\x80\x98\x1b[01m\x1b[KEigen::AlignedBit\x1b[m\x1b[K\xe2\x80\x99 is deprecated [\x1b[01;35m\x1b[K-Wdeprecated-declarations\x1b[m\x1b[K]\n'}
[16.964215] (orb_slam3_ros2_wrapper) StderrLine: {'line': b'   59 |       typedef Eigen::Map<Matrix<double, Di, Dj>, Matrix<double, Di, Dj>::Flags & \x1b[01;35m\x1b[KAlignedBit\x1b[m\x1b[K ? Aligned : Unaligned > HessianBlockType;\n'}
[16.964331] (orb_slam3_ros2_wrapper) StderrLine: {'line': b'      |                                                                                  \x1b[01;35m\x1b[K^~~~~~~~~~\x1b[m\x1b[K\n'}
[16.964447] (orb_slam3_ros2_wrapper) StderrLine: {'line': b'In file included from \x1b[01m\x1b[K/usr/include/eigen3/Eigen/Core:161\x1b[m\x1b[K,\n'}
[16.964561] (orb_slam3_ros2_wrapper) StderrLine: {'line': b'                 from \x1b[01m\x1b[K/root/colcon_ws/src/orb_slam3_ros2_wrapper/include/orb_slam3_ros2_wrapper/type_conversion.hpp:10\x1b[m\x1b[K,\n'}
[16.964676] (orb_slam3_ros2_wrapper) StderrLine: {'line': b'                 from \x1b[01m\x1b[K/root/colcon_ws/src/orb_slam3_ros2_wrapper/src/type_conversion.cpp:7\x1b[m\x1b[K:\n'}
[16.964805] (orb_slam3_ros2_wrapper) StderrLine: {'line': b'\x1b[01m\x1b[K/usr/include/eigen3/Eigen/src/Core/util/Constants.h:167:37:\x1b[m\x1b[K \x1b[01;36m\x1b[Knote: \x1b[m\x1b[Kdeclared here\n'}
[16.964924] (orb_slam3_ros2_wrapper) StderrLine: {'line': b'  167 | EIGEN_DEPRECATED const unsigned int \x1b[01;36m\x1b[KAlignedBit\x1b[m\x1b[K = 0x80;\n'}
[16.965029] (orb_slam3_ros2_wrapper) StderrLine: {'line': b'      |                                     \x1b[01;36m\x1b[K^~~~~~~~~~\x1b[m\x1b[K\n'}
[16.965145] (orb_slam3_ros2_wrapper) StderrLine: {'line': b'In file included from \x1b[01m\x1b[K/home/orb/ORB_SLAM3/Thirdparty/g2o/g2o/types/types_six_dof_expmap.h:38\x1b[m\x1b[K,\n'}
[16.965248] (orb_slam3_ros2_wrapper) StderrLine: {'line': b'                 from \x1b[01m\x1b[K/home/orb/ORB_SLAM3/include/Converter.h:26\x1b[m\x1b[K,\n'}
[16.965353] (orb_slam3_ros2_wrapper) StderrLine: {'line': b'                 from \x1b[01m\x1b[K/home/orb/ORB_SLAM3/include/Frame.h:33\x1b[m\x1b[K,\n'}
[16.965459] (orb_slam3_ros2_wrapper) StderrLine: {'line': b'                 from \x1b[01m\x1b[K/home/orb/ORB_SLAM3/include/KeyFrame.h:28\x1b[m\x1b[K,\n'}
[16.965565] (orb_slam3_ros2_wrapper) StderrLine: {'line': b'                 from \x1b[01m\x1b[K/home/orb/ORB_SLAM3/include/MapPoint.h:23\x1b[m\x1b[K,\n'}
[16.965670] (orb_slam3_ros2_wrapper) StderrLine: {'line': b'                 from \x1b[01m\x1b[K/root/colcon_ws/src/orb_slam3_ros2_wrapper/include/orb_slam3_ros2_wrapper/type_conversion.hpp:26\x1b[m\x1b[K,\n'}
[16.965800] (orb_slam3_ros2_wrapper) StderrLine: {'line': b'                 from \x1b[01m\x1b[K/root/colcon_ws/src/orb_slam3_ros2_wrapper/src/type_conversion.cpp:7\x1b[m\x1b[K:\n'}
[16.965930] (orb_slam3_ros2_wrapper) StderrLine: {'line': b'\x1b[01m\x1b[K/home/orb/ORB_SLAM3/Thirdparty/g2o/g2o/types/../core/base_binary_edge.h:60:82:\x1b[m\x1b[K \x1b[01;35m\x1b[Kwarning: \x1b[m\x1b[K\xe2\x80\x98\x1b[01m\x1b[KEigen::AlignedBit\x1b[m\x1b[K\xe2\x80\x99 is deprecated [\x1b[01;35m\x1b[K-Wdeprecated-declarations\x1b[m\x1b[K]\n'}
[16.966040] (orb_slam3_ros2_wrapper) StderrLine: {'line': b'   60 |       typedef Eigen::Map<Matrix<double, Dj, Di>, Matrix<double, Dj, Di>::Flags & \x1b[01;35m\x1b[KAlignedBit\x1b[m\x1b[K ? Aligned : Unaligned > HessianBlockTransposedType;\n'}
[16.966151] (orb_slam3_ros2_wrapper) StderrLine: {'line': b'      |                                                                                  \x1b[01;35m\x1b[K^~~~~~~~~~\x1b[m\x1b[K\n'}
[16.966258] (orb_slam3_ros2_wrapper) StderrLine: {'line': b'In file included from \x1b[01m\x1b[K/usr/include/eigen3/Eigen/Core:161\x1b[m\x1b[K,\n'}
[16.966367] (orb_slam3_ros2_wrapper) StderrLine: {'line': b'                 from \x1b[01m\x1b[K/root/colcon_ws/src/orb_slam3_ros2_wrapper/include/orb_slam3_ros2_wrapper/type_conversion.hpp:10\x1b[m\x1b[K,\n'}
[16.966474] (orb_slam3_ros2_wrapper) StderrLine: {'line': b'                 from \x1b[01m\x1b[K/root/colcon_ws/src/orb_slam3_ros2_wrapper/src/type_conversion.cpp:7\x1b[m\x1b[K:\n'}
[16.966580] (orb_slam3_ros2_wrapper) StderrLine: {'line': b'\x1b[01m\x1b[K/usr/include/eigen3/Eigen/src/Core/util/Constants.h:167:37:\x1b[m\x1b[K \x1b[01;36m\x1b[Knote: \x1b[m\x1b[Kdeclared here\n'}
[16.966691] (orb_slam3_ros2_wrapper) StderrLine: {'line': b'  167 | EIGEN_DEPRECATED const unsigned int \x1b[01;36m\x1b[KAlignedBit\x1b[m\x1b[K = 0x80;\n'}
[16.966806] (orb_slam3_ros2_wrapper) StderrLine: {'line': b'      |                                     \x1b[01;36m\x1b[K^~~~~~~~~~\x1b[m\x1b[K\n'}
[17.006979] (orb_slam3_ros2_wrapper) StderrLine: {'line': b'In file included from \x1b[01m\x1b[K/home/orb/ORB_SLAM3/include/Frame.h:30\x1b[m\x1b[K,\n'}
[17.007212] (orb_slam3_ros2_wrapper) StderrLine: {'line': b'                 from \x1b[01m\x1b[K/home/orb/ORB_SLAM3/include/KeyFrame.h:28\x1b[m\x1b[K,\n'}
[17.007330] (orb_slam3_ros2_wrapper) StderrLine: {'line': b'                 from \x1b[01m\x1b[K/home/orb/ORB_SLAM3/include/MapPoint.h:23\x1b[m\x1b[K,\n'}
[17.007460] (orb_slam3_ros2_wrapper) StderrLine: {'line': b'                 from \x1b[01m\x1b[K/root/colcon_ws/src/orb_slam3_ros2_wrapper/include/orb_slam3_ros2_wrapper/type_conversion.hpp:26\x1b[m\x1b[K,\n'}
[17.007575] (orb_slam3_ros2_wrapper) StderrLine: {'line': b'                 from \x1b[01m\x1b[K/root/colcon_ws/src/orb_slam3_ros2_wrapper/src/type_conversion.cpp:7\x1b[m\x1b[K:\n'}
[17.007686] (orb_slam3_ros2_wrapper) StderrLine: {'line': b'\x1b[01m\x1b[K/home/orb/ORB_SLAM3/include/ImuTypes.h:\x1b[m\x1b[K In member function \xe2\x80\x98\x1b[01m\x1b[Kvoid ORB_SLAM3::IMU::Preintegrated::printMeasurements() const\x1b[m\x1b[K\xe2\x80\x99:\n'}
[17.007821] (orb_slam3_ros2_wrapper) StderrLine: {'line': b'\x1b[01m\x1b[K/home/orb/ORB_SLAM3/include/ImuTypes.h:204:23:\x1b[m\x1b[K \x1b[01;35m\x1b[Kwarning: \x1b[m\x1b[Kcomparison of integer expressions of different signedness: \xe2\x80\x98\x1b[01m\x1b[Kint\x1b[m\x1b[K\xe2\x80\x99 and \xe2\x80\x98\x1b[01m\x1b[Kstd::vector<ORB_SLAM3::IMU::Preintegrated::integrable>::size_type\x1b[m\x1b[K\xe2\x80\x99 {aka \xe2\x80\x98\x1b[01m\x1b[Klong unsigned int\x1b[m\x1b[K\xe2\x80\x99} [\x1b[01;35m\x1b[K-Wsign-compare\x1b[m\x1b[K]\n'}
[17.007952] (orb_slam3_ros2_wrapper) StderrLine: {'line': b'  204 | int i=0; \x1b[01;35m\x1b[Ki<mvMeasurements.size()\x1b[m\x1b[K; i++){\n'}
[17.008064] (orb_slam3_ros2_wrapper) StderrLine: {'line': b'      |          \x1b[01;35m\x1b[K~^~~~~~~~~~~~~~~~~~~~~~\x1b[m\x1b[K\n'}
[17.008173] (orb_slam3_ros2_wrapper) StderrLine: {'line': b'\n'}
[17.017863] (-) TimerEvent: {}
[17.064947] (orb_slam3_ros2_wrapper) StderrLine: {'line': b'In file included from \x1b[01m\x1b[K/home/orb/ORB_SLAM3/Thirdparty/g2o/g2o/types/types_six_dof_expmap.h:41\x1b[m\x1b[K,\n'}
[17.065214] (orb_slam3_ros2_wrapper) StderrLine: {'line': b'                 from \x1b[01m\x1b[K/home/orb/ORB_SLAM3/include/Converter.h:26\x1b[m\x1b[K,\n'}
[17.065348] (orb_slam3_ros2_wrapper) StderrLine: {'line': b'                 from \x1b[01m\x1b[K/home/orb/ORB_SLAM3/include/Frame.h:33\x1b[m\x1b[K,\n'}
[17.065469] (orb_slam3_ros2_wrapper) StderrLine: {'line': b'                 from \x1b[01m\x1b[K/home/orb/ORB_SLAM3/include/KeyFrame.h:28\x1b[m\x1b[K,\n'}
[17.065590] (orb_slam3_ros2_wrapper) StderrLine: {'line': b'                 from \x1b[01m\x1b[K/home/orb/ORB_SLAM3/include/MapPoint.h:23\x1b[m\x1b[K,\n'}
[17.065707] (orb_slam3_ros2_wrapper) StderrLine: {'line': b'                 from \x1b[01m\x1b[K/root/colcon_ws/src/orb_slam3_ros2_wrapper/include/orb_slam3_ros2_wrapper/type_conversion.hpp:26\x1b[m\x1b[K,\n'}
[17.065847] (orb_slam3_ros2_wrapper) StderrLine: {'line': b'                 from \x1b[01m\x1b[K/root/colcon_ws/src/orb_slam3_ros2_wrapper/src/type_conversion.cpp:7\x1b[m\x1b[K:\n'}
[17.065980] (orb_slam3_ros2_wrapper) StderrLine: {'line': b'\x1b[01m\x1b[K/home/orb/ORB_SLAM3/Thirdparty/g2o/g2o/types/se3quat.h:43:38:\x1b[m\x1b[K \x1b[01;35m\x1b[Kwarning: \x1b[m\x1b[Kextra \xe2\x80\x98\x1b[01m\x1b[K;\x1b[m\x1b[K\xe2\x80\x99 [\x1b[01;35m\x1b[K-Wpedantic\x1b[m\x1b[K]\n'}
[17.066102] (orb_slam3_ros2_wrapper) StderrLine: {'line': b'   43 |       EIGEN_MAKE_ALIGNED_OPERATOR_NEW\x1b[01;35m\x1b[K;\x1b[m\x1b[K\n'}
[17.066219] (orb_slam3_ros2_wrapper) StderrLine: {'line': b'      |                                      \x1b[01;35m\x1b[K^\x1b[m\x1b[K\n'}
[17.066343] (orb_slam3_ros2_wrapper) StderrLine: {'line': b'      |                                      \x1b[31m\x1b[K-\x1b[m\x1b[K\n'}
[17.117973] (-) TimerEvent: {}
[17.182953] (orb_slam3_ros2_wrapper) StderrLine: {'line': b'In file included from \x1b[01m\x1b[K/home/orb/ORB_SLAM3/Thirdparty/g2o/g2o/types/types_six_dof_expmap.h:37\x1b[m\x1b[K,\n'}
[17.183191] (orb_slam3_ros2_wrapper) StderrLine: {'line': b'                 from \x1b[01m\x1b[K/home/orb/ORB_SLAM3/include/Converter.h:26\x1b[m\x1b[K,\n'}
[17.183320] (orb_slam3_ros2_wrapper) StderrLine: {'line': b'                 from \x1b[01m\x1b[K/home/orb/ORB_SLAM3/include/Frame.h:33\x1b[m\x1b[K,\n'}
[17.183439] (orb_slam3_ros2_wrapper) StderrLine: {'line': b'                 from \x1b[01m\x1b[K/home/orb/ORB_SLAM3/include/KeyFrame.h:28\x1b[m\x1b[K,\n'}
[17.183555] (orb_slam3_ros2_wrapper) StderrLine: {'line': b'                 from \x1b[01m\x1b[K/home/orb/ORB_SLAM3/include/MapPoint.h:23\x1b[m\x1b[K,\n'}
[17.183675] (orb_slam3_ros2_wrapper) StderrLine: {'line': b'                 from \x1b[01m\x1b[K/root/colcon_ws/src/orb_slam3_ros2_wrapper/include/orb_slam3_ros2_wrapper/type_conversion.hpp:26\x1b[m\x1b[K,\n'}
[17.183832] (orb_slam3_ros2_wrapper) StderrLine: {'line': b'                 from \x1b[01m\x1b[K/root/colcon_ws/src/orb_slam3_ros2_wrapper/src/type_conversion.cpp:7\x1b[m\x1b[K:\n'}
[17.183959] (orb_slam3_ros2_wrapper) StderrLine: {'line': b'\x1b[01m\x1b[K/home/orb/ORB_SLAM3/Thirdparty/g2o/g2o/types/../core/base_vertex.h:\x1b[m\x1b[K At global scope:\n'}
[17.184138] (orb_slam3_ros2_wrapper) StderrLine: {'line': b'\x1b[01m\x1b[K/home/orb/ORB_SLAM3/Thirdparty/g2o/g2o/types/../core/base_vertex.h:62:74:\x1b[m\x1b[K \x1b[01;35m\x1b[Kwarning: \x1b[m\x1b[K\xe2\x80\x98\x1b[01m\x1b[KEigen::AlignedBit\x1b[m\x1b[K\xe2\x80\x99 is deprecated [\x1b[01;35m\x1b[K-Wdeprecated-declarations\x1b[m\x1b[K]\n'}
[17.184264] (orb_slam3_ros2_wrapper) StderrLine: {'line': b'   62 | ::Flags & \x1b[01;35m\x1b[KAlignedBit\x1b[m\x1b[K ? Aligned : Unaligned >  HessianBlockType;\n'}
[17.184376] (orb_slam3_ros2_wrapper) StderrLine: {'line': b'      |           \x1b[01;35m\x1b[K^~~~~~~~~~\x1b[m\x1b[K\n'}
[17.184487] (orb_slam3_ros2_wrapper) StderrLine: {'line': b'\n'}
[17.186050] (orb_slam3_ros2_wrapper) StderrLine: {'line': b'In file included from \x1b[01m\x1b[K/usr/include/eigen3/Eigen/Core:161\x1b[m\x1b[K,\n'}
[17.186245] (orb_slam3_ros2_wrapper) StderrLine: {'line': b'                 from \x1b[01m\x1b[K/root/colcon_ws/src/orb_slam3_ros2_wrapper/include/orb_slam3_ros2_wrapper/type_conversion.hpp:10\x1b[m\x1b[K,\n'}
[17.186384] (orb_slam3_ros2_wrapper) StderrLine: {'line': b'                 from \x1b[01m\x1b[K/root/colcon_ws/src/orb_slam3_ros2_wrapper/src/type_conversion.cpp:7\x1b[m\x1b[K:\n'}
[17.186502] (orb_slam3_ros2_wrapper) StderrLine: {'line': b'\x1b[01m\x1b[K/usr/include/eigen3/Eigen/src/Core/util/Constants.h:167:37:\x1b[m\x1b[K \x1b[01;36m\x1b[Knote: \x1b[m\x1b[Kdeclared here\n'}
[17.186616] (orb_slam3_ros2_wrapper) StderrLine: {'line': b'  167 | igned int \x1b[01;36m\x1b[KAlignedBit\x1b[m\x1b[K = 0x80;\n'}
[17.186728] (orb_slam3_ros2_wrapper) StderrLine: {'line': b'      |           \x1b[01;36m\x1b[K^~~~~~~~~~\x1b[m\x1b[K\n'}
[17.186857] (orb_slam3_ros2_wrapper) StderrLine: {'line': b'\n'}
[17.201933] (orb_slam3_ros2_wrapper) StderrLine: {'line': b'In file included from \x1b[01m\x1b[K/home/orb/ORB_SLAM3/Thirdparty/g2o/g2o/types/types_six_dof_expmap.h:38\x1b[m\x1b[K,\n'}
[17.202179] (orb_slam3_ros2_wrapper) StderrLine: {'line': b'                 from \x1b[01m\x1b[K/home/orb/ORB_SLAM3/include/Converter.h:26\x1b[m\x1b[K,\n'}
[17.202309] (orb_slam3_ros2_wrapper) StderrLine: {'line': b'                 from \x1b[01m\x1b[K/home/orb/ORB_SLAM3/include/Frame.h:33\x1b[m\x1b[K,\n'}
[17.202429] (orb_slam3_ros2_wrapper) StderrLine: {'line': b'                 from \x1b[01m\x1b[K/home/orb/ORB_SLAM3/include/KeyFrame.h:28\x1b[m\x1b[K,\n'}
[17.202550] (orb_slam3_ros2_wrapper) StderrLine: {'line': b'                 from \x1b[01m\x1b[K/home/orb/ORB_SLAM3/include/MapPoint.h:23\x1b[m\x1b[K,\n'}
[17.202670] (orb_slam3_ros2_wrapper) StderrLine: {'line': b'                 from \x1b[01m\x1b[K/root/colcon_ws/src/orb_slam3_ros2_wrapper/include/orb_slam3_ros2_wrapper/type_conversion.hpp:26\x1b[m\x1b[K,\n'}
[17.202801] (orb_slam3_ros2_wrapper) StderrLine: {'line': b'                 from \x1b[01m\x1b[K/root/colcon_ws/src/orb_slam3_ros2_wrapper/src/type_conversion.cpp:7\x1b[m\x1b[K:\n'}
[17.202955] (orb_slam3_ros2_wrapper) StderrLine: {'line': b'\x1b[01m\x1b[K/home/orb/ORB_SLAM3/Thirdparty/g2o/g2o/types/../core/base_binary_edge.h:59:82:\x1b[m\x1b[K \x1b[01;35m\x1b[Kwarning: \x1b[m\x1b[K\xe2\x80\x98\x1b[01m\x1b[KEigen::AlignedBit\x1b[m\x1b[K\xe2\x80\x99 is deprecated [\x1b[01;35m\x1b[K-Wdeprecated-declarations\x1b[m\x1b[K]\n'}
[17.203084] (orb_slam3_ros2_wrapper) StderrLine: {'line': b'   59 | ::Flags & \x1b[01;35m\x1b[KAlignedBit\x1b[m\x1b[K ? Aligned : Unaligned > HessianBlockType;\n'}
[17.203216] (orb_slam3_ros2_wrapper) StderrLine: {'line': b'      |           \x1b[01;35m\x1b[K^~~~~~~~~~\x1b[m\x1b[K\n'}
[17.203334] (orb_slam3_ros2_wrapper) StderrLine: {'line': b'\n'}
[17.203458] (orb_slam3_ros2_wrapper) StderrLine: {'line': b'In file included from \x1b[01m\x1b[K/usr/include/eigen3/Eigen/Core:161\x1b[m\x1b[K,\n'}
[17.203593] (orb_slam3_ros2_wrapper) StderrLine: {'line': b'                 from \x1b[01m\x1b[K/root/colcon_ws/src/orb_slam3_ros2_wrapper/include/orb_slam3_ros2_wrapper/type_conversion.hpp:10\x1b[m\x1b[K,\n'}
[17.203711] (orb_slam3_ros2_wrapper) StderrLine: {'line': b'                 from \x1b[01m\x1b[K/root/colcon_ws/src/orb_slam3_ros2_wrapper/src/type_conversion.cpp:7\x1b[m\x1b[K:\n'}
[17.203841] (orb_slam3_ros2_wrapper) StderrLine: {'line': b'\x1b[01m\x1b[K/usr/include/eigen3/Eigen/src/Core/util/Constants.h:167:37:\x1b[m\x1b[K \x1b[01;36m\x1b[Knote: \x1b[m\x1b[Kdeclared here\n'}
[17.203963] (orb_slam3_ros2_wrapper) StderrLine: {'line': b'  167 | igned int \x1b[01;36m\x1b[KAlignedBit\x1b[m\x1b[K = 0x80;\n'}
[17.204081] (orb_slam3_ros2_wrapper) StderrLine: {'line': b'      |           \x1b[01;36m\x1b[K^~~~~~~~~~\x1b[m\x1b[K\n'}
[17.204194] (orb_slam3_ros2_wrapper) StderrLine: {'line': b'\n'}
[17.204307] (orb_slam3_ros2_wrapper) StderrLine: {'line': b'In file included from \x1b[01m\x1b[K/home/orb/ORB_SLAM3/Thirdparty/g2o/g2o/types/types_six_dof_expmap.h:38\x1b[m\x1b[K,\n'}
[17.204420] (orb_slam3_ros2_wrapper) StderrLine: {'line': b'                 from \x1b[01m\x1b[K/home/orb/ORB_SLAM3/include/Converter.h:26\x1b[m\x1b[K,\n'}
[17.204544] (orb_slam3_ros2_wrapper) StderrLine: {'line': b'                 from \x1b[01m\x1b[K/home/orb/ORB_SLAM3/include/Frame.h:33\x1b[m\x1b[K,\n'}
[17.204657] (orb_slam3_ros2_wrapper) StderrLine: {'line': b'                 from \x1b[01m\x1b[K/home/orb/ORB_SLAM3/include/KeyFrame.h:28\x1b[m\x1b[K,\n'}
[17.204768] (orb_slam3_ros2_wrapper) StderrLine: {'line': b'                 from \x1b[01m\x1b[K/home/orb/ORB_SLAM3/include/MapPoint.h:23\x1b[m\x1b[K,\n'}
[17.211415] (orb_slam3_ros2_wrapper) StderrLine: {'line': b'                 from \x1b[01m\x1b[K/root/colcon_ws/src/orb_slam3_ros2_wrapper/include/orb_slam3_ros2_wrapper/type_conversion.hpp:26\x1b[m\x1b[K,\n'}
[17.211566] (orb_slam3_ros2_wrapper) StderrLine: {'line': b'                 from \x1b[01m\x1b[K/root/colcon_ws/src/orb_slam3_ros2_wrapper/src/type_conversion.cpp:7\x1b[m\x1b[K:\n'}
[17.211684] (orb_slam3_ros2_wrapper) StderrLine: {'line': b'\x1b[01m\x1b[K/home/orb/ORB_SLAM3/Thirdparty/g2o/g2o/types/../core/base_binary_edge.h:60:82:\x1b[m\x1b[K \x1b[01;35m\x1b[Kwarning: \x1b[m\x1b[K\xe2\x80\x98\x1b[01m\x1b[KEigen::AlignedBit\x1b[m\x1b[K\xe2\x80\x99 is deprecated [\x1b[01;35m\x1b[K-Wdeprecated-declarations\x1b[m\x1b[K]\n'}
[17.211811] (orb_slam3_ros2_wrapper) StderrLine: {'line': b'   60 | ::Flags & \x1b[01;35m\x1b[KAlignedBit\x1b[m\x1b[K ? Aligned : Unaligned > HessianBlockTransposedType;\n'}
[17.211934] (orb_slam3_ros2_wrapper) StderrLine: {'line': b'      |           \x1b[01;35m\x1b[K^~~~~~~~~~\x1b[m\x1b[K\n'}
[17.212046] (orb_slam3_ros2_wrapper) StderrLine: {'line': b'\n'}
[17.212155] (orb_slam3_ros2_wrapper) StderrLine: {'line': b'In file included from \x1b[01m\x1b[K/usr/include/eigen3/Eigen/Core:161\x1b[m\x1b[K,\n'}
[17.212269] (orb_slam3_ros2_wrapper) StderrLine: {'line': b'                 from \x1b[01m\x1b[K/root/colcon_ws/src/orb_slam3_ros2_wrapper/include/orb_slam3_ros2_wrapper/type_conversion.hpp:10\x1b[m\x1b[K,\n'}
[17.212389] (orb_slam3_ros2_wrapper) StderrLine: {'line': b'                 from \x1b[01m\x1b[K/root/colcon_ws/src/orb_slam3_ros2_wrapper/src/type_conversion.cpp:7\x1b[m\x1b[K:\n'}
[17.212503] (orb_slam3_ros2_wrapper) StderrLine: {'line': b'\x1b[01m\x1b[K/usr/include/eigen3/Eigen/src/Core/util/Constants.h:167:37:\x1b[m\x1b[K \x1b[01;36m\x1b[Knote: \x1b[m\x1b[Kdeclared here\n'}
[17.212620] (orb_slam3_ros2_wrapper) StderrLine: {'line': b'  167 | igned int \x1b[01;36m\x1b[KAlignedBit\x1b[m\x1b[K = 0x80;\n'}
[17.212733] (orb_slam3_ros2_wrapper) StderrLine: {'line': b'      |           \x1b[01;36m\x1b[K^~~~~~~~~~\x1b[m\x1b[K\n'}
[17.212865] (orb_slam3_ros2_wrapper) StderrLine: {'line': b'\n'}
[17.220192] (-) TimerEvent: {}
[17.302365] (orb_slam3_ros2_wrapper) StderrLine: {'line': b'In file included from \x1b[01m\x1b[K/home/orb/ORB_SLAM3/Thirdparty/g2o/g2o/types/types_six_dof_expmap.h:41\x1b[m\x1b[K,\n'}
[17.302589] (orb_slam3_ros2_wrapper) StderrLine: {'line': b'                 from \x1b[01m\x1b[K/home/orb/ORB_SLAM3/include/Converter.h:26\x1b[m\x1b[K,\n'}
[17.302712] (orb_slam3_ros2_wrapper) StderrLine: {'line': b'                 from \x1b[01m\x1b[K/home/orb/ORB_SLAM3/include/Frame.h:33\x1b[m\x1b[K,\n'}
[17.302851] (orb_slam3_ros2_wrapper) StderrLine: {'line': b'                 from \x1b[01m\x1b[K/home/orb/ORB_SLAM3/include/KeyFrame.h:28\x1b[m\x1b[K,\n'}
[17.302974] (orb_slam3_ros2_wrapper) StderrLine: {'line': b'                 from \x1b[01m\x1b[K/home/orb/ORB_SLAM3/include/MapPoint.h:23\x1b[m\x1b[K,\n'}
[17.303087] (orb_slam3_ros2_wrapper) StderrLine: {'line': b'                 from \x1b[01m\x1b[K/root/colcon_ws/src/orb_slam3_ros2_wrapper/include/orb_slam3_ros2_wrapper/type_conversion.hpp:26\x1b[m\x1b[K,\n'}
[17.303202] (orb_slam3_ros2_wrapper) StderrLine: {'line': b'                 from \x1b[01m\x1b[K/root/colcon_ws/src/orb_slam3_ros2_wrapper/src/type_conversion.cpp:7\x1b[m\x1b[K:\n'}
[17.303314] (orb_slam3_ros2_wrapper) StderrLine: {'line': b'\x1b[01m\x1b[K/home/orb/ORB_SLAM3/Thirdparty/g2o/g2o/types/se3quat.h:43:38:\x1b[m\x1b[K \x1b[01;35m\x1b[Kwarning: \x1b[m\x1b[Kextra \xe2\x80\x98\x1b[01m\x1b[K;\x1b[m\x1b[K\xe2\x80\x99 [\x1b[01;35m\x1b[K-Wpedantic\x1b[m\x1b[K]\n'}
[17.303444] (orb_slam3_ros2_wrapper) StderrLine: {'line': b'   43 | ALIGNED_OPERATOR_NEW\x1b[01;35m\x1b[K;\x1b[m\x1b[K\n'}
[17.303554] (orb_slam3_ros2_wrapper) StderrLine: {'line': b'      |                     \x1b[01;35m\x1b[K^\x1b[m\x1b[K\n'}
[17.303666] (orb_slam3_ros2_wrapper) StderrLine: {'line': b'      |                     \x1b[31m\x1b[K-\x1b[m\x1b[K\n'}
[17.323854] (-) TimerEvent: {}
[17.424200] (-) TimerEvent: {}
[17.535444] (-) TimerEvent: {}
[17.631340] (orb_slam3_ros2_wrapper) StderrLine: {'line': b'In file included from \x1b[01m\x1b[K/home/orb/ORB_SLAM3/Thirdparty/g2o/g2o/types/types_six_dof_expmap.h:37\x1b[m\x1b[K,\n'}
[17.631912] (orb_slam3_ros2_wrapper) StderrLine: {'line': b'                 from \x1b[01m\x1b[K/home/orb/ORB_SLAM3/include/Converter.h:26\x1b[m\x1b[K,\n'}
[17.632052] (orb_slam3_ros2_wrapper) StderrLine: {'line': b'                 from \x1b[01m\x1b[K/home/orb/ORB_SLAM3/include/Frame.h:33\x1b[m\x1b[K,\n'}
[17.632170] (orb_slam3_ros2_wrapper) StderrLine: {'line': b'                 from \x1b[01m\x1b[K/home/orb/ORB_SLAM3/include/KeyFrame.h:28\x1b[m\x1b[K,\n'}
[17.632271] (orb_slam3_ros2_wrapper) StderrLine: {'line': b'                 from \x1b[01m\x1b[K/home/orb/ORB_SLAM3/include/MapPoint.h:23\x1b[m\x1b[K,\n'}
[17.632381] (orb_slam3_ros2_wrapper) StderrLine: {'line': b'                 from \x1b[01m\x1b[K/root/colcon_ws/src/orb_slam3_ros2_wrapper/include/orb_slam3_ros2_wrapper/type_conversion.hpp:26\x1b[m\x1b[K,\n'}
[17.632493] (orb_slam3_ros2_wrapper) StderrLine: {'line': b'                 from \x1b[01m\x1b[K/root/colcon_ws/src/orb_slam3_ros2_wrapper/src/type_conversion.cpp:7\x1b[m\x1b[K:\n'}
[17.632622] (orb_slam3_ros2_wrapper) StderrLine: {'line': b'/home/orb/ORB_SLAM3/Thirdparty/g2o/g2o/types/../core/base_vertex.h: In instantiation of \xe2\x80\x98\x1b[01m\x1b[Kclass g2o::BaseVertex<3, Eigen::Matrix<double, 3, 1> >\x1b[m\x1b[K\xe2\x80\x99:\n'}
[17.632760] (orb_slam3_ros2_wrapper) StderrLine: {'line': b'\x1b[01m\x1b[K/home/orb/ORB_SLAM3/Thirdparty/g2o/g2o/types/types_sba.h:40:35:\x1b[m\x1b[K   required from here\n'}
[17.632896] (orb_slam3_ros2_wrapper) StderrLine: {'line': b'\x1b[01m\x1b[K/home/orb/ORB_SLAM3/Thirdparty/g2o/g2o/types/../core/base_vertex.h:62:72:\x1b[m\x1b[K \x1b[01;35m\x1b[Kwarning: \x1b[m\x1b[K\xe2\x80\x98\x1b[01m\x1b[KEigen::AlignedBit\x1b[m\x1b[K\xe2\x80\x99 is deprecated [\x1b[01;35m\x1b[K-Wdeprecated-declarations\x1b[m\x1b[K]\n'}
[17.640395] (-) TimerEvent: {}
[17.640769] (orb_slam3_ros2_wrapper) StderrLine: {'line': b'   62 |     typedef Eigen::Map<Matrix<double, D, D>, Matrix<double,D,D>::\x1b[01;35m\x1b[KFlags & AlignedBit\x1b[m\x1b[K ? Aligned : Unaligned >  HessianBlockType;\n'}
[17.640951] (orb_slam3_ros2_wrapper) StderrLine: {'line': b'      |                                                                  \x1b[01;35m\x1b[K~~~~~~^~~~~~~~~~~~\x1b[m\x1b[K\n'}
[17.641102] (orb_slam3_ros2_wrapper) StderrLine: {'line': b'In file included from \x1b[01m\x1b[K/usr/include/eigen3/Eigen/Core:161\x1b[m\x1b[K,\n'}
[17.641236] (orb_slam3_ros2_wrapper) StderrLine: {'line': b'                 from \x1b[01m\x1b[K/root/colcon_ws/src/orb_slam3_ros2_wrapper/include/orb_slam3_ros2_wrapper/type_conversion.hpp:10\x1b[m\x1b[K,\n'}
[17.641494] (orb_slam3_ros2_wrapper) StderrLine: {'line': b'                 from \x1b[01m\x1b[K/root/colcon_ws/src/orb_slam3_ros2_wrapper/src/type_conversion.cpp:7\x1b[m\x1b[K:\n'}
[17.641612] (orb_slam3_ros2_wrapper) StderrLine: {'line': b'\x1b[01m\x1b[K/usr/include/eigen3/Eigen/src/Core/util/Constants.h:167:37:\x1b[m\x1b[K \x1b[01;36m\x1b[Knote: \x1b[m\x1b[Kdeclared here\n'}
[17.641729] (orb_slam3_ros2_wrapper) StderrLine: {'line': b'  167 | EIGEN_DEPRECATED const unsigned int \x1b[01;36m\x1b[KAlignedBit\x1b[m\x1b[K = 0x80;\n'}
[17.641944] (orb_slam3_ros2_wrapper) StderrLine: {'line': b'      |                                     \x1b[01;36m\x1b[K^~~~~~~~~~\x1b[m\x1b[K\n'}
[17.672677] (orb_slam3_ros2_wrapper) StderrLine: {'line': b'In file included from \x1b[01m\x1b[K/home/orb/ORB_SLAM3/Thirdparty/g2o/g2o/types/types_six_dof_expmap.h:37\x1b[m\x1b[K,\n'}
[17.672948] (orb_slam3_ros2_wrapper) StderrLine: {'line': b'                 from \x1b[01m\x1b[K/home/orb/ORB_SLAM3/include/Converter.h:26\x1b[m\x1b[K,\n'}
[17.673066] (orb_slam3_ros2_wrapper) StderrLine: {'line': b'                 from \x1b[01m\x1b[K/home/orb/ORB_SLAM3/include/Frame.h:33\x1b[m\x1b[K,\n'}
[17.673178] (orb_slam3_ros2_wrapper) StderrLine: {'line': b'                 from \x1b[01m\x1b[K/home/orb/ORB_SLAM3/include/KeyFrame.h:28\x1b[m\x1b[K,\n'}
[17.673275] (orb_slam3_ros2_wrapper) StderrLine: {'line': b'                 from \x1b[01m\x1b[K/home/orb/ORB_SLAM3/include/MapPoint.h:23\x1b[m\x1b[K,\n'}
[17.673379] (orb_slam3_ros2_wrapper) StderrLine: {'line': b'                 from \x1b[01m\x1b[K/root/colcon_ws/src/orb_slam3_ros2_wrapper/include/orb_slam3_ros2_wrapper/type_conversion.hpp:26\x1b[m\x1b[K,\n'}
[17.673488] (orb_slam3_ros2_wrapper) StderrLine: {'line': b'                 from \x1b[01m\x1b[K/root/colcon_ws/src/orb_slam3_ros2_wrapper/src/type_conversion.cpp:7\x1b[m\x1b[K:\n'}
[17.673593] (orb_slam3_ros2_wrapper) StderrLine: {'line': b'/home/orb/ORB_SLAM3/Thirdparty/g2o/g2o/types/../core/base_vertex.h: In instantiation of \xe2\x80\x98\x1b[01m\x1b[Kclass g2o::BaseVertex<6, g2o::SE3Quat>\x1b[m\x1b[K\xe2\x80\x99:\n'}
[17.673708] (orb_slam3_ros2_wrapper) StderrLine: {'line': b'\x1b[01m\x1b[K/home/orb/ORB_SLAM3/Thirdparty/g2o/g2o/types/types_six_dof_expmap.h:59:33:\x1b[m\x1b[K   required from here\n'}
[17.673830] (orb_slam3_ros2_wrapper) StderrLine: {'line': b'\x1b[01m\x1b[K/home/orb/ORB_SLAM3/Thirdparty/g2o/g2o/types/../core/base_vertex.h:62:72:\x1b[m\x1b[K \x1b[01;35m\x1b[Kwarning: \x1b[m\x1b[K\xe2\x80\x98\x1b[01m\x1b[KEigen::AlignedBit\x1b[m\x1b[K\xe2\x80\x99 is deprecated [\x1b[01;35m\x1b[K-Wdeprecated-declarations\x1b[m\x1b[K]\n'}
[17.673950] (orb_slam3_ros2_wrapper) StderrLine: {'line': b'   62 |     typedef Eigen::Map<Matrix<double, D, D>, Matrix<double,D,D>::\x1b[01;35m\x1b[KFlags & AlignedBit\x1b[m\x1b[K ? Aligned : Unaligned >  HessianBlockType;\n'}
[17.674061] (orb_slam3_ros2_wrapper) StderrLine: {'line': b'      |                                                                  \x1b[01;35m\x1b[K~~~~~~^~~~~~~~~~~~\x1b[m\x1b[K\n'}
[17.674172] (orb_slam3_ros2_wrapper) StderrLine: {'line': b'In file included from \x1b[01m\x1b[K/usr/include/eigen3/Eigen/Core:161\x1b[m\x1b[K,\n'}
[17.674278] (orb_slam3_ros2_wrapper) StderrLine: {'line': b'                 from \x1b[01m\x1b[K/root/colcon_ws/src/orb_slam3_ros2_wrapper/include/orb_slam3_ros2_wrapper/type_conversion.hpp:10\x1b[m\x1b[K,\n'}
[17.674384] (orb_slam3_ros2_wrapper) StderrLine: {'line': b'                 from \x1b[01m\x1b[K/root/colcon_ws/src/orb_slam3_ros2_wrapper/src/type_conversion.cpp:7\x1b[m\x1b[K:\n'}
[17.674493] (orb_slam3_ros2_wrapper) StderrLine: {'line': b'\x1b[01m\x1b[K/usr/include/eigen3/Eigen/src/Core/util/Constants.h:167:37:\x1b[m\x1b[K \x1b[01;36m\x1b[Knote: \x1b[m\x1b[Kdeclared here\n'}
[17.674602] (orb_slam3_ros2_wrapper) StderrLine: {'line': b'  167 | EIGEN_DEPRECATED const unsigned int \x1b[01;36m\x1b[KAlignedBit\x1b[m\x1b[K = 0x80;\n'}
[17.674791] (orb_slam3_ros2_wrapper) StderrLine: {'line': b'      |                                     \x1b[01;36m\x1b[K^~~~~~~~~~\x1b[m\x1b[K\n'}
[17.740456] (-) TimerEvent: {}
[17.741439] (orb_slam3_ros2_wrapper) StderrLine: {'line': b'In file included from \x1b[01m\x1b[K/home/orb/ORB_SLAM3/Thirdparty/g2o/g2o/types/types_six_dof_expmap.h:38\x1b[m\x1b[K,\n'}
[17.741643] (orb_slam3_ros2_wrapper) StderrLine: {'line': b'                 from \x1b[01m\x1b[K/home/orb/ORB_SLAM3/include/Converter.h:26\x1b[m\x1b[K,\n'}
[17.741772] (orb_slam3_ros2_wrapper) StderrLine: {'line': b'                 from \x1b[01m\x1b[K/home/orb/ORB_SLAM3/include/Frame.h:33\x1b[m\x1b[K,\n'}
[17.741911] (orb_slam3_ros2_wrapper) StderrLine: {'line': b'                 from \x1b[01m\x1b[K/home/orb/ORB_SLAM3/include/KeyFrame.h:28\x1b[m\x1b[K,\n'}
[17.742025] (orb_slam3_ros2_wrapper) StderrLine: {'line': b'                 from \x1b[01m\x1b[K/home/orb/ORB_SLAM3/include/MapPoint.h:23\x1b[m\x1b[K,\n'}
[17.742159] (orb_slam3_ros2_wrapper) StderrLine: {'line': b'                 from \x1b[01m\x1b[K/root/colcon_ws/src/orb_slam3_ros2_wrapper/include/orb_slam3_ros2_wrapper/type_conversion.hpp:26\x1b[m\x1b[K,\n'}
[17.742263] (orb_slam3_ros2_wrapper) StderrLine: {'line': b'                 from \x1b[01m\x1b[K/root/colcon_ws/src/orb_slam3_ros2_wrapper/src/type_conversion.cpp:7\x1b[m\x1b[K:\n'}
[17.742367] (orb_slam3_ros2_wrapper) StderrLine: {'line': b'/home/orb/ORB_SLAM3/Thirdparty/g2o/g2o/types/../core/base_binary_edge.h: In instantiation of \xe2\x80\x98\x1b[01m\x1b[Kclass g2o::BaseBinaryEdge<6, g2o::SE3Quat, g2o::VertexSE3Expmap, g2o::VertexSE3Expmap>\x1b[m\x1b[K\xe2\x80\x99:\n'}
[17.742488] (orb_slam3_ros2_wrapper) StderrLine: {'line': b'\x1b[01m\x1b[K/home/orb/ORB_SLAM3/Thirdparty/g2o/g2o/types/types_six_dof_expmap.h:83:24:\x1b[m\x1b[K   required from here\n'}
[17.742601] (orb_slam3_ros2_wrapper) StderrLine: {'line': b'\x1b[01m\x1b[K/home/orb/ORB_SLAM3/Thirdparty/g2o/g2o/types/../core/base_binary_edge.h:59:80:\x1b[m\x1b[K \x1b[01;35m\x1b[Kwarning: \x1b[m\x1b[K\xe2\x80\x98\x1b[01m\x1b[KEigen::AlignedBit\x1b[m\x1b[K\xe2\x80\x99 is deprecated [\x1b[01;35m\x1b[K-Wdeprecated-declarations\x1b[m\x1b[K]\n'}
[17.742725] (orb_slam3_ros2_wrapper) StderrLine: {'line': b'   59 |       typedef Eigen::Map<Matrix<double, Di, Dj>, Matrix<double, Di, Dj>::\x1b[01;35m\x1b[KFlags & AlignedBit\x1b[m\x1b[K ? Aligned : Unaligned > HessianBlockType;\n'}
[17.742864] (orb_slam3_ros2_wrapper) StderrLine: {'line': b'      |                                                                          \x1b[01;35m\x1b[K~~~~~~^~~~~~~~~~~~\x1b[m\x1b[K\n'}
[17.743186] (orb_slam3_ros2_wrapper) StderrLine: {'line': b'In file included from \x1b[01m\x1b[K/usr/include/eigen3/Eigen/Core:161\x1b[m\x1b[K,\n'}
[17.743322] (orb_slam3_ros2_wrapper) StderrLine: {'line': b'                 from \x1b[01m\x1b[K/root/colcon_ws/src/orb_slam3_ros2_wrapper/include/orb_slam3_ros2_wrapper/type_conversion.hpp:10\x1b[m\x1b[K,\n'}
[17.743438] (orb_slam3_ros2_wrapper) StderrLine: {'line': b'                 from \x1b[01m\x1b[K/root/colcon_ws/src/orb_slam3_ros2_wrapper/src/type_conversion.cpp:7\x1b[m\x1b[K:\n'}
[17.743555] (orb_slam3_ros2_wrapper) StderrLine: {'line': b'\x1b[01m\x1b[K/usr/include/eigen3/Eigen/src/Core/util/Constants.h:167:37:\x1b[m\x1b[K \x1b[01;36m\x1b[Knote: \x1b[m\x1b[Kdeclared here\n'}
[17.743673] (orb_slam3_ros2_wrapper) StderrLine: {'line': b'  167 | EIGEN_DEPRECATED const unsigned int \x1b[01;36m\x1b[KAlignedBit\x1b[m\x1b[K = 0x80;\n'}
[17.743798] (orb_slam3_ros2_wrapper) StderrLine: {'line': b'      |                                     \x1b[01;36m\x1b[K^~~~~~~~~~\x1b[m\x1b[K\n'}
[17.743927] (orb_slam3_ros2_wrapper) StderrLine: {'line': b'In file included from \x1b[01m\x1b[K/home/orb/ORB_SLAM3/Thirdparty/g2o/g2o/types/types_six_dof_expmap.h:38\x1b[m\x1b[K,\n'}
[17.744045] (orb_slam3_ros2_wrapper) StderrLine: {'line': b'                 from \x1b[01m\x1b[K/home/orb/ORB_SLAM3/include/Converter.h:26\x1b[m\x1b[K,\n'}
[17.744161] (orb_slam3_ros2_wrapper) StderrLine: {'line': b'                 from \x1b[01m\x1b[K/home/orb/ORB_SLAM3/include/Frame.h:33\x1b[m\x1b[K,\n'}
[17.744276] (orb_slam3_ros2_wrapper) StderrLine: {'line': b'                 from \x1b[01m\x1b[K/home/orb/ORB_SLAM3/include/KeyFrame.h:28\x1b[m\x1b[K,\n'}
[17.744379] (orb_slam3_ros2_wrapper) StderrLine: {'line': b'                 from \x1b[01m\x1b[K/home/orb/ORB_SLAM3/include/MapPoint.h:23\x1b[m\x1b[K,\n'}
[17.744489] (orb_slam3_ros2_wrapper) StderrLine: {'line': b'                 from \x1b[01m\x1b[K/root/colcon_ws/src/orb_slam3_ros2_wrapper/include/orb_slam3_ros2_wrapper/type_conversion.hpp:26\x1b[m\x1b[K,\n'}
[17.744604] (orb_slam3_ros2_wrapper) StderrLine: {'line': b'                 from \x1b[01m\x1b[K/root/colcon_ws/src/orb_slam3_ros2_wrapper/src/type_conversion.cpp:7\x1b[m\x1b[K:\n'}
[17.744716] (orb_slam3_ros2_wrapper) StderrLine: {'line': b'\x1b[01m\x1b[K/home/orb/ORB_SLAM3/Thirdparty/g2o/g2o/types/../core/base_binary_edge.h:60:80:\x1b[m\x1b[K \x1b[01;35m\x1b[Kwarning: \x1b[m\x1b[K\xe2\x80\x98\x1b[01m\x1b[KEigen::AlignedBit\x1b[m\x1b[K\xe2\x80\x99 is deprecated [\x1b[01;35m\x1b[K-Wdeprecated-declarations\x1b[m\x1b[K]\n'}
[17.744873] (orb_slam3_ros2_wrapper) StderrLine: {'line': b'   60 |       typedef Eigen::Map<Matrix<double, Dj, Di>, Matrix<double, Dj, Di>::\x1b[01;35m\x1b[KFlags & AlignedBit\x1b[m\x1b[K ? Aligned : Unaligned > HessianBlockTransposedType;\n'}
[17.744995] (orb_slam3_ros2_wrapper) StderrLine: {'line': b'      |                                                                          \x1b[01;35m\x1b[K~~~~~~^~~~~~~~~~~~\x1b[m\x1b[K\n'}
[17.745112] (orb_slam3_ros2_wrapper) StderrLine: {'line': b'In file included from \x1b[01m\x1b[K/usr/include/eigen3/Eigen/Core:161\x1b[m\x1b[K,\n'}
[17.745227] (orb_slam3_ros2_wrapper) StderrLine: {'line': b'                 from \x1b[01m\x1b[K/root/colcon_ws/src/orb_slam3_ros2_wrapper/include/orb_slam3_ros2_wrapper/type_conversion.hpp:10\x1b[m\x1b[K,\n'}
[17.745344] (orb_slam3_ros2_wrapper) StderrLine: {'line': b'                 from \x1b[01m\x1b[K/root/colcon_ws/src/orb_slam3_ros2_wrapper/src/type_conversion.cpp:7\x1b[m\x1b[K:\n'}
[17.745460] (orb_slam3_ros2_wrapper) StderrLine: {'line': b'\x1b[01m\x1b[K/usr/include/eigen3/Eigen/src/Core/util/Constants.h:167:37:\x1b[m\x1b[K \x1b[01;36m\x1b[Knote: \x1b[m\x1b[Kdeclared here\n'}
[17.745573] (orb_slam3_ros2_wrapper) StderrLine: {'line': b'  167 | EIGEN_DEPRECATED const unsigned int \x1b[01;36m\x1b[KAlignedBit\x1b[m\x1b[K = 0x80;\n'}
[17.745688] (orb_slam3_ros2_wrapper) StderrLine: {'line': b'      |                                     \x1b[01;36m\x1b[K^~~~~~~~~~\x1b[m\x1b[K\n'}
[17.836184] (orb_slam3_ros2_wrapper) StderrLine: {'line': b'In file included from \x1b[01m\x1b[K/home/orb/ORB_SLAM3/Thirdparty/g2o/g2o/types/types_six_dof_expmap.h:38\x1b[m\x1b[K,\n'}
[17.836399] (orb_slam3_ros2_wrapper) StderrLine: {'line': b'                 from \x1b[01m\x1b[K/home/orb/ORB_SLAM3/include/Converter.h:26\x1b[m\x1b[K,\n'}
[17.836527] (orb_slam3_ros2_wrapper) StderrLine: {'line': b'                 from \x1b[01m\x1b[K/home/orb/ORB_SLAM3/include/Frame.h:33\x1b[m\x1b[K,\n'}
[17.836646] (orb_slam3_ros2_wrapper) StderrLine: {'line': b'                 from \x1b[01m\x1b[K/home/orb/ORB_SLAM3/include/KeyFrame.h:28\x1b[m\x1b[K,\n'}
[17.836771] (orb_slam3_ros2_wrapper) StderrLine: {'line': b'                 from \x1b[01m\x1b[K/home/orb/ORB_SLAM3/include/MapPoint.h:23\x1b[m\x1b[K,\n'}
[17.836890] (orb_slam3_ros2_wrapper) StderrLine: {'line': b'                 from \x1b[01m\x1b[K/root/colcon_ws/src/orb_slam3_ros2_wrapper/include/orb_slam3_ros2_wrapper/type_conversion.hpp:26\x1b[m\x1b[K,\n'}
[17.836999] (orb_slam3_ros2_wrapper) StderrLine: {'line': b'                 from \x1b[01m\x1b[K/root/colcon_ws/src/orb_slam3_ros2_wrapper/src/type_conversion.cpp:7\x1b[m\x1b[K:\n'}
[17.837105] (orb_slam3_ros2_wrapper) StderrLine: {'line': b'/home/orb/ORB_SLAM3/Thirdparty/g2o/g2o/types/../core/base_binary_edge.h: In instantiation of \xe2\x80\x98\x1b[01m\x1b[Kclass g2o::BaseBinaryEdge<2, Eigen::Matrix<double, 2, 1>, g2o::VertexSBAPointXYZ, g2o::VertexSE3Expmap>\x1b[m\x1b[K\xe2\x80\x99:\n'}
[17.837216] (orb_slam3_ros2_wrapper) StderrLine: {'line': b'\x1b[01m\x1b[K/home/orb/ORB_SLAM3/Thirdparty/g2o/g2o/types/types_six_dof_expmap.h:114:35:\x1b[m\x1b[K   required from here\n'}
[17.837322] (orb_slam3_ros2_wrapper) StderrLine: {'line': b'\x1b[01m\x1b[K/home/orb/ORB_SLAM3/Thirdparty/g2o/g2o/types/../core/base_binary_edge.h:59:80:\x1b[m\x1b[K \x1b[01;35m\x1b[Kwarning: \x1b[m\x1b[K\xe2\x80\x98\x1b[01m\x1b[KEigen::AlignedBit\x1b[m\x1b[K\xe2\x80\x99 is deprecated [\x1b[01;35m\x1b[K-Wdeprecated-declarations\x1b[m\x1b[K]\n'}
[17.837449] (orb_slam3_ros2_wrapper) StderrLine: {'line': b'   59 |       typedef Eigen::Map<Matrix<double, Di, Dj>, Matrix<double, Di, Dj>::\x1b[01;35m\x1b[KFlags & AlignedBit\x1b[m\x1b[K ? Aligned : Unaligned > HessianBlockType;\n'}
[17.837560] (orb_slam3_ros2_wrapper) StderrLine: {'line': b'      |                                                                          \x1b[01;35m\x1b[K~~~~~~^~~~~~~~~~~~\x1b[m\x1b[K\n'}
[17.837682] (orb_slam3_ros2_wrapper) StderrLine: {'line': b'In file included from \x1b[01m\x1b[K/usr/include/eigen3/Eigen/Core:161\x1b[m\x1b[K,\n'}
[17.837807] (orb_slam3_ros2_wrapper) StderrLine: {'line': b'                 from \x1b[01m\x1b[K/root/colcon_ws/src/orb_slam3_ros2_wrapper/include/orb_slam3_ros2_wrapper/type_conversion.hpp:10\x1b[m\x1b[K,\n'}
[17.837913] (orb_slam3_ros2_wrapper) StderrLine: {'line': b'                 from \x1b[01m\x1b[K/root/colcon_ws/src/orb_slam3_ros2_wrapper/src/type_conversion.cpp:7\x1b[m\x1b[K:\n'}
[17.838017] (orb_slam3_ros2_wrapper) StderrLine: {'line': b'\x1b[01m\x1b[K/usr/include/eigen3/Eigen/src/Core/util/Constants.h:167:37:\x1b[m\x1b[K \x1b[01;36m\x1b[Knote: \x1b[m\x1b[Kdeclared here\n'}
[17.838123] (orb_slam3_ros2_wrapper) StderrLine: {'line': b'  167 | EIGEN_DEPRECATED const unsigned int \x1b[01;36m\x1b[KAlignedBit\x1b[m\x1b[K = 0x80;\n'}
[17.838229] (orb_slam3_ros2_wrapper) StderrLine: {'line': b'      |                                     \x1b[01;36m\x1b[K^~~~~~~~~~\x1b[m\x1b[K\n'}
[17.840556] (-) TimerEvent: {}
[17.857076] (orb_slam3_ros2_wrapper) StderrLine: {'line': b'In file included from \x1b[01m\x1b[K/home/orb/ORB_SLAM3/Thirdparty/g2o/g2o/types/types_six_dof_expmap.h:38\x1b[m\x1b[K,\n'}
[17.857293] (orb_slam3_ros2_wrapper) StderrLine: {'line': b'                 from \x1b[01m\x1b[K/home/orb/ORB_SLAM3/include/Converter.h:26\x1b[m\x1b[K,\n'}
[17.857422] (orb_slam3_ros2_wrapper) StderrLine: {'line': b'                 from \x1b[01m\x1b[K/home/orb/ORB_SLAM3/include/Frame.h:33\x1b[m\x1b[K,\n'}
[17.857534] (orb_slam3_ros2_wrapper) StderrLine: {'line': b'                 from \x1b[01m\x1b[K/home/orb/ORB_SLAM3/include/KeyFrame.h:28\x1b[m\x1b[K,\n'}
[17.857648] (orb_slam3_ros2_wrapper) StderrLine: {'line': b'                 from \x1b[01m\x1b[K/home/orb/ORB_SLAM3/include/MapPoint.h:23\x1b[m\x1b[K,\n'}
[17.857761] (orb_slam3_ros2_wrapper) StderrLine: {'line': b'                 from \x1b[01m\x1b[K/root/colcon_ws/src/orb_slam3_ros2_wrapper/include/orb_slam3_ros2_wrapper/type_conversion.hpp:26\x1b[m\x1b[K,\n'}
[17.857899] (orb_slam3_ros2_wrapper) StderrLine: {'line': b'                 from \x1b[01m\x1b[K/root/colcon_ws/src/orb_slam3_ros2_wrapper/src/type_conversion.cpp:7\x1b[m\x1b[K:\n'}
[17.858022] (orb_slam3_ros2_wrapper) StderrLine: {'line': b'\x1b[01m\x1b[K/home/orb/ORB_SLAM3/Thirdparty/g2o/g2o/types/../core/base_binary_edge.h:60:80:\x1b[m\x1b[K \x1b[01;35m\x1b[Kwarning: \x1b[m\x1b[K\xe2\x80\x98\x1b[01m\x1b[KEigen::AlignedBit\x1b[m\x1b[K\xe2\x80\x99 is deprecated [\x1b[01;35m\x1b[K-Wdeprecated-declarations\x1b[m\x1b[K]\n'}
[17.858144] (orb_slam3_ros2_wrapper) StderrLine: {'line': b'   60 |       typedef Eigen::Map<Matrix<double, Dj, Di>, Matrix<double, Dj, Di>::\x1b[01;35m\x1b[KFlags & AlignedBit\x1b[m\x1b[K ? Aligned : Unaligned > HessianBlockTransposedType;\n'}
[17.858264] (orb_slam3_ros2_wrapper) StderrLine: {'line': b'      |                                                                          \x1b[01;35m\x1b[K~~~~~~^~~~~~~~~~~~\x1b[m\x1b[K\n'}
[17.858381] (orb_slam3_ros2_wrapper) StderrLine: {'line': b'In file included from \x1b[01m\x1b[K/usr/include/eigen3/Eigen/Core:161\x1b[m\x1b[K,\n'}
[17.858498] (orb_slam3_ros2_wrapper) StderrLine: {'line': b'                 from \x1b[01m\x1b[K/root/colcon_ws/src/orb_slam3_ros2_wrapper/include/orb_slam3_ros2_wrapper/type_conversion.hpp:10\x1b[m\x1b[K,\n'}
[17.858615] (orb_slam3_ros2_wrapper) StderrLine: {'line': b'                 from \x1b[01m\x1b[K/root/colcon_ws/src/orb_slam3_ros2_wrapper/src/type_conversion.cpp:7\x1b[m\x1b[K:\n'}
[17.858730] (orb_slam3_ros2_wrapper) StderrLine: {'line': b'\x1b[01m\x1b[K/usr/include/eigen3/Eigen/src/Core/util/Constants.h:167:37:\x1b[m\x1b[K \x1b[01;36m\x1b[Knote: \x1b[m\x1b[Kdeclared here\n'}
[17.858868] (orb_slam3_ros2_wrapper) StderrLine: {'line': b'  167 | EIGEN_DEPRECATED const unsigned int \x1b[01;36m\x1b[KAlignedBit\x1b[m\x1b[K = 0x80;\n'}
[17.858990] (orb_slam3_ros2_wrapper) StderrLine: {'line': b'      |                                     \x1b[01;36m\x1b[K^~~~~~~~~~\x1b[m\x1b[K\n'}
[17.935082] (orb_slam3_ros2_wrapper) StderrLine: {'line': b'In file included from \x1b[01m\x1b[K/home/orb/ORB_SLAM3/Thirdparty/g2o/g2o/types/types_six_dof_expmap.h:37\x1b[m\x1b[K,\n'}
[17.935320] (orb_slam3_ros2_wrapper) StderrLine: {'line': b'                 from \x1b[01m\x1b[K/home/orb/ORB_SLAM3/include/Converter.h:26\x1b[m\x1b[K,\n'}
[17.935464] (orb_slam3_ros2_wrapper) StderrLine: {'line': b'                 from \x1b[01m\x1b[K/home/orb/ORB_SLAM3/include/Frame.h:33\x1b[m\x1b[K,\n'}
[17.935592] (orb_slam3_ros2_wrapper) StderrLine: {'line': b'                 from \x1b[01m\x1b[K/home/orb/ORB_SLAM3/include/KeyFrame.h:28\x1b[m\x1b[K,\n'}
[17.935719] (orb_slam3_ros2_wrapper) StderrLine: {'line': b'                 from \x1b[01m\x1b[K/home/orb/ORB_SLAM3/include/MapPoint.h:23\x1b[m\x1b[K,\n'}
[17.935857] (orb_slam3_ros2_wrapper) StderrLine: {'line': b'                 from \x1b[01m\x1b[K/root/colcon_ws/src/orb_slam3_ros2_wrapper/include/orb_slam3_ros2_wrapper/type_conversion.hpp:26\x1b[m\x1b[K,\n'}
[17.935983] (orb_slam3_ros2_wrapper) StderrLine: {'line': b'                 from \x1b[01m\x1b[K/root/colcon_ws/src/orb_slam3_ros2_wrapper/src/type_conversion.cpp:7\x1b[m\x1b[K:\n'}
[17.936098] (orb_slam3_ros2_wrapper) StderrLine: {'line': b'/home/orb/ORB_SLAM3/Thirdparty/g2o/g2o/types/../core/base_vertex.h: In instantiation of \xe2\x80\x98\x1b[01m\x1b[Kclass g2o::BaseVertex<3, Eigen::Matrix<double, 3, 1> >\x1b[m\x1b[K\xe2\x80\x99:\n'}
[17.936220] (orb_slam3_ros2_wrapper) StderrLine: {'line': b'\x1b[01m\x1b[K/home/orb/ORB_SLAM3/Thirdparty/g2o/g2o/types/types_sba.h:40:35:\x1b[m\x1b[K   required from here\n'}
[17.936336] (orb_slam3_ros2_wrapper) StderrLine: {'line': b'\x1b[01m\x1b[K/home/orb/ORB_SLAM3/Thirdparty/g2o/g2o/types/../core/base_vertex.h:62:72:\x1b[m\x1b[K \x1b[01;35m\x1b[Kwarning: \x1b[m\x1b[K\xe2\x80\x98\x1b[01m\x1b[KEigen::AlignedBit\x1b[m\x1b[K\xe2\x80\x99 is deprecated [\x1b[01;35m\x1b[K-Wdeprecated-declarations\x1b[m\x1b[K]\n'}
[17.936459] (orb_slam3_ros2_wrapper) StderrLine: {'line': b'   62 | D>::\x1b[01;35m\x1b[KFlags & AlignedBit\x1b[m\x1b[K ? Aligned : Unaligned >  HessianBlockType;\n'}
[17.936574] (orb_slam3_ros2_wrapper) StderrLine: {'line': b'      |     \x1b[01;35m\x1b[K~~~~~~^~~~~~~~~~~~\x1b[m\x1b[K\n'}
[17.936686] (orb_slam3_ros2_wrapper) StderrLine: {'line': b'\n'}
[17.936805] (orb_slam3_ros2_wrapper) StderrLine: {'line': b'In file included from \x1b[01m\x1b[K/usr/include/eigen3/Eigen/Core:161\x1b[m\x1b[K,\n'}
[17.936950] (orb_slam3_ros2_wrapper) StderrLine: {'line': b'                 from \x1b[01m\x1b[K/root/colcon_ws/src/orb_slam3_ros2_wrapper/include/orb_slam3_ros2_wrapper/type_conversion.hpp:10\x1b[m\x1b[K,\n'}
[17.937084] (orb_slam3_ros2_wrapper) StderrLine: {'line': b'                 from \x1b[01m\x1b[K/root/colcon_ws/src/orb_slam3_ros2_wrapper/src/type_conversion.cpp:7\x1b[m\x1b[K:\n'}
[17.937199] (orb_slam3_ros2_wrapper) StderrLine: {'line': b'\x1b[01m\x1b[K/usr/include/eigen3/Eigen/src/Core/util/Constants.h:167:37:\x1b[m\x1b[K \x1b[01;36m\x1b[Knote: \x1b[m\x1b[Kdeclared here\n'}
[17.937314] (orb_slam3_ros2_wrapper) StderrLine: {'line': b'  167 | igned int \x1b[01;36m\x1b[KAlignedBit\x1b[m\x1b[K = 0x80;\n'}
[17.937430] (orb_slam3_ros2_wrapper) StderrLine: {'line': b'      |           \x1b[01;36m\x1b[K^~~~~~~~~~\x1b[m\x1b[K\n'}
[17.937551] (orb_slam3_ros2_wrapper) StderrLine: {'line': b'\n'}
[17.940807] (orb_slam3_ros2_wrapper) StderrLine: {'line': b'In file included from \x1b[01m\x1b[K/home/orb/ORB_SLAM3/Thirdparty/g2o/g2o/types/types_six_dof_expmap.h:38\x1b[m\x1b[K,\n'}
[17.941116] (-) TimerEvent: {}
[17.941368] (orb_slam3_ros2_wrapper) StderrLine: {'line': b'                 from \x1b[01m\x1b[K/home/orb/ORB_SLAM3/include/Converter.h:26\x1b[m\x1b[K,\n'}
[17.941503] (orb_slam3_ros2_wrapper) StderrLine: {'line': b'                 from \x1b[01m\x1b[K/home/orb/ORB_SLAM3/include/Frame.h:33\x1b[m\x1b[K,\n'}
[17.941608] (orb_slam3_ros2_wrapper) StderrLine: {'line': b'                 from \x1b[01m\x1b[K/home/orb/ORB_SLAM3/include/KeyFrame.h:28\x1b[m\x1b[K,\n'}
[17.941721] (orb_slam3_ros2_wrapper) StderrLine: {'line': b'                 from \x1b[01m\x1b[K/home/orb/ORB_SLAM3/include/MapPoint.h:23\x1b[m\x1b[K,\n'}
[17.941866] (orb_slam3_ros2_wrapper) StderrLine: {'line': b'                 from \x1b[01m\x1b[K/root/colcon_ws/src/orb_slam3_ros2_wrapper/include/orb_slam3_ros2_wrapper/type_conversion.hpp:26\x1b[m\x1b[K,\n'}
[17.941983] (orb_slam3_ros2_wrapper) StderrLine: {'line': b'                 from \x1b[01m\x1b[K/root/colcon_ws/src/orb_slam3_ros2_wrapper/src/type_conversion.cpp:7\x1b[m\x1b[K:\n'}
[17.942098] (orb_slam3_ros2_wrapper) StderrLine: {'line': b'/home/orb/ORB_SLAM3/Thirdparty/g2o/g2o/types/../core/base_binary_edge.h: In instantiation of \xe2\x80\x98\x1b[01m\x1b[Kclass g2o::BaseBinaryEdge<3, Eigen::Matrix<double, 3, 1>, g2o::VertexSBAPointXYZ, g2o::VertexSE3Expmap>\x1b[m\x1b[K\xe2\x80\x99:\n'}
[17.942213] (orb_slam3_ros2_wrapper) StderrLine: {'line': b'\x1b[01m\x1b[K/home/orb/ORB_SLAM3/Thirdparty/g2o/g2o/types/types_six_dof_expmap.h:146:41:\x1b[m\x1b[K   required from here\n'}
[17.942323] (orb_slam3_ros2_wrapper) StderrLine: {'line': b'\x1b[01m\x1b[K/home/orb/ORB_SLAM3/Thirdparty/g2o/g2o/types/../core/base_binary_edge.h:59:80:\x1b[m\x1b[K \x1b[01;35m\x1b[Kwarning: \x1b[m\x1b[K\xe2\x80\x98\x1b[01m\x1b[KEigen::AlignedBit\x1b[m\x1b[K\xe2\x80\x99 is deprecated [\x1b[01;35m\x1b[K-Wdeprecated-declarations\x1b[m\x1b[K]\n'}
[17.942437] (orb_slam3_ros2_wrapper) StderrLine: {'line': b'   59 |       typedef Eigen::Map<Matrix<double, Di, Dj>, Matrix<double, Di, Dj>::\x1b[01;35m\x1b[KFlags & AlignedBit\x1b[m\x1b[K ? Aligned : Unaligned > HessianBlockType;\n'}
[17.942548] (orb_slam3_ros2_wrapper) StderrLine: {'line': b'      |                                                                          \x1b[01;35m\x1b[K~~~~~~^~~~~~~~~~~~\x1b[m\x1b[K\n'}
[17.942654] (orb_slam3_ros2_wrapper) StderrLine: {'line': b'In file included from \x1b[01m\x1b[K/usr/include/eigen3/Eigen/Core:161\x1b[m\x1b[K,\n'}
[17.942766] (orb_slam3_ros2_wrapper) StderrLine: {'line': b'                 from \x1b[01m\x1b[K/root/colcon_ws/src/orb_slam3_ros2_wrapper/include/orb_slam3_ros2_wrapper/type_conversion.hpp:10\x1b[m\x1b[K,\n'}
[17.942901] (orb_slam3_ros2_wrapper) StderrLine: {'line': b'                 from \x1b[01m\x1b[K/root/colcon_ws/src/orb_slam3_ros2_wrapper/src/type_conversion.cpp:7\x1b[m\x1b[K:\n'}
[17.943011] (orb_slam3_ros2_wrapper) StderrLine: {'line': b'\x1b[01m\x1b[K/usr/include/eigen3/Eigen/src/Core/util/Constants.h:167:37:\x1b[m\x1b[K \x1b[01;36m\x1b[Knote: \x1b[m\x1b[Kdeclared here\n'}
[17.943121] (orb_slam3_ros2_wrapper) StderrLine: {'line': b'  167 | EIGEN_DEPRECATED const unsigned int \x1b[01;36m\x1b[KAlignedBit\x1b[m\x1b[K = 0x80;\n'}
[17.943230] (orb_slam3_ros2_wrapper) StderrLine: {'line': b'      |                                     \x1b[01;36m\x1b[K^~~~~~~~~~\x1b[m\x1b[K\n'}
[17.943366] (orb_slam3_ros2_wrapper) StderrLine: {'line': b'In file included from \x1b[01m\x1b[K/home/orb/ORB_SLAM3/Thirdparty/g2o/g2o/types/types_six_dof_expmap.h:38\x1b[m\x1b[K,\n'}
[17.943479] (orb_slam3_ros2_wrapper) StderrLine: {'line': b'                 from \x1b[01m\x1b[K/home/orb/ORB_SLAM3/include/Converter.h:26\x1b[m\x1b[K,\n'}
[17.943586] (orb_slam3_ros2_wrapper) StderrLine: {'line': b'                 from \x1b[01m\x1b[K/home/orb/ORB_SLAM3/include/Frame.h:33\x1b[m\x1b[K,\n'}
[17.943691] (orb_slam3_ros2_wrapper) StderrLine: {'line': b'                 from \x1b[01m\x1b[K/home/orb/ORB_SLAM3/include/KeyFrame.h:28\x1b[m\x1b[K,\n'}
[17.943802] (orb_slam3_ros2_wrapper) StderrLine: {'line': b'                 from \x1b[01m\x1b[K/home/orb/ORB_SLAM3/include/MapPoint.h:23\x1b[m\x1b[K,\n'}
[17.943926] (orb_slam3_ros2_wrapper) StderrLine: {'line': b'                 from \x1b[01m\x1b[K/root/colcon_ws/src/orb_slam3_ros2_wrapper/include/orb_slam3_ros2_wrapper/type_conversion.hpp:26\x1b[m\x1b[K,\n'}
[17.944036] (orb_slam3_ros2_wrapper) StderrLine: {'line': b'                 from \x1b[01m\x1b[K/root/colcon_ws/src/orb_slam3_ros2_wrapper/src/type_conversion.cpp:7\x1b[m\x1b[K:\n'}
[17.944146] (orb_slam3_ros2_wrapper) StderrLine: {'line': b'\x1b[01m\x1b[K/home/orb/ORB_SLAM3/Thirdparty/g2o/g2o/types/../core/base_binary_edge.h:60:80:\x1b[m\x1b[K \x1b[01;35m\x1b[Kwarning: \x1b[m\x1b[K\xe2\x80\x98\x1b[01m\x1b[KEigen::AlignedBit\x1b[m\x1b[K\xe2\x80\x99 is deprecated [\x1b[01;35m\x1b[K-Wdeprecated-declarations\x1b[m\x1b[K]\n'}
[17.944275] (orb_slam3_ros2_wrapper) StderrLine: {'line': b'   60 |       typedef Eigen::Map<Matrix<double, Dj, Di>, Matrix<double, Dj, Di>::\x1b[01;35m\x1b[KFlags & AlignedBit\x1b[m\x1b[K ? Aligned : Unaligned > HessianBlockTransposedType;\n'}
[17.944386] (orb_slam3_ros2_wrapper) StderrLine: {'line': b'      |                                                                          \x1b[01;35m\x1b[K~~~~~~^~~~~~~~~~~~\x1b[m\x1b[K\n'}
[17.944495] (orb_slam3_ros2_wrapper) StderrLine: {'line': b'In file included from \x1b[01m\x1b[K/usr/include/eigen3/Eigen/Core:161\x1b[m\x1b[K,\n'}
[17.944610] (orb_slam3_ros2_wrapper) StderrLine: {'line': b'                 from \x1b[01m\x1b[K/root/colcon_ws/src/orb_slam3_ros2_wrapper/include/orb_slam3_ros2_wrapper/type_conversion.hpp:10\x1b[m\x1b[K,\n'}
[17.944721] (orb_slam3_ros2_wrapper) StderrLine: {'line': b'                 from \x1b[01m\x1b[K/root/colcon_ws/src/orb_slam3_ros2_wrapper/src/type_conversion.cpp:7\x1b[m\x1b[K:\n'}
[17.944867] (orb_slam3_ros2_wrapper) StderrLine: {'line': b'\x1b[01m\x1b[K/usr/include/eigen3/Eigen/src/Core/util/Constants.h:167:37:\x1b[m\x1b[K \x1b[01;36m\x1b[Knote: \x1b[m\x1b[Kdeclared here\n'}
[17.944983] (orb_slam3_ros2_wrapper) StderrLine: {'line': b'  167 | EIGEN_DEPRECATED const unsigned int \x1b[01;36m\x1b[KAlignedBit\x1b[m\x1b[K = 0x80;\n'}
[17.945095] (orb_slam3_ros2_wrapper) StderrLine: {'line': b'      |                                     \x1b[01;36m\x1b[K^~~~~~~~~~\x1b[m\x1b[K\n'}
[18.009048] (orb_slam3_ros2_wrapper) StderrLine: {'line': b'In file included from \x1b[01m\x1b[K/home/orb/ORB_SLAM3/Thirdparty/g2o/g2o/types/types_six_dof_expmap.h:37\x1b[m\x1b[K,\n'}
[18.009301] (orb_slam3_ros2_wrapper) StderrLine: {'line': b'                 from \x1b[01m\x1b[K/home/orb/ORB_SLAM3/include/Converter.h:26\x1b[m\x1b[K,\n'}
[18.009492] (orb_slam3_ros2_wrapper) StderrLine: {'line': b'                 from \x1b[01m\x1b[K/home/orb/ORB_SLAM3/include/Frame.h:33\x1b[m\x1b[K,\n'}
[18.009599] (orb_slam3_ros2_wrapper) StderrLine: {'line': b'                 from \x1b[01m\x1b[K/home/orb/ORB_SLAM3/include/KeyFrame.h:28\x1b[m\x1b[K,\n'}
[18.009728] (orb_slam3_ros2_wrapper) StderrLine: {'line': b'                 from \x1b[01m\x1b[K/home/orb/ORB_SLAM3/include/MapPoint.h:23\x1b[m\x1b[K,\n'}
[18.009862] (orb_slam3_ros2_wrapper) StderrLine: {'line': b'                 from \x1b[01m\x1b[K/root/colcon_ws/src/orb_slam3_ros2_wrapper/include/orb_slam3_ros2_wrapper/type_conversion.hpp:26\x1b[m\x1b[K,\n'}
[18.009980] (orb_slam3_ros2_wrapper) StderrLine: {'line': b'                 from \x1b[01m\x1b[K/root/colcon_ws/src/orb_slam3_ros2_wrapper/src/type_conversion.cpp:7\x1b[m\x1b[K:\n'}
[18.010090] (orb_slam3_ros2_wrapper) StderrLine: {'line': b'/home/orb/ORB_SLAM3/Thirdparty/g2o/g2o/types/../core/base_vertex.h: In instantiation of \xe2\x80\x98\x1b[01m\x1b[Kclass g2o::BaseVertex<6, g2o::SE3Quat>\x1b[m\x1b[K\xe2\x80\x99:\n'}
[18.010200] (orb_slam3_ros2_wrapper) StderrLine: {'line': b'\x1b[01m\x1b[K/home/orb/ORB_SLAM3/Thirdparty/g2o/g2o/types/types_six_dof_expmap.h:59:33:\x1b[m\x1b[K   required from here\n'}
[18.010309] (orb_slam3_ros2_wrapper) StderrLine: {'line': b'\x1b[01m\x1b[K/home/orb/ORB_SLAM3/Thirdparty/g2o/g2o/types/../core/base_vertex.h:62:72:\x1b[m\x1b[K \x1b[01;35m\x1b[Kwarning: \x1b[m\x1b[K\xe2\x80\x98\x1b[01m\x1b[KEigen::AlignedBit\x1b[m\x1b[K\xe2\x80\x99 is deprecated [\x1b[01;35m\x1b[K-Wdeprecated-declarations\x1b[m\x1b[K]\n'}
[18.010416] (orb_slam3_ros2_wrapper) StderrLine: {'line': b'   62 | D>::\x1b[01;35m\x1b[KFlags & AlignedBit\x1b[m\x1b[K ? Aligned : Unaligned >  HessianBlockType;\n'}
[18.010519] (orb_slam3_ros2_wrapper) StderrLine: {'line': b'      |     \x1b[01;35m\x1b[K~~~~~~^~~~~~~~~~~~\x1b[m\x1b[K\n'}
[18.010627] (orb_slam3_ros2_wrapper) StderrLine: {'line': b'\n'}
[18.010737] (orb_slam3_ros2_wrapper) StderrLine: {'line': b'In file included from \x1b[01m\x1b[K/usr/include/eigen3/Eigen/Core:161\x1b[m\x1b[K,\n'}
[18.010872] (orb_slam3_ros2_wrapper) StderrLine: {'line': b'                 from \x1b[01m\x1b[K/root/colcon_ws/src/orb_slam3_ros2_wrapper/include/orb_slam3_ros2_wrapper/type_conversion.hpp:10\x1b[m\x1b[K,\n'}
[18.010980] (orb_slam3_ros2_wrapper) StderrLine: {'line': b'                 from \x1b[01m\x1b[K/root/colcon_ws/src/orb_slam3_ros2_wrapper/src/type_conversion.cpp:7\x1b[m\x1b[K:\n'}
[18.011086] (orb_slam3_ros2_wrapper) StderrLine: {'line': b'\x1b[01m\x1b[K/usr/include/eigen3/Eigen/src/Core/util/Constants.h:167:37:\x1b[m\x1b[K \x1b[01;36m\x1b[Knote: \x1b[m\x1b[Kdeclared here\n'}
[18.011193] (orb_slam3_ros2_wrapper) StderrLine: {'line': b'  167 | igned int \x1b[01;36m\x1b[KAlignedBit\x1b[m\x1b[K = 0x80;\n'}
[18.011302] (orb_slam3_ros2_wrapper) StderrLine: {'line': b'      |           \x1b[01;36m\x1b[K^~~~~~~~~~\x1b[m\x1b[K\n'}
[18.011410] (orb_slam3_ros2_wrapper) StderrLine: {'line': b'\n'}
[18.042433] (-) TimerEvent: {}
[18.058432] (orb_slam3_ros2_wrapper) StderrLine: {'line': b'In file included from \x1b[01m\x1b[K/home/orb/ORB_SLAM3/Thirdparty/g2o/g2o/types/types_six_dof_expmap.h:38\x1b[m\x1b[K,\n'}
[18.058620] (orb_slam3_ros2_wrapper) StderrLine: {'line': b'                 from \x1b[01m\x1b[K/home/orb/ORB_SLAM3/include/Converter.h:26\x1b[m\x1b[K,\n'}
[18.058757] (orb_slam3_ros2_wrapper) StderrLine: {'line': b'                 from \x1b[01m\x1b[K/home/orb/ORB_SLAM3/include/Frame.h:33\x1b[m\x1b[K,\n'}
[18.059000] (orb_slam3_ros2_wrapper) StderrLine: {'line': b'                 from \x1b[01m\x1b[K/home/orb/ORB_SLAM3/include/KeyFrame.h:28\x1b[m\x1b[K,\n'}
[18.059108] (orb_slam3_ros2_wrapper) StderrLine: {'line': b'                 from \x1b[01m\x1b[K/home/orb/ORB_SLAM3/include/MapPoint.h:23\x1b[m\x1b[K,\n'}
[18.059207] (orb_slam3_ros2_wrapper) StderrLine: {'line': b'                 from \x1b[01m\x1b[K/root/colcon_ws/src/orb_slam3_ros2_wrapper/include/orb_slam3_ros2_wrapper/type_conversion.hpp:26\x1b[m\x1b[K,\n'}
[18.059308] (orb_slam3_ros2_wrapper) StderrLine: {'line': b'                 from \x1b[01m\x1b[K/root/colcon_ws/src/orb_slam3_ros2_wrapper/src/type_conversion.cpp:7\x1b[m\x1b[K:\n'}
[18.059409] (orb_slam3_ros2_wrapper) StderrLine: {'line': b'/home/orb/ORB_SLAM3/Thirdparty/g2o/g2o/types/../core/base_binary_edge.h: In instantiation of \xe2\x80\x98\x1b[01m\x1b[Kclass g2o::BaseBinaryEdge<6, g2o::SE3Quat, g2o::VertexSE3Expmap, g2o::VertexSE3Expmap>\x1b[m\x1b[K\xe2\x80\x99:\n'}
[18.059511] (orb_slam3_ros2_wrapper) StderrLine: {'line': b'\x1b[01m\x1b[K/home/orb/ORB_SLAM3/Thirdparty/g2o/g2o/types/types_six_dof_expmap.h:83:24:\x1b[m\x1b[K   required from here\n'}
[18.059609] (orb_slam3_ros2_wrapper) StderrLine: {'line': b'\x1b[01m\x1b[K/home/orb/ORB_SLAM3/Thirdparty/g2o/g2o/types/../core/base_binary_edge.h:59:80:\x1b[m\x1b[K \x1b[01;35m\x1b[Kwarning: \x1b[m\x1b[K\xe2\x80\x98\x1b[01m\x1b[KEigen::AlignedBit\x1b[m\x1b[K\xe2\x80\x99 is deprecated [\x1b[01;35m\x1b[K-Wdeprecated-declarations\x1b[m\x1b[K]\n'}
[18.059710] (orb_slam3_ros2_wrapper) StderrLine: {'line': b'   59 | j>::\x1b[01;35m\x1b[KFlags & AlignedBit\x1b[m\x1b[K ? Aligned : Unaligned > HessianBlockType;\n'}
[18.059824] (orb_slam3_ros2_wrapper) StderrLine: {'line': b'      |     \x1b[01;35m\x1b[K~~~~~~^~~~~~~~~~~~\x1b[m\x1b[K\n'}
[18.059929] (orb_slam3_ros2_wrapper) StderrLine: {'line': b'\n'}
[18.060027] (orb_slam3_ros2_wrapper) StderrLine: {'line': b'In file included from \x1b[01m\x1b[K/usr/include/eigen3/Eigen/Core:161\x1b[m\x1b[K,\n'}
[18.060144] (orb_slam3_ros2_wrapper) StderrLine: {'line': b'                 from \x1b[01m\x1b[K/root/colcon_ws/src/orb_slam3_ros2_wrapper/include/orb_slam3_ros2_wrapper/type_conversion.hpp:10\x1b[m\x1b[K,\n'}
[18.060244] (orb_slam3_ros2_wrapper) StderrLine: {'line': b'                 from \x1b[01m\x1b[K/root/colcon_ws/src/orb_slam3_ros2_wrapper/src/type_conversion.cpp:7\x1b[m\x1b[K:\n'}
[18.060343] (orb_slam3_ros2_wrapper) StderrLine: {'line': b'\x1b[01m\x1b[K/usr/include/eigen3/Eigen/src/Core/util/Constants.h:167:37:\x1b[m\x1b[K \x1b[01;36m\x1b[Knote: \x1b[m\x1b[Kdeclared here\n'}
[18.060449] (orb_slam3_ros2_wrapper) StderrLine: {'line': b'  167 | igned int \x1b[01;36m\x1b[KAlignedBit\x1b[m\x1b[K = 0x80;\n'}
[18.060548] (orb_slam3_ros2_wrapper) StderrLine: {'line': b'      |           \x1b[01;36m\x1b[K^~~~~~~~~~\x1b[m\x1b[K\n'}
[18.060648] (orb_slam3_ros2_wrapper) StderrLine: {'line': b'\n'}
[18.060746] (orb_slam3_ros2_wrapper) StderrLine: {'line': b'In file included from \x1b[01m\x1b[K/home/orb/ORB_SLAM3/Thirdparty/g2o/g2o/types/types_six_dof_expmap.h:38\x1b[m\x1b[K,\n'}
[18.060868] (orb_slam3_ros2_wrapper) StderrLine: {'line': b'                 from \x1b[01m\x1b[K/home/orb/ORB_SLAM3/include/Converter.h:26\x1b[m\x1b[K,\n'}
[18.060971] (orb_slam3_ros2_wrapper) StderrLine: {'line': b'                 from \x1b[01m\x1b[K/home/orb/ORB_SLAM3/include/Frame.h:33\x1b[m\x1b[K,\n'}
[18.061070] (orb_slam3_ros2_wrapper) StderrLine: {'line': b'                 from \x1b[01m\x1b[K/home/orb/ORB_SLAM3/include/KeyFrame.h:28\x1b[m\x1b[K,\n'}
[18.061175] (orb_slam3_ros2_wrapper) StderrLine: {'line': b'                 from \x1b[01m\x1b[K/home/orb/ORB_SLAM3/include/MapPoint.h:23\x1b[m\x1b[K,\n'}
[18.061275] (orb_slam3_ros2_wrapper) StderrLine: {'line': b'                 from \x1b[01m\x1b[K/root/colcon_ws/src/orb_slam3_ros2_wrapper/include/orb_slam3_ros2_wrapper/type_conversion.hpp:26\x1b[m\x1b[K,\n'}
[18.061375] (orb_slam3_ros2_wrapper) StderrLine: {'line': b'                 from \x1b[01m\x1b[K/root/colcon_ws/src/orb_slam3_ros2_wrapper/src/type_conversion.cpp:7\x1b[m\x1b[K:\n'}
[18.061474] (orb_slam3_ros2_wrapper) StderrLine: {'line': b'\x1b[01m\x1b[K/home/orb/ORB_SLAM3/Thirdparty/g2o/g2o/types/../core/base_binary_edge.h:60:80:\x1b[m\x1b[K \x1b[01;35m\x1b[Kwarning: \x1b[m\x1b[K\xe2\x80\x98\x1b[01m\x1b[KEigen::AlignedBit\x1b[m\x1b[K\xe2\x80\x99 is deprecated [\x1b[01;35m\x1b[K-Wdeprecated-declarations\x1b[m\x1b[K]\n'}
[18.061581] (orb_slam3_ros2_wrapper) StderrLine: {'line': b'   60 | i>::\x1b[01;35m\x1b[KFlags & AlignedBit\x1b[m\x1b[K ? Aligned : Unaligned > HessianBlockTransposedType;\n'}
[18.061681] (orb_slam3_ros2_wrapper) StderrLine: {'line': b'      |     \x1b[01;35m\x1b[K~~~~~~^~~~~~~~~~~~\x1b[m\x1b[K\n'}
[18.061794] (orb_slam3_ros2_wrapper) StderrLine: {'line': b'\n'}
[18.061869] (orb_slam3_ros2_wrapper) StderrLine: {'line': b'In file included from \x1b[01m\x1b[K/usr/include/eigen3/Eigen/Core:161\x1b[m\x1b[K,\n'}
[18.061928] (orb_slam3_ros2_wrapper) StderrLine: {'line': b'                 from \x1b[01m\x1b[K/root/colcon_ws/src/orb_slam3_ros2_wrapper/include/orb_slam3_ros2_wrapper/type_conversion.hpp:10\x1b[m\x1b[K,\n'}
[18.061986] (orb_slam3_ros2_wrapper) StderrLine: {'line': b'                 from \x1b[01m\x1b[K/root/colcon_ws/src/orb_slam3_ros2_wrapper/src/type_conversion.cpp:7\x1b[m\x1b[K:\n'}
[18.062044] (orb_slam3_ros2_wrapper) StderrLine: {'line': b'\x1b[01m\x1b[K/usr/include/eigen3/Eigen/src/Core/util/Constants.h:167:37:\x1b[m\x1b[K \x1b[01;36m\x1b[Knote: \x1b[m\x1b[Kdeclared here\n'}
[18.062102] (orb_slam3_ros2_wrapper) StderrLine: {'line': b'  167 | igned int \x1b[01;36m\x1b[KAlignedBit\x1b[m\x1b[K = 0x80;\n'}
[18.062158] (orb_slam3_ros2_wrapper) StderrLine: {'line': b'      |           \x1b[01;36m\x1b[K^~~~~~~~~~\x1b[m\x1b[K\n'}
[18.062215] (orb_slam3_ros2_wrapper) StderrLine: {'line': b'\n'}
[18.142559] (-) TimerEvent: {}
[18.207308] (orb_slam3_ros2_wrapper) StderrLine: {'line': b'In file included from \x1b[01m\x1b[K/home/orb/ORB_SLAM3/Thirdparty/g2o/g2o/types/types_six_dof_expmap.h:38\x1b[m\x1b[K,\n'}
[18.207476] (orb_slam3_ros2_wrapper) StderrLine: {'line': b'                 from \x1b[01m\x1b[K/home/orb/ORB_SLAM3/include/Converter.h:26\x1b[m\x1b[K,\n'}
[18.207543] (orb_slam3_ros2_wrapper) StderrLine: {'line': b'                 from \x1b[01m\x1b[K/home/orb/ORB_SLAM3/include/Frame.h:33\x1b[m\x1b[K,\n'}
[18.207603] (orb_slam3_ros2_wrapper) StderrLine: {'line': b'                 from \x1b[01m\x1b[K/home/orb/ORB_SLAM3/include/KeyFrame.h:28\x1b[m\x1b[K,\n'}
[18.207674] (orb_slam3_ros2_wrapper) StderrLine: {'line': b'                 from \x1b[01m\x1b[K/home/orb/ORB_SLAM3/include/MapPoint.h:23\x1b[m\x1b[K,\n'}
[18.207811] (orb_slam3_ros2_wrapper) StderrLine: {'line': b'                 from \x1b[01m\x1b[K/root/colcon_ws/src/orb_slam3_ros2_wrapper/include/orb_slam3_ros2_wrapper/type_conversion.hpp:26\x1b[m\x1b[K,\n'}
[18.207881] (orb_slam3_ros2_wrapper) StderrLine: {'line': b'                 from \x1b[01m\x1b[K/root/colcon_ws/src/orb_slam3_ros2_wrapper/src/type_conversion.cpp:7\x1b[m\x1b[K:\n'}
[18.207937] (orb_slam3_ros2_wrapper) StderrLine: {'line': b'/home/orb/ORB_SLAM3/Thirdparty/g2o/g2o/types/../core/base_binary_edge.h: In instantiation of \xe2\x80\x98\x1b[01m\x1b[Kclass g2o::BaseBinaryEdge<2, Eigen::Matrix<double, 2, 1>, g2o::VertexSBAPointXYZ, g2o::VertexSE3Expmap>\x1b[m\x1b[K\xe2\x80\x99:\n'}
[18.207995] (orb_slam3_ros2_wrapper) StderrLine: {'line': b'\x1b[01m\x1b[K/home/orb/ORB_SLAM3/Thirdparty/g2o/g2o/types/types_six_dof_expmap.h:114:35:\x1b[m\x1b[K   required from here\n'}
[18.208051] (orb_slam3_ros2_wrapper) StderrLine: {'line': b'\x1b[01m\x1b[K/home/orb/ORB_SLAM3/Thirdparty/g2o/g2o/types/../core/base_binary_edge.h:59:80:\x1b[m\x1b[K \x1b[01;35m\x1b[Kwarning: \x1b[m\x1b[K\xe2\x80\x98\x1b[01m\x1b[KEigen::AlignedBit\x1b[m\x1b[K\xe2\x80\x99 is deprecated [\x1b[01;35m\x1b[K-Wdeprecated-declarations\x1b[m\x1b[K]\n'}
[18.208106] (orb_slam3_ros2_wrapper) StderrLine: {'line': b'   59 | j>::\x1b[01;35m\x1b[KFlags & AlignedBit\x1b[m\x1b[K ? Aligned : Unaligned > HessianBlockType;\n'}
[18.208160] (orb_slam3_ros2_wrapper) StderrLine: {'line': b'      |     \x1b[01;35m\x1b[K~~~~~~^~~~~~~~~~~~\x1b[m\x1b[K\n'}
[18.208214] (orb_slam3_ros2_wrapper) StderrLine: {'line': b'\n'}
[18.208268] (orb_slam3_ros2_wrapper) StderrLine: {'line': b'In file included from \x1b[01m\x1b[K/usr/include/eigen3/Eigen/Core:161\x1b[m\x1b[K,\n'}
[18.208321] (orb_slam3_ros2_wrapper) StderrLine: {'line': b'                 from \x1b[01m\x1b[K/root/colcon_ws/src/orb_slam3_ros2_wrapper/include/orb_slam3_ros2_wrapper/type_conversion.hpp:10\x1b[m\x1b[K,\n'}
[18.208375] (orb_slam3_ros2_wrapper) StderrLine: {'line': b'                 from \x1b[01m\x1b[K/root/colcon_ws/src/orb_slam3_ros2_wrapper/src/type_conversion.cpp:7\x1b[m\x1b[K:\n'}
[18.208428] (orb_slam3_ros2_wrapper) StderrLine: {'line': b'\x1b[01m\x1b[K/usr/include/eigen3/Eigen/src/Core/util/Constants.h:167:37:\x1b[m\x1b[K \x1b[01;36m\x1b[Knote: \x1b[m\x1b[Kdeclared here\n'}
[18.208489] (orb_slam3_ros2_wrapper) StderrLine: {'line': b'  167 | igned int \x1b[01;36m\x1b[KAlignedBit\x1b[m\x1b[K = 0x80;\n'}
[18.208545] (orb_slam3_ros2_wrapper) StderrLine: {'line': b'      |           \x1b[01;36m\x1b[K^~~~~~~~~~\x1b[m\x1b[K\n'}
[18.208599] (orb_slam3_ros2_wrapper) StderrLine: {'line': b'\n'}
[18.237647] (orb_slam3_ros2_wrapper) StderrLine: {'line': b'In file included from \x1b[01m\x1b[K/home/orb/ORB_SLAM3/Thirdparty/g2o/g2o/types/types_six_dof_expmap.h:38\x1b[m\x1b[K,\n'}
[18.238102] (orb_slam3_ros2_wrapper) StderrLine: {'line': b'                 from \x1b[01m\x1b[K/home/orb/ORB_SLAM3/include/Converter.h:26\x1b[m\x1b[K,\n'}
[18.238616] (orb_slam3_ros2_wrapper) StderrLine: {'line': b'                 from \x1b[01m\x1b[K/home/orb/ORB_SLAM3/include/Frame.h:33\x1b[m\x1b[K,\n'}
[18.238767] (orb_slam3_ros2_wrapper) StderrLine: {'line': b'                 from \x1b[01m\x1b[K/home/orb/ORB_SLAM3/include/KeyFrame.h:28\x1b[m\x1b[K,\n'}
[18.238877] (orb_slam3_ros2_wrapper) StderrLine: {'line': b'                 from \x1b[01m\x1b[K/home/orb/ORB_SLAM3/include/MapPoint.h:23\x1b[m\x1b[K,\n'}
[18.238963] (orb_slam3_ros2_wrapper) StderrLine: {'line': b'                 from \x1b[01m\x1b[K/root/colcon_ws/src/orb_slam3_ros2_wrapper/include/orb_slam3_ros2_wrapper/type_conversion.hpp:26\x1b[m\x1b[K,\n'}
[18.239047] (orb_slam3_ros2_wrapper) StderrLine: {'line': b'                 from \x1b[01m\x1b[K/root/colcon_ws/src/orb_slam3_ros2_wrapper/src/type_conversion.cpp:7\x1b[m\x1b[K:\n'}
[18.239131] (orb_slam3_ros2_wrapper) StderrLine: {'line': b'\x1b[01m\x1b[K/home/orb/ORB_SLAM3/Thirdparty/g2o/g2o/types/../core/base_binary_edge.h:60:80:\x1b[m\x1b[K \x1b[01;35m\x1b[Kwarning: \x1b[m\x1b[K\xe2\x80\x98\x1b[01m\x1b[KEigen::AlignedBit\x1b[m\x1b[K\xe2\x80\x99 is deprecated [\x1b[01;35m\x1b[K-Wdeprecated-declarations\x1b[m\x1b[K]\n'}
[18.239231] (orb_slam3_ros2_wrapper) StderrLine: {'line': b'   60 | i>::\x1b[01;35m\x1b[KFlags & AlignedBit\x1b[m\x1b[K ? Aligned : Unaligned > HessianBlockTransposedType;\n'}
[18.239315] (orb_slam3_ros2_wrapper) StderrLine: {'line': b'      |     \x1b[01;35m\x1b[K~~~~~~^~~~~~~~~~~~\x1b[m\x1b[K\n'}
[18.239406] (orb_slam3_ros2_wrapper) StderrLine: {'line': b'\n'}
[18.239490] (orb_slam3_ros2_wrapper) StderrLine: {'line': b'In file included from \x1b[01m\x1b[K/usr/include/eigen3/Eigen/Core:161\x1b[m\x1b[K,\n'}
[18.239574] (orb_slam3_ros2_wrapper) StderrLine: {'line': b'                 from \x1b[01m\x1b[K/root/colcon_ws/src/orb_slam3_ros2_wrapper/include/orb_slam3_ros2_wrapper/type_conversion.hpp:10\x1b[m\x1b[K,\n'}
[18.239662] (orb_slam3_ros2_wrapper) StderrLine: {'line': b'                 from \x1b[01m\x1b[K/root/colcon_ws/src/orb_slam3_ros2_wrapper/src/type_conversion.cpp:7\x1b[m\x1b[K:\n'}
[18.239751] (orb_slam3_ros2_wrapper) StderrLine: {'line': b'\x1b[01m\x1b[K/usr/include/eigen3/Eigen/src/Core/util/Constants.h:167:37:\x1b[m\x1b[K \x1b[01;36m\x1b[Knote: \x1b[m\x1b[Kdeclared here\n'}
[18.239870] (orb_slam3_ros2_wrapper) StderrLine: {'line': b'  167 | igned int \x1b[01;36m\x1b[KAlignedBit\x1b[m\x1b[K = 0x80;\n'}
[18.239969] (orb_slam3_ros2_wrapper) StderrLine: {'line': b'      |           \x1b[01;36m\x1b[K^~~~~~~~~~\x1b[m\x1b[K\n'}
[18.240071] (orb_slam3_ros2_wrapper) StderrLine: {'line': b'\n'}
[18.242668] (-) TimerEvent: {}
[18.342997] (-) TimerEvent: {}
[18.358183] (orb_slam3_ros2_wrapper) StderrLine: {'line': b'In file included from \x1b[01m\x1b[K/home/orb/ORB_SLAM3/Thirdparty/g2o/g2o/types/types_six_dof_expmap.h:38\x1b[m\x1b[K,\n'}
[18.358464] (orb_slam3_ros2_wrapper) StderrLine: {'line': b'                 from \x1b[01m\x1b[K/home/orb/ORB_SLAM3/include/Converter.h:26\x1b[m\x1b[K,\n'}
[18.358580] (orb_slam3_ros2_wrapper) StderrLine: {'line': b'                 from \x1b[01m\x1b[K/home/orb/ORB_SLAM3/include/Frame.h:33\x1b[m\x1b[K,\n'}
[18.358682] (orb_slam3_ros2_wrapper) StderrLine: {'line': b'                 from \x1b[01m\x1b[K/home/orb/ORB_SLAM3/include/KeyFrame.h:28\x1b[m\x1b[K,\n'}
[18.358777] (orb_slam3_ros2_wrapper) StderrLine: {'line': b'                 from \x1b[01m\x1b[K/home/orb/ORB_SLAM3/include/MapPoint.h:23\x1b[m\x1b[K,\n'}
[18.358893] (orb_slam3_ros2_wrapper) StderrLine: {'line': b'                 from \x1b[01m\x1b[K/root/colcon_ws/src/orb_slam3_ros2_wrapper/include/orb_slam3_ros2_wrapper/type_conversion.hpp:26\x1b[m\x1b[K,\n'}
[18.358988] (orb_slam3_ros2_wrapper) StderrLine: {'line': b'                 from \x1b[01m\x1b[K/root/colcon_ws/src/orb_slam3_ros2_wrapper/src/type_conversion.cpp:7\x1b[m\x1b[K:\n'}
[18.359084] (orb_slam3_ros2_wrapper) StderrLine: {'line': b'/home/orb/ORB_SLAM3/Thirdparty/g2o/g2o/types/../core/base_binary_edge.h: In instantiation of \xe2\x80\x98\x1b[01m\x1b[Kclass g2o::BaseBinaryEdge<3, Eigen::Matrix<double, 3, 1>, g2o::VertexSBAPointXYZ, g2o::VertexSE3Expmap>\x1b[m\x1b[K\xe2\x80\x99:\n'}
[18.359181] (orb_slam3_ros2_wrapper) StderrLine: {'line': b'\x1b[01m\x1b[K/home/orb/ORB_SLAM3/Thirdparty/g2o/g2o/types/types_six_dof_expmap.h:146:41:\x1b[m\x1b[K   required from here\n'}
[18.359275] (orb_slam3_ros2_wrapper) StderrLine: {'line': b'\x1b[01m\x1b[K/home/orb/ORB_SLAM3/Thirdparty/g2o/g2o/types/../core/base_binary_edge.h:59:80:\x1b[m\x1b[K \x1b[01;35m\x1b[Kwarning: \x1b[m\x1b[K\xe2\x80\x98\x1b[01m\x1b[KEigen::AlignedBit\x1b[m\x1b[K\xe2\x80\x99 is deprecated [\x1b[01;35m\x1b[K-Wdeprecated-declarations\x1b[m\x1b[K]\n'}
[18.359372] (orb_slam3_ros2_wrapper) StderrLine: {'line': b'   59 | j>::\x1b[01;35m\x1b[KFlags & AlignedBit\x1b[m\x1b[K ? Aligned : Unaligned > HessianBlockType;\n'}
[18.359465] (orb_slam3_ros2_wrapper) StderrLine: {'line': b'      |     \x1b[01;35m\x1b[K~~~~~~^~~~~~~~~~~~\x1b[m\x1b[K\n'}
[18.359558] (orb_slam3_ros2_wrapper) StderrLine: {'line': b'\n'}
[18.359650] (orb_slam3_ros2_wrapper) StderrLine: {'line': b'In file included from \x1b[01m\x1b[K/usr/include/eigen3/Eigen/Core:161\x1b[m\x1b[K,\n'}
[18.359757] (orb_slam3_ros2_wrapper) StderrLine: {'line': b'                 from \x1b[01m\x1b[K/root/colcon_ws/src/orb_slam3_ros2_wrapper/include/orb_slam3_ros2_wrapper/type_conversion.hpp:10\x1b[m\x1b[K,\n'}
[18.359871] (orb_slam3_ros2_wrapper) StderrLine: {'line': b'                 from \x1b[01m\x1b[K/root/colcon_ws/src/orb_slam3_ros2_wrapper/src/type_conversion.cpp:7\x1b[m\x1b[K:\n'}
[18.359967] (orb_slam3_ros2_wrapper) StderrLine: {'line': b'\x1b[01m\x1b[K/usr/include/eigen3/Eigen/src/Core/util/Constants.h:167:37:\x1b[m\x1b[K \x1b[01;36m\x1b[Knote: \x1b[m\x1b[Kdeclared here\n'}
[18.360061] (orb_slam3_ros2_wrapper) StderrLine: {'line': b'  167 | igned int \x1b[01;36m\x1b[KAlignedBit\x1b[m\x1b[K = 0x80;\n'}
[18.360153] (orb_slam3_ros2_wrapper) StderrLine: {'line': b'      |           \x1b[01;36m\x1b[K^~~~~~~~~~\x1b[m\x1b[K\n'}
[18.360244] (orb_slam3_ros2_wrapper) StderrLine: {'line': b'\n'}
[18.360523] (orb_slam3_ros2_wrapper) StderrLine: {'line': b'In file included from \x1b[01m\x1b[K/home/orb/ORB_SLAM3/Thirdparty/g2o/g2o/types/types_six_dof_expmap.h:38\x1b[m\x1b[K,\n'}
[18.360694] (orb_slam3_ros2_wrapper) StderrLine: {'line': b'                 from \x1b[01m\x1b[K/home/orb/ORB_SLAM3/include/Converter.h:26\x1b[m\x1b[K,\n'}
[18.360834] (orb_slam3_ros2_wrapper) StderrLine: {'line': b'                 from \x1b[01m\x1b[K/home/orb/ORB_SLAM3/include/Frame.h:33\x1b[m\x1b[K,\n'}
[18.360965] (orb_slam3_ros2_wrapper) StderrLine: {'line': b'                 from \x1b[01m\x1b[K/home/orb/ORB_SLAM3/include/KeyFrame.h:28\x1b[m\x1b[K,\n'}
[18.361079] (orb_slam3_ros2_wrapper) StderrLine: {'line': b'                 from \x1b[01m\x1b[K/home/orb/ORB_SLAM3/include/MapPoint.h:23\x1b[m\x1b[K,\n'}
[18.361183] (orb_slam3_ros2_wrapper) StderrLine: {'line': b'                 from \x1b[01m\x1b[K/root/colcon_ws/src/orb_slam3_ros2_wrapper/include/orb_slam3_ros2_wrapper/type_conversion.hpp:26\x1b[m\x1b[K,\n'}
[18.361295] (orb_slam3_ros2_wrapper) StderrLine: {'line': b'                 from \x1b[01m\x1b[K/root/colcon_ws/src/orb_slam3_ros2_wrapper/src/type_conversion.cpp:7\x1b[m\x1b[K:\n'}
[18.361403] (orb_slam3_ros2_wrapper) StderrLine: {'line': b'\x1b[01m\x1b[K/home/orb/ORB_SLAM3/Thirdparty/g2o/g2o/types/../core/base_binary_edge.h:60:80:\x1b[m\x1b[K \x1b[01;35m\x1b[Kwarning: \x1b[m\x1b[K\xe2\x80\x98\x1b[01m\x1b[KEigen::AlignedBit\x1b[m\x1b[K\xe2\x80\x99 is deprecated [\x1b[01;35m\x1b[K-Wdeprecated-declarations\x1b[m\x1b[K]\n'}
[18.361518] (orb_slam3_ros2_wrapper) StderrLine: {'line': b'   60 | i>::\x1b[01;35m\x1b[KFlags & AlignedBit\x1b[m\x1b[K ? Aligned : Unaligned > HessianBlockTransposedType;\n'}
[18.361632] (orb_slam3_ros2_wrapper) StderrLine: {'line': b'      |     \x1b[01;35m\x1b[K~~~~~~^~~~~~~~~~~~\x1b[m\x1b[K\n'}
[18.361744] (orb_slam3_ros2_wrapper) StderrLine: {'line': b'\n'}
[18.361865] (orb_slam3_ros2_wrapper) StderrLine: {'line': b'In file included from \x1b[01m\x1b[K/usr/include/eigen3/Eigen/Core:161\x1b[m\x1b[K,\n'}
[18.361969] (orb_slam3_ros2_wrapper) StderrLine: {'line': b'                 from \x1b[01m\x1b[K/root/colcon_ws/src/orb_slam3_ros2_wrapper/include/orb_slam3_ros2_wrapper/type_conversion.hpp:10\x1b[m\x1b[K,\n'}
[18.362077] (orb_slam3_ros2_wrapper) StderrLine: {'line': b'                 from \x1b[01m\x1b[K/root/colcon_ws/src/orb_slam3_ros2_wrapper/src/type_conversion.cpp:7\x1b[m\x1b[K:\n'}
[18.362186] (orb_slam3_ros2_wrapper) StderrLine: {'line': b'\x1b[01m\x1b[K/usr/include/eigen3/Eigen/src/Core/util/Constants.h:167:37:\x1b[m\x1b[K \x1b[01;36m\x1b[Knote: \x1b[m\x1b[Kdeclared here\n'}
[18.362298] (orb_slam3_ros2_wrapper) StderrLine: {'line': b'  167 | igned int \x1b[01;36m\x1b[KAlignedBit\x1b[m\x1b[K = 0x80;\n'}
[18.362406] (orb_slam3_ros2_wrapper) StderrLine: {'line': b'      |           \x1b[01;36m\x1b[K^~~~~~~~~~\x1b[m\x1b[K\n'}
[18.362517] (orb_slam3_ros2_wrapper) StderrLine: {'line': b'\n'}
[18.367977] (orb_slam3_ros2_wrapper) StderrLine: {'line': b'In file included from \x1b[01m\x1b[K/home/orb/ORB_SLAM3/Thirdparty/g2o/g2o/types/types_six_dof_expmap.h:37\x1b[m\x1b[K,\n'}
[18.368215] (orb_slam3_ros2_wrapper) StderrLine: {'line': b'                 from \x1b[01m\x1b[K/home/orb/ORB_SLAM3/include/Converter.h:26\x1b[m\x1b[K,\n'}
[18.368354] (orb_slam3_ros2_wrapper) StderrLine: {'line': b'                 from \x1b[01m\x1b[K/home/orb/ORB_SLAM3/include/Frame.h:33\x1b[m\x1b[K,\n'}
[18.368466] (orb_slam3_ros2_wrapper) StderrLine: {'line': b'                 from \x1b[01m\x1b[K/home/orb/ORB_SLAM3/include/KeyFrame.h:28\x1b[m\x1b[K,\n'}
[18.368574] (orb_slam3_ros2_wrapper) StderrLine: {'line': b'                 from \x1b[01m\x1b[K/home/orb/ORB_SLAM3/include/MapPoint.h:23\x1b[m\x1b[K,\n'}
[18.368675] (orb_slam3_ros2_wrapper) StderrLine: {'line': b'                 from \x1b[01m\x1b[K/root/colcon_ws/src/orb_slam3_ros2_wrapper/include/orb_slam3_ros2_wrapper/type_conversion.hpp:26\x1b[m\x1b[K,\n'}
[18.368802] (orb_slam3_ros2_wrapper) StderrLine: {'line': b'                 from \x1b[01m\x1b[K/root/colcon_ws/src/orb_slam3_ros2_wrapper/src/type_conversion.cpp:7\x1b[m\x1b[K:\n'}
[18.368926] (orb_slam3_ros2_wrapper) StderrLine: {'line': b'/home/orb/ORB_SLAM3/Thirdparty/g2o/g2o/types/../core/base_vertex.h: In instantiation of \xe2\x80\x98\x1b[01m\x1b[Kclass g2o::BaseVertex<7, g2o::Sim3>\x1b[m\x1b[K\xe2\x80\x99:\n'}
[18.369036] (orb_slam3_ros2_wrapper) StderrLine: {'line': b'\x1b[01m\x1b[K/home/orb/ORB_SLAM3/Thirdparty/g2o/g2o/types/types_seven_dof_expmap.h:48:35:\x1b[m\x1b[K   required from here\n'}
[18.369140] (orb_slam3_ros2_wrapper) StderrLine: {'line': b'\x1b[01m\x1b[K/home/orb/ORB_SLAM3/Thirdparty/g2o/g2o/types/../core/base_vertex.h:62:72:\x1b[m\x1b[K \x1b[01;35m\x1b[Kwarning: \x1b[m\x1b[K\xe2\x80\x98\x1b[01m\x1b[KEigen::AlignedBit\x1b[m\x1b[K\xe2\x80\x99 is deprecated [\x1b[01;35m\x1b[K-Wdeprecated-declarations\x1b[m\x1b[K]\n'}
[18.369250] (orb_slam3_ros2_wrapper) StderrLine: {'line': b'   62 |     typedef Eigen::Map<Matrix<double, D, D>, Matrix<double,D,D>::\x1b[01;35m\x1b[KFlags & AlignedBit\x1b[m\x1b[K ? Aligned : Unaligned >  HessianBlockType;\n'}
[18.369357] (orb_slam3_ros2_wrapper) StderrLine: {'line': b'      |                                                                  \x1b[01;35m\x1b[K~~~~~~^~~~~~~~~~~~\x1b[m\x1b[K\n'}
[18.369469] (orb_slam3_ros2_wrapper) StderrLine: {'line': b'In file included from \x1b[01m\x1b[K/usr/include/eigen3/Eigen/Core:161\x1b[m\x1b[K,\n'}
[18.369560] (orb_slam3_ros2_wrapper) StderrLine: {'line': b'                 from \x1b[01m\x1b[K/root/colcon_ws/src/orb_slam3_ros2_wrapper/include/orb_slam3_ros2_wrapper/type_conversion.hpp:10\x1b[m\x1b[K,\n'}
[18.369654] (orb_slam3_ros2_wrapper) StderrLine: {'line': b'                 from \x1b[01m\x1b[K/root/colcon_ws/src/orb_slam3_ros2_wrapper/src/type_conversion.cpp:7\x1b[m\x1b[K:\n'}
[18.369761] (orb_slam3_ros2_wrapper) StderrLine: {'line': b'\x1b[01m\x1b[K/usr/include/eigen3/Eigen/src/Core/util/Constants.h:167:37:\x1b[m\x1b[K \x1b[01;36m\x1b[Knote: \x1b[m\x1b[Kdeclared here\n'}
[18.369885] (orb_slam3_ros2_wrapper) StderrLine: {'line': b'  167 | EIGEN_DEPRECATED const unsigned int \x1b[01;36m\x1b[KAlignedBit\x1b[m\x1b[K = 0x80;\n'}
[18.369988] (orb_slam3_ros2_wrapper) StderrLine: {'line': b'      |                                     \x1b[01;36m\x1b[K^~~~~~~~~~\x1b[m\x1b[K\n'}
[18.432748] (orb_slam3_ros2_wrapper) StderrLine: {'line': b'In file included from \x1b[01m\x1b[K/home/orb/ORB_SLAM3/Thirdparty/g2o/g2o/types/types_six_dof_expmap.h:38\x1b[m\x1b[K,\n'}
[18.433099] (orb_slam3_ros2_wrapper) StderrLine: {'line': b'                 from \x1b[01m\x1b[K/home/orb/ORB_SLAM3/include/Converter.h:26\x1b[m\x1b[K,\n'}
[18.433236] (orb_slam3_ros2_wrapper) StderrLine: {'line': b'                 from \x1b[01m\x1b[K/home/orb/ORB_SLAM3/include/Frame.h:33\x1b[m\x1b[K,\n'}
[18.433367] (orb_slam3_ros2_wrapper) StderrLine: {'line': b'                 from \x1b[01m\x1b[K/home/orb/ORB_SLAM3/include/KeyFrame.h:28\x1b[m\x1b[K,\n'}
[18.433484] (orb_slam3_ros2_wrapper) StderrLine: {'line': b'                 from \x1b[01m\x1b[K/home/orb/ORB_SLAM3/include/MapPoint.h:23\x1b[m\x1b[K,\n'}
[18.433606] (orb_slam3_ros2_wrapper) StderrLine: {'line': b'                 from \x1b[01m\x1b[K/root/colcon_ws/src/orb_slam3_ros2_wrapper/include/orb_slam3_ros2_wrapper/type_conversion.hpp:26\x1b[m\x1b[K,\n'}
[18.433721] (orb_slam3_ros2_wrapper) StderrLine: {'line': b'                 from \x1b[01m\x1b[K/root/colcon_ws/src/orb_slam3_ros2_wrapper/src/type_conversion.cpp:7\x1b[m\x1b[K:\n'}
[18.433850] (orb_slam3_ros2_wrapper) StderrLine: {'line': b'/home/orb/ORB_SLAM3/Thirdparty/g2o/g2o/types/../core/base_binary_edge.h: In instantiation of \xe2\x80\x98\x1b[01m\x1b[Kclass g2o::BaseBinaryEdge<7, g2o::Sim3, g2o::VertexSim3Expmap, g2o::VertexSim3Expmap>\x1b[m\x1b[K\xe2\x80\x99:\n'}
[18.433967] (orb_slam3_ros2_wrapper) StderrLine: {'line': b'\x1b[01m\x1b[K/home/orb/ORB_SLAM3/Thirdparty/g2o/g2o/types/types_seven_dof_expmap.h:99:27:\x1b[m\x1b[K   required from here\n'}
[18.434075] (orb_slam3_ros2_wrapper) StderrLine: {'line': b'\x1b[01m\x1b[K/home/orb/ORB_SLAM3/Thirdparty/g2o/g2o/types/../core/base_binary_edge.h:59:80:\x1b[m\x1b[K \x1b[01;35m\x1b[Kwarning: \x1b[m\x1b[K\xe2\x80\x98\x1b[01m\x1b[KEigen::AlignedBit\x1b[m\x1b[K\xe2\x80\x99 is deprecated [\x1b[01;35m\x1b[K-Wdeprecated-declarations\x1b[m\x1b[K]\n'}
[18.434190] (orb_slam3_ros2_wrapper) StderrLine: {'line': b'   59 |       typedef Eigen::Map<Matrix<double, Di, Dj>, Matrix<double, Di, Dj>::\x1b[01;35m\x1b[KFlags & AlignedBit\x1b[m\x1b[K ? Aligned : Unaligned > HessianBlockType;\n'}
[18.434301] (orb_slam3_ros2_wrapper) StderrLine: {'line': b'      |                                                                          \x1b[01;35m\x1b[K~~~~~~^~~~~~~~~~~~\x1b[m\x1b[K\n'}
[18.434405] (orb_slam3_ros2_wrapper) StderrLine: {'line': b'In file included from \x1b[01m\x1b[K/usr/include/eigen3/Eigen/Core:161\x1b[m\x1b[K,\n'}
[18.434516] (orb_slam3_ros2_wrapper) StderrLine: {'line': b'                 from \x1b[01m\x1b[K/root/colcon_ws/src/orb_slam3_ros2_wrapper/include/orb_slam3_ros2_wrapper/type_conversion.hpp:10\x1b[m\x1b[K,\n'}
[18.434624] (orb_slam3_ros2_wrapper) StderrLine: {'line': b'                 from \x1b[01m\x1b[K/root/colcon_ws/src/orb_slam3_ros2_wrapper/src/type_conversion.cpp:7\x1b[m\x1b[K:\n'}
[18.434733] (orb_slam3_ros2_wrapper) StderrLine: {'line': b'\x1b[01m\x1b[K/usr/include/eigen3/Eigen/src/Core/util/Constants.h:167:37:\x1b[m\x1b[K \x1b[01;36m\x1b[Knote: \x1b[m\x1b[Kdeclared here\n'}
[18.434864] (orb_slam3_ros2_wrapper) StderrLine: {'line': b'  167 | EIGEN_DEPRECATED const unsigned int \x1b[01;36m\x1b[KAlignedBit\x1b[m\x1b[K = 0x80;\n'}
[18.434974] (orb_slam3_ros2_wrapper) StderrLine: {'line': b'      |                                     \x1b[01;36m\x1b[K^~~~~~~~~~\x1b[m\x1b[K\n'}
[18.435078] (orb_slam3_ros2_wrapper) StderrLine: {'line': b'In file included from \x1b[01m\x1b[K/home/orb/ORB_SLAM3/Thirdparty/g2o/g2o/types/types_six_dof_expmap.h:38\x1b[m\x1b[K,\n'}
[18.435189] (orb_slam3_ros2_wrapper) StderrLine: {'line': b'                 from \x1b[01m\x1b[K/home/orb/ORB_SLAM3/include/Converter.h:26\x1b[m\x1b[K,\n'}
[18.435296] (orb_slam3_ros2_wrapper) StderrLine: {'line': b'                 from \x1b[01m\x1b[K/home/orb/ORB_SLAM3/include/Frame.h:33\x1b[m\x1b[K,\n'}
[18.435415] (orb_slam3_ros2_wrapper) StderrLine: {'line': b'                 from \x1b[01m\x1b[K/home/orb/ORB_SLAM3/include/KeyFrame.h:28\x1b[m\x1b[K,\n'}
[18.435524] (orb_slam3_ros2_wrapper) StderrLine: {'line': b'                 from \x1b[01m\x1b[K/home/orb/ORB_SLAM3/include/MapPoint.h:23\x1b[m\x1b[K,\n'}
[18.435634] (orb_slam3_ros2_wrapper) StderrLine: {'line': b'                 from \x1b[01m\x1b[K/root/colcon_ws/src/orb_slam3_ros2_wrapper/include/orb_slam3_ros2_wrapper/type_conversion.hpp:26\x1b[m\x1b[K,\n'}
[18.435741] (orb_slam3_ros2_wrapper) StderrLine: {'line': b'                 from \x1b[01m\x1b[K/root/colcon_ws/src/orb_slam3_ros2_wrapper/src/type_conversion.cpp:7\x1b[m\x1b[K:\n'}
[18.435869] (orb_slam3_ros2_wrapper) StderrLine: {'line': b'\x1b[01m\x1b[K/home/orb/ORB_SLAM3/Thirdparty/g2o/g2o/types/../core/base_binary_edge.h:60:80:\x1b[m\x1b[K \x1b[01;35m\x1b[Kwarning: \x1b[m\x1b[K\xe2\x80\x98\x1b[01m\x1b[KEigen::AlignedBit\x1b[m\x1b[K\xe2\x80\x99 is deprecated [\x1b[01;35m\x1b[K-Wdeprecated-declarations\x1b[m\x1b[K]\n'}
[18.435990] (orb_slam3_ros2_wrapper) StderrLine: {'line': b'   60 |       typedef Eigen::Map<Matrix<double, Dj, Di>, Matrix<double, Dj, Di>::\x1b[01;35m\x1b[KFlags & AlignedBit\x1b[m\x1b[K ? Aligned : Unaligned > HessianBlockTransposedType;\n'}
[18.436099] (orb_slam3_ros2_wrapper) StderrLine: {'line': b'      |                                                                          \x1b[01;35m\x1b[K~~~~~~^~~~~~~~~~~~\x1b[m\x1b[K\n'}
[18.436203] (orb_slam3_ros2_wrapper) StderrLine: {'line': b'In file included from \x1b[01m\x1b[K/usr/include/eigen3/Eigen/Core:161\x1b[m\x1b[K,\n'}
[18.436314] (orb_slam3_ros2_wrapper) StderrLine: {'line': b'                 from \x1b[01m\x1b[K/root/colcon_ws/src/orb_slam3_ros2_wrapper/include/orb_slam3_ros2_wrapper/type_conversion.hpp:10\x1b[m\x1b[K,\n'}
[18.436423] (orb_slam3_ros2_wrapper) StderrLine: {'line': b'                 from \x1b[01m\x1b[K/root/colcon_ws/src/orb_slam3_ros2_wrapper/src/type_conversion.cpp:7\x1b[m\x1b[K:\n'}
[18.436528] (orb_slam3_ros2_wrapper) StderrLine: {'line': b'\x1b[01m\x1b[K/usr/include/eigen3/Eigen/src/Core/util/Constants.h:167:37:\x1b[m\x1b[K \x1b[01;36m\x1b[Knote: \x1b[m\x1b[Kdeclared here\n'}
[18.436639] (orb_slam3_ros2_wrapper) StderrLine: {'line': b'  167 | EIGEN_DEPRECATED const unsigned int \x1b[01;36m\x1b[KAlignedBit\x1b[m\x1b[K = 0x80;\n'}
[18.436739] (orb_slam3_ros2_wrapper) StderrLine: {'line': b'      |                                     \x1b[01;36m\x1b[K^~~~~~~~~~\x1b[m\x1b[K\n'}
[18.443112] (-) TimerEvent: {}
[18.529995] (orb_slam3_ros2_wrapper) StderrLine: {'line': b'In file included from \x1b[01m\x1b[K/home/orb/ORB_SLAM3/Thirdparty/g2o/g2o/types/types_six_dof_expmap.h:38\x1b[m\x1b[K,\n'}
[18.530231] (orb_slam3_ros2_wrapper) StderrLine: {'line': b'                 from \x1b[01m\x1b[K/home/orb/ORB_SLAM3/include/Converter.h:26\x1b[m\x1b[K,\n'}
[18.530347] (orb_slam3_ros2_wrapper) StderrLine: {'line': b'                 from \x1b[01m\x1b[K/home/orb/ORB_SLAM3/include/Frame.h:33\x1b[m\x1b[K,\n'}
[18.530469] (orb_slam3_ros2_wrapper) StderrLine: {'line': b'                 from \x1b[01m\x1b[K/home/orb/ORB_SLAM3/include/KeyFrame.h:28\x1b[m\x1b[K,\n'}
[18.530569] (orb_slam3_ros2_wrapper) StderrLine: {'line': b'                 from \x1b[01m\x1b[K/home/orb/ORB_SLAM3/include/MapPoint.h:23\x1b[m\x1b[K,\n'}
[18.530672] (orb_slam3_ros2_wrapper) StderrLine: {'line': b'                 from \x1b[01m\x1b[K/root/colcon_ws/src/orb_slam3_ros2_wrapper/include/orb_slam3_ros2_wrapper/type_conversion.hpp:26\x1b[m\x1b[K,\n'}
[18.530806] (orb_slam3_ros2_wrapper) StderrLine: {'line': b'                 from \x1b[01m\x1b[K/root/colcon_ws/src/orb_slam3_ros2_wrapper/src/type_conversion.cpp:7\x1b[m\x1b[K:\n'}
[18.530928] (orb_slam3_ros2_wrapper) StderrLine: {'line': b'/home/orb/ORB_SLAM3/Thirdparty/g2o/g2o/types/../core/base_binary_edge.h: In instantiation of \xe2\x80\x98\x1b[01m\x1b[Kclass g2o::BaseBinaryEdge<2, Eigen::Matrix<double, 2, 1>, g2o::VertexSBAPointXYZ, g2o::VertexSim3Expmap>\x1b[m\x1b[K\xe2\x80\x99:\n'}
[18.531042] (orb_slam3_ros2_wrapper) StderrLine: {'line': b'\x1b[01m\x1b[K/home/orb/ORB_SLAM3/Thirdparty/g2o/g2o/types/types_seven_dof_expmap.h:130:36:\x1b[m\x1b[K   required from here\n'}
[18.531152] (orb_slam3_ros2_wrapper) StderrLine: {'line': b'\x1b[01m\x1b[K/home/orb/ORB_SLAM3/Thirdparty/g2o/g2o/types/../core/base_binary_edge.h:59:80:\x1b[m\x1b[K \x1b[01;35m\x1b[Kwarning: \x1b[m\x1b[K\xe2\x80\x98\x1b[01m\x1b[KEigen::AlignedBit\x1b[m\x1b[K\xe2\x80\x99 is deprecated [\x1b[01;35m\x1b[K-Wdeprecated-declarations\x1b[m\x1b[K]\n'}
[18.531256] (orb_slam3_ros2_wrapper) StderrLine: {'line': b'   59 |       typedef Eigen::Map<Matrix<double, Di, Dj>, Matrix<double, Di, Dj>::\x1b[01;35m\x1b[KFlags & AlignedBit\x1b[m\x1b[K ? Aligned : Unaligned > HessianBlockType;\n'}
[18.531358] (orb_slam3_ros2_wrapper) StderrLine: {'line': b'      |                                                                          \x1b[01;35m\x1b[K~~~~~~^~~~~~~~~~~~\x1b[m\x1b[K\n'}
[18.531469] (orb_slam3_ros2_wrapper) StderrLine: {'line': b'In file included from \x1b[01m\x1b[K/usr/include/eigen3/Eigen/Core:161\x1b[m\x1b[K,\n'}
[18.531571] (orb_slam3_ros2_wrapper) StderrLine: {'line': b'                 from \x1b[01m\x1b[K/root/colcon_ws/src/orb_slam3_ros2_wrapper/include/orb_slam3_ros2_wrapper/type_conversion.hpp:10\x1b[m\x1b[K,\n'}
[18.531673] (orb_slam3_ros2_wrapper) StderrLine: {'line': b'                 from \x1b[01m\x1b[K/root/colcon_ws/src/orb_slam3_ros2_wrapper/src/type_conversion.cpp:7\x1b[m\x1b[K:\n'}
[18.531773] (orb_slam3_ros2_wrapper) StderrLine: {'line': b'\x1b[01m\x1b[K/usr/include/eigen3/Eigen/src/Core/util/Constants.h:167:37:\x1b[m\x1b[K \x1b[01;36m\x1b[Knote: \x1b[m\x1b[Kdeclared here\n'}
[18.531901] (orb_slam3_ros2_wrapper) StderrLine: {'line': b'  167 | EIGEN_DEPRECATED const unsigned int \x1b[01;36m\x1b[KAlignedBit\x1b[m\x1b[K = 0x80;\n'}
[18.532007] (orb_slam3_ros2_wrapper) StderrLine: {'line': b'      |                                     \x1b[01;36m\x1b[K^~~~~~~~~~\x1b[m\x1b[K\n'}
[18.543226] (-) TimerEvent: {}
[18.552691] (orb_slam3_ros2_wrapper) StderrLine: {'line': b'In file included from \x1b[01m\x1b[K/home/orb/ORB_SLAM3/include/Frame.h:30\x1b[m\x1b[K,\n'}
[18.552984] (orb_slam3_ros2_wrapper) StderrLine: {'line': b'                 from \x1b[01m\x1b[K/home/orb/ORB_SLAM3/include/KeyFrame.h:28\x1b[m\x1b[K,\n'}
[18.553135] (orb_slam3_ros2_wrapper) StderrLine: {'line': b'                 from \x1b[01m\x1b[K/home/orb/ORB_SLAM3/include/MapPoint.h:23\x1b[m\x1b[K,\n'}
[18.553272] (orb_slam3_ros2_wrapper) StderrLine: {'line': b'                 from \x1b[01m\x1b[K/root/colcon_ws/src/orb_slam3_ros2_wrapper/include/orb_slam3_ros2_wrapper/type_conversion.hpp:26\x1b[m\x1b[K,\n'}
[18.553399] (orb_slam3_ros2_wrapper) StderrLine: {'line': b'                 from \x1b[01m\x1b[K/root/colcon_ws/src/orb_slam3_ros2_wrapper/src/rgbd/rgbd-slam-node.hpp:40\x1b[m\x1b[K,\n'}
[18.553549] (orb_slam3_ros2_wrapper) StderrLine: {'line': b'                 from \x1b[01m\x1b[K/root/colcon_ws/src/orb_slam3_ros2_wrapper/src/rgbd/rgbd.cpp:7\x1b[m\x1b[K:\n'}
[18.553705] (orb_slam3_ros2_wrapper) StderrLine: {'line': b'\x1b[01m\x1b[K/home/orb/ORB_SLAM3/include/ImuTypes.h:\x1b[m\x1b[K In member function \xe2\x80\x98\x1b[01m\x1b[Kvoid ORB_SLAM3::IMU::Preintegrated::printMeasurements() const\x1b[m\x1b[K\xe2\x80\x99:\n'}
[18.553847] (orb_slam3_ros2_wrapper) StderrLine: {'line': b'\x1b[01m\x1b[K/home/orb/ORB_SLAM3/include/ImuTypes.h:204:23:\x1b[m\x1b[K \x1b[01;35m\x1b[Kwarning: \x1b[m\x1b[Kcomparison of integer expressions of different signedness: \xe2\x80\x98\x1b[01m\x1b[Kint\x1b[m\x1b[K\xe2\x80\x99 and \xe2\x80\x98\x1b[01m\x1b[Kstd::vector<ORB_SLAM3::IMU::Preintegrated::integrable>::size_type\x1b[m\x1b[K\xe2\x80\x99 {aka \xe2\x80\x98\x1b[01m\x1b[Klong unsigned int\x1b[m\x1b[K\xe2\x80\x99} [\x1b[01;35m\x1b[K-Wsign-compare\x1b[m\x1b[K]\n'}
[18.553991] (orb_slam3_ros2_wrapper) StderrLine: {'line': b'  204 |         for(int i=0; \x1b[01;35m\x1b[Ki<mvMeasurements.size()\x1b[m\x1b[K; i++){\n'}
[18.554114] (orb_slam3_ros2_wrapper) StderrLine: {'line': b'      |                      \x1b[01;35m\x1b[K~^~~~~~~~~~~~~~~~~~~~~~\x1b[m\x1b[K\n'}
[18.563597] (orb_slam3_ros2_wrapper) StderrLine: {'line': b'In file included from \x1b[01m\x1b[K/home/orb/ORB_SLAM3/Thirdparty/g2o/g2o/types/types_six_dof_expmap.h:38\x1b[m\x1b[K,\n'}
[18.563891] (orb_slam3_ros2_wrapper) StderrLine: {'line': b'                 from \x1b[01m\x1b[K/home/orb/ORB_SLAM3/include/Converter.h:26\x1b[m\x1b[K,\n'}
[18.564027] (orb_slam3_ros2_wrapper) StderrLine: {'line': b'                 from \x1b[01m\x1b[K/home/orb/ORB_SLAM3/include/Frame.h:33\x1b[m\x1b[K,\n'}
[18.564130] (orb_slam3_ros2_wrapper) StderrLine: {'line': b'                 from \x1b[01m\x1b[K/home/orb/ORB_SLAM3/include/KeyFrame.h:28\x1b[m\x1b[K,\n'}
[18.564223] (orb_slam3_ros2_wrapper) StderrLine: {'line': b'                 from \x1b[01m\x1b[K/home/orb/ORB_SLAM3/include/MapPoint.h:23\x1b[m\x1b[K,\n'}
[18.564438] (orb_slam3_ros2_wrapper) StderrLine: {'line': b'                 from \x1b[01m\x1b[K/root/colcon_ws/src/orb_slam3_ros2_wrapper/include/orb_slam3_ros2_wrapper/type_conversion.hpp:26\x1b[m\x1b[K,\n'}
[18.564563] (orb_slam3_ros2_wrapper) StderrLine: {'line': b'                 from \x1b[01m\x1b[K/root/colcon_ws/src/orb_slam3_ros2_wrapper/src/type_conversion.cpp:7\x1b[m\x1b[K:\n'}
[18.564655] (orb_slam3_ros2_wrapper) StderrLine: {'line': b'\x1b[01m\x1b[K/home/orb/ORB_SLAM3/Thirdparty/g2o/g2o/types/../core/base_binary_edge.h:60:80:\x1b[m\x1b[K \x1b[01;35m\x1b[Kwarning: \x1b[m\x1b[K\xe2\x80\x98\x1b[01m\x1b[KEigen::AlignedBit\x1b[m\x1b[K\xe2\x80\x99 is deprecated [\x1b[01;35m\x1b[K-Wdeprecated-declarations\x1b[m\x1b[K]\n'}
[18.564756] (orb_slam3_ros2_wrapper) StderrLine: {'line': b'   60 |       typedef Eigen::Map<Matrix<double, Dj, Di>, Matrix<double, Dj, Di>::\x1b[01;35m\x1b[KFlags & AlignedBit\x1b[m\x1b[K ? Aligned : Unaligned > HessianBlockTransposedType;\n'}
[18.564878] (orb_slam3_ros2_wrapper) StderrLine: {'line': b'      |                                                                          \x1b[01;35m\x1b[K~~~~~~^~~~~~~~~~~~\x1b[m\x1b[K\n'}
[18.564972] (orb_slam3_ros2_wrapper) StderrLine: {'line': b'In file included from \x1b[01m\x1b[K/usr/include/eigen3/Eigen/Core:161\x1b[m\x1b[K,\n'}
[18.565064] (orb_slam3_ros2_wrapper) StderrLine: {'line': b'                 from \x1b[01m\x1b[K/root/colcon_ws/src/orb_slam3_ros2_wrapper/include/orb_slam3_ros2_wrapper/type_conversion.hpp:10\x1b[m\x1b[K,\n'}
[18.565154] (orb_slam3_ros2_wrapper) StderrLine: {'line': b'                 from \x1b[01m\x1b[K/root/colcon_ws/src/orb_slam3_ros2_wrapper/src/type_conversion.cpp:7\x1b[m\x1b[K:\n'}
[18.565241] (orb_slam3_ros2_wrapper) StderrLine: {'line': b'\x1b[01m\x1b[K/usr/include/eigen3/Eigen/src/Core/util/Constants.h:167:37:\x1b[m\x1b[K \x1b[01;36m\x1b[Knote: \x1b[m\x1b[Kdeclared here\n'}
[18.565329] (orb_slam3_ros2_wrapper) StderrLine: {'line': b'  167 | EIGEN_DEPRECATED const unsigned int \x1b[01;36m\x1b[KAlignedBit\x1b[m\x1b[K = 0x80;\n'}
[18.565420] (orb_slam3_ros2_wrapper) StderrLine: {'line': b'      |                                     \x1b[01;36m\x1b[K^~~~~~~~~~\x1b[m\x1b[K\n'}
[18.643335] (-) TimerEvent: {}
[18.673014] (orb_slam3_ros2_wrapper) StderrLine: {'line': b'In file included from \x1b[01m\x1b[K/home/orb/ORB_SLAM3/Thirdparty/g2o/g2o/types/types_six_dof_expmap.h:37\x1b[m\x1b[K,\n'}
[18.673316] (orb_slam3_ros2_wrapper) StderrLine: {'line': b'                 from \x1b[01m\x1b[K/home/orb/ORB_SLAM3/include/Converter.h:26\x1b[m\x1b[K,\n'}
[18.673437] (orb_slam3_ros2_wrapper) StderrLine: {'line': b'                 from \x1b[01m\x1b[K/home/orb/ORB_SLAM3/include/Frame.h:33\x1b[m\x1b[K,\n'}
[18.673537] (orb_slam3_ros2_wrapper) StderrLine: {'line': b'                 from \x1b[01m\x1b[K/home/orb/ORB_SLAM3/include/KeyFrame.h:28\x1b[m\x1b[K,\n'}
[18.673633] (orb_slam3_ros2_wrapper) StderrLine: {'line': b'                 from \x1b[01m\x1b[K/home/orb/ORB_SLAM3/include/MapPoint.h:23\x1b[m\x1b[K,\n'}
[18.673850] (orb_slam3_ros2_wrapper) StderrLine: {'line': b'                 from \x1b[01m\x1b[K/root/colcon_ws/src/orb_slam3_ros2_wrapper/include/orb_slam3_ros2_wrapper/type_conversion.hpp:26\x1b[m\x1b[K,\n'}
[18.673968] (orb_slam3_ros2_wrapper) StderrLine: {'line': b'                 from \x1b[01m\x1b[K/root/colcon_ws/src/orb_slam3_ros2_wrapper/src/rgbd/rgbd-slam-node.hpp:40\x1b[m\x1b[K,\n'}
[18.674070] (orb_slam3_ros2_wrapper) StderrLine: {'line': b'                 from \x1b[01m\x1b[K/root/colcon_ws/src/orb_slam3_ros2_wrapper/src/rgbd/rgbd.cpp:7\x1b[m\x1b[K:\n'}
[18.674167] (orb_slam3_ros2_wrapper) StderrLine: {'line': b'\x1b[01m\x1b[K/home/orb/ORB_SLAM3/Thirdparty/g2o/g2o/types/../core/base_vertex.h:\x1b[m\x1b[K At global scope:\n'}
[18.674264] (orb_slam3_ros2_wrapper) StderrLine: {'line': b'\x1b[01m\x1b[K/home/orb/ORB_SLAM3/Thirdparty/g2o/g2o/types/../core/base_vertex.h:62:74:\x1b[m\x1b[K \x1b[01;35m\x1b[Kwarning: \x1b[m\x1b[K\xe2\x80\x98\x1b[01m\x1b[KEigen::AlignedBit\x1b[m\x1b[K\xe2\x80\x99 is deprecated [\x1b[01;35m\x1b[K-Wdeprecated-declarations\x1b[m\x1b[K]\n'}
[18.674367] (orb_slam3_ros2_wrapper) StderrLine: {'line': b'   62 |     typedef Eigen::Map<Matrix<double, D, D>, Matrix<double,D,D>::Flags & \x1b[01;35m\x1b[KAlignedBit\x1b[m\x1b[K ? Aligned : Unaligned >  HessianBlockType;\n'}
[18.674482] (orb_slam3_ros2_wrapper) StderrLine: {'line': b'      |                                                                          \x1b[01;35m\x1b[K^~~~~~~~~~\x1b[m\x1b[K\n'}
[18.674576] (orb_slam3_ros2_wrapper) StderrLine: {'line': b'In file included from \x1b[01m\x1b[K/usr/include/eigen3/Eigen/Core:161\x1b[m\x1b[K,\n'}
[18.674670] (orb_slam3_ros2_wrapper) StderrLine: {'line': b'                 from \x1b[01m\x1b[K/root/colcon_ws/src/orb_slam3_ros2_wrapper/include/orb_slam3_ros2_wrapper/type_conversion.hpp:10\x1b[m\x1b[K,\n'}
[18.674764] (orb_slam3_ros2_wrapper) StderrLine: {'line': b'                 from \x1b[01m\x1b[K/root/colcon_ws/src/orb_slam3_ros2_wrapper/src/rgbd/rgbd-slam-node.hpp:40\x1b[m\x1b[K,\n'}
[18.674885] (orb_slam3_ros2_wrapper) StderrLine: {'line': b'                 from \x1b[01m\x1b[K/root/colcon_ws/src/orb_slam3_ros2_wrapper/src/rgbd/rgbd.cpp:7\x1b[m\x1b[K:\n'}
[18.675001] (orb_slam3_ros2_wrapper) StderrLine: {'line': b'\x1b[01m\x1b[K/usr/include/eigen3/Eigen/src/Core/util/Constants.h:167:37:\x1b[m\x1b[K \x1b[01;36m\x1b[Knote: \x1b[m\x1b[Kdeclared here\n'}
[18.675097] (orb_slam3_ros2_wrapper) StderrLine: {'line': b'  167 | EIGEN_DEPRECATED const unsigned int \x1b[01;36m\x1b[KAlignedBit\x1b[m\x1b[K = 0x80;\n'}
[18.675195] (orb_slam3_ros2_wrapper) StderrLine: {'line': b'      |                                     \x1b[01;36m\x1b[K^~~~~~~~~~\x1b[m\x1b[K\n'}
[18.686094] (orb_slam3_ros2_wrapper) StderrLine: {'line': b'In file included from \x1b[01m\x1b[K/home/orb/ORB_SLAM3/Thirdparty/g2o/g2o/types/types_six_dof_expmap.h:38\x1b[m\x1b[K,\n'}
[18.686323] (orb_slam3_ros2_wrapper) StderrLine: {'line': b'                 from \x1b[01m\x1b[K/home/orb/ORB_SLAM3/include/Converter.h:26\x1b[m\x1b[K,\n'}
[18.686433] (orb_slam3_ros2_wrapper) StderrLine: {'line': b'                 from \x1b[01m\x1b[K/home/orb/ORB_SLAM3/include/Frame.h:33\x1b[m\x1b[K,\n'}
[18.686535] (orb_slam3_ros2_wrapper) StderrLine: {'line': b'                 from \x1b[01m\x1b[K/home/orb/ORB_SLAM3/include/KeyFrame.h:28\x1b[m\x1b[K,\n'}
[18.686635] (orb_slam3_ros2_wrapper) StderrLine: {'line': b'                 from \x1b[01m\x1b[K/home/orb/ORB_SLAM3/include/MapPoint.h:23\x1b[m\x1b[K,\n'}
[18.686734] (orb_slam3_ros2_wrapper) StderrLine: {'line': b'                 from \x1b[01m\x1b[K/root/colcon_ws/src/orb_slam3_ros2_wrapper/include/orb_slam3_ros2_wrapper/type_conversion.hpp:26\x1b[m\x1b[K,\n'}
[18.686852] (orb_slam3_ros2_wrapper) StderrLine: {'line': b'                 from \x1b[01m\x1b[K/root/colcon_ws/src/orb_slam3_ros2_wrapper/src/rgbd/rgbd-slam-node.hpp:40\x1b[m\x1b[K,\n'}
[18.686955] (orb_slam3_ros2_wrapper) StderrLine: {'line': b'                 from \x1b[01m\x1b[K/root/colcon_ws/src/orb_slam3_ros2_wrapper/src/rgbd/rgbd.cpp:7\x1b[m\x1b[K:\n'}
[18.687061] (orb_slam3_ros2_wrapper) StderrLine: {'line': b'\x1b[01m\x1b[K/home/orb/ORB_SLAM3/Thirdparty/g2o/g2o/types/../core/base_binary_edge.h:59:82:\x1b[m\x1b[K \x1b[01;35m\x1b[Kwarning: \x1b[m\x1b[K\xe2\x80\x98\x1b[01m\x1b[KEigen::AlignedBit\x1b[m\x1b[K\xe2\x80\x99 is deprecated [\x1b[01;35m\x1b[K-Wdeprecated-declarations\x1b[m\x1b[K]\n'}
[18.687163] (orb_slam3_ros2_wrapper) StderrLine: {'line': b'   59 |       typedef Eigen::Map<Matrix<double, Di, Dj>, Matrix<double, Di, Dj>::Flags & \x1b[01;35m\x1b[KAlignedBit\x1b[m\x1b[K ? Aligned : Unaligned > HessianBlockType;\n'}
[18.687260] (orb_slam3_ros2_wrapper) StderrLine: {'line': b'      |                                                                                  \x1b[01;35m\x1b[K^~~~~~~~~~\x1b[m\x1b[K\n'}
[18.687353] (orb_slam3_ros2_wrapper) StderrLine: {'line': b'In file included from \x1b[01m\x1b[K/usr/include/eigen3/Eigen/Core:161\x1b[m\x1b[K,\n'}
[18.687443] (orb_slam3_ros2_wrapper) StderrLine: {'line': b'                 from \x1b[01m\x1b[K/root/colcon_ws/src/orb_slam3_ros2_wrapper/include/orb_slam3_ros2_wrapper/type_conversion.hpp:10\x1b[m\x1b[K,\n'}
[18.687544] (orb_slam3_ros2_wrapper) StderrLine: {'line': b'                 from \x1b[01m\x1b[K/root/colcon_ws/src/orb_slam3_ros2_wrapper/src/rgbd/rgbd-slam-node.hpp:40\x1b[m\x1b[K,\n'}
[18.687636] (orb_slam3_ros2_wrapper) StderrLine: {'line': b'                 from \x1b[01m\x1b[K/root/colcon_ws/src/orb_slam3_ros2_wrapper/src/rgbd/rgbd.cpp:7\x1b[m\x1b[K:\n'}
[18.687727] (orb_slam3_ros2_wrapper) StderrLine: {'line': b'\x1b[01m\x1b[K/usr/include/eigen3/Eigen/src/Core/util/Constants.h:167:37:\x1b[m\x1b[K \x1b[01;36m\x1b[Knote: \x1b[m\x1b[Kdeclared here\n'}
[18.687833] (orb_slam3_ros2_wrapper) StderrLine: {'line': b'  167 | EIGEN_DEPRECATED const unsigned int \x1b[01;36m\x1b[KAlignedBit\x1b[m\x1b[K = 0x80;\n'}
[18.687933] (orb_slam3_ros2_wrapper) StderrLine: {'line': b'      |                                     \x1b[01;36m\x1b[K^~~~~~~~~~\x1b[m\x1b[K\n'}
[18.688028] (orb_slam3_ros2_wrapper) StderrLine: {'line': b'In file included from \x1b[01m\x1b[K/home/orb/ORB_SLAM3/Thirdparty/g2o/g2o/types/types_six_dof_expmap.h:38\x1b[m\x1b[K,\n'}
[18.688121] (orb_slam3_ros2_wrapper) StderrLine: {'line': b'                 from \x1b[01m\x1b[K/home/orb/ORB_SLAM3/include/Converter.h:26\x1b[m\x1b[K,\n'}
[18.688213] (orb_slam3_ros2_wrapper) StderrLine: {'line': b'                 from \x1b[01m\x1b[K/home/orb/ORB_SLAM3/include/Frame.h:33\x1b[m\x1b[K,\n'}
[18.688305] (orb_slam3_ros2_wrapper) StderrLine: {'line': b'                 from \x1b[01m\x1b[K/home/orb/ORB_SLAM3/include/KeyFrame.h:28\x1b[m\x1b[K,\n'}
[18.688396] (orb_slam3_ros2_wrapper) StderrLine: {'line': b'                 from \x1b[01m\x1b[K/home/orb/ORB_SLAM3/include/MapPoint.h:23\x1b[m\x1b[K,\n'}
[18.688485] (orb_slam3_ros2_wrapper) StderrLine: {'line': b'                 from \x1b[01m\x1b[K/root/colcon_ws/src/orb_slam3_ros2_wrapper/include/orb_slam3_ros2_wrapper/type_conversion.hpp:26\x1b[m\x1b[K,\n'}
[18.688576] (orb_slam3_ros2_wrapper) StderrLine: {'line': b'                 from \x1b[01m\x1b[K/root/colcon_ws/src/orb_slam3_ros2_wrapper/src/rgbd/rgbd-slam-node.hpp:40\x1b[m\x1b[K,\n'}
[18.688666] (orb_slam3_ros2_wrapper) StderrLine: {'line': b'                 from \x1b[01m\x1b[K/root/colcon_ws/src/orb_slam3_ros2_wrapper/src/rgbd/rgbd.cpp:7\x1b[m\x1b[K:\n'}
[18.688773] (orb_slam3_ros2_wrapper) StderrLine: {'line': b'\x1b[01m\x1b[K/home/orb/ORB_SLAM3/Thirdparty/g2o/g2o/types/../core/base_binary_edge.h:60:82:\x1b[m\x1b[K \x1b[01;35m\x1b[Kwarning: \x1b[m\x1b[K\xe2\x80\x98\x1b[01m\x1b[KEigen::AlignedBit\x1b[m\x1b[K\xe2\x80\x99 is deprecated [\x1b[01;35m\x1b[K-Wdeprecated-declarations\x1b[m\x1b[K]\n'}
[18.688903] (orb_slam3_ros2_wrapper) StderrLine: {'line': b'   60 |       typedef Eigen::Map<Matrix<double, Dj, Di>, Matrix<double, Dj, Di>::Flags & \x1b[01;35m\x1b[KAlignedBit\x1b[m\x1b[K ? Aligned : Unaligned > HessianBlockTransposedType;\n'}
[18.689001] (orb_slam3_ros2_wrapper) StderrLine: {'line': b'      |                                                                                  \x1b[01;35m\x1b[K^~~~~~~~~~\x1b[m\x1b[K\n'}
[18.689095] (orb_slam3_ros2_wrapper) StderrLine: {'line': b'In file included from \x1b[01m\x1b[K/usr/include/eigen3/Eigen/Core:161\x1b[m\x1b[K,\n'}
[18.689190] (orb_slam3_ros2_wrapper) StderrLine: {'line': b'                 from \x1b[01m\x1b[K/root/colcon_ws/src/orb_slam3_ros2_wrapper/include/orb_slam3_ros2_wrapper/type_conversion.hpp:10\x1b[m\x1b[K,\n'}
[18.689283] (orb_slam3_ros2_wrapper) StderrLine: {'line': b'                 from \x1b[01m\x1b[K/root/colcon_ws/src/orb_slam3_ros2_wrapper/src/rgbd/rgbd-slam-node.hpp:40\x1b[m\x1b[K,\n'}
[18.689378] (orb_slam3_ros2_wrapper) StderrLine: {'line': b'                 from \x1b[01m\x1b[K/root/colcon_ws/src/orb_slam3_ros2_wrapper/src/rgbd/rgbd.cpp:7\x1b[m\x1b[K:\n'}
[18.689472] (orb_slam3_ros2_wrapper) StderrLine: {'line': b'\x1b[01m\x1b[K/usr/include/eigen3/Eigen/src/Core/util/Constants.h:167:37:\x1b[m\x1b[K \x1b[01;36m\x1b[Knote: \x1b[m\x1b[Kdeclared here\n'}
[18.689581] (orb_slam3_ros2_wrapper) StderrLine: {'line': b'  167 | EIGEN_DEPRECATED const unsigned int \x1b[01;36m\x1b[KAlignedBit\x1b[m\x1b[K = 0x80;\n'}
[18.689681] (orb_slam3_ros2_wrapper) StderrLine: {'line': b'      |                                     \x1b[01;36m\x1b[K^~~~~~~~~~\x1b[m\x1b[K\n'}
[18.703212] (orb_slam3_ros2_wrapper) StderrLine: {'line': b'In file included from \x1b[01m\x1b[K/home/orb/ORB_SLAM3/Thirdparty/g2o/g2o/types/types_six_dof_expmap.h:37\x1b[m\x1b[K,\n'}
[18.703413] (orb_slam3_ros2_wrapper) StderrLine: {'line': b'                 from \x1b[01m\x1b[K/home/orb/ORB_SLAM3/include/Converter.h:26\x1b[m\x1b[K,\n'}
[18.703520] (orb_slam3_ros2_wrapper) StderrLine: {'line': b'                 from \x1b[01m\x1b[K/home/orb/ORB_SLAM3/include/Frame.h:33\x1b[m\x1b[K,\n'}
[18.703638] (orb_slam3_ros2_wrapper) StderrLine: {'line': b'                 from \x1b[01m\x1b[K/home/orb/ORB_SLAM3/include/KeyFrame.h:28\x1b[m\x1b[K,\n'}
[18.703752] (orb_slam3_ros2_wrapper) StderrLine: {'line': b'                 from \x1b[01m\x1b[K/home/orb/ORB_SLAM3/include/MapPoint.h:23\x1b[m\x1b[K,\n'}
[18.703864] (orb_slam3_ros2_wrapper) StderrLine: {'line': b'                 from \x1b[01m\x1b[K/root/colcon_ws/src/orb_slam3_ros2_wrapper/include/orb_slam3_ros2_wrapper/type_conversion.hpp:26\x1b[m\x1b[K,\n'}
[18.703969] (orb_slam3_ros2_wrapper) StderrLine: {'line': b'                 from \x1b[01m\x1b[K/root/colcon_ws/src/orb_slam3_ros2_wrapper/src/type_conversion.cpp:7\x1b[m\x1b[K:\n'}
[18.704074] (orb_slam3_ros2_wrapper) StderrLine: {'line': b'/home/orb/ORB_SLAM3/Thirdparty/g2o/g2o/types/../core/base_vertex.h: In instantiation of \xe2\x80\x98\x1b[01m\x1b[Kclass g2o::BaseVertex<7, g2o::Sim3>\x1b[m\x1b[K\xe2\x80\x99:\n'}
[18.704174] (orb_slam3_ros2_wrapper) StderrLine: {'line': b'\x1b[01m\x1b[K/home/orb/ORB_SLAM3/Thirdparty/g2o/g2o/types/types_seven_dof_expmap.h:48:35:\x1b[m\x1b[K   required from here\n'}
[18.704270] (orb_slam3_ros2_wrapper) StderrLine: {'line': b'\x1b[01m\x1b[K/home/orb/ORB_SLAM3/Thirdparty/g2o/g2o/types/../core/base_vertex.h:62:72:\x1b[m\x1b[K \x1b[01;35m\x1b[Kwarning: \x1b[m\x1b[K\xe2\x80\x98\x1b[01m\x1b[KEigen::AlignedBit\x1b[m\x1b[K\xe2\x80\x99 is deprecated [\x1b[01;35m\x1b[K-Wdeprecated-declarations\x1b[m\x1b[K]\n'}
[18.704372] (orb_slam3_ros2_wrapper) StderrLine: {'line': b'   62 | D>::\x1b[01;35m\x1b[KFlags & AlignedBit\x1b[m\x1b[K ? Aligned : Unaligned >  HessianBlockType;\n'}
[18.704469] (orb_slam3_ros2_wrapper) StderrLine: {'line': b'      |     \x1b[01;35m\x1b[K~~~~~~^~~~~~~~~~~~\x1b[m\x1b[K\n'}
[18.704564] (orb_slam3_ros2_wrapper) StderrLine: {'line': b'\n'}
[18.704656] (orb_slam3_ros2_wrapper) StderrLine: {'line': b'In file included from \x1b[01m\x1b[K/usr/include/eigen3/Eigen/Core:161\x1b[m\x1b[K,\n'}
[18.704765] (orb_slam3_ros2_wrapper) StderrLine: {'line': b'                 from \x1b[01m\x1b[K/root/colcon_ws/src/orb_slam3_ros2_wrapper/include/orb_slam3_ros2_wrapper/type_conversion.hpp:10\x1b[m\x1b[K,\n'}
[18.704883] (orb_slam3_ros2_wrapper) StderrLine: {'line': b'                 from \x1b[01m\x1b[K/root/colcon_ws/src/orb_slam3_ros2_wrapper/src/type_conversion.cpp:7\x1b[m\x1b[K:\n'}
[18.704980] (orb_slam3_ros2_wrapper) StderrLine: {'line': b'\x1b[01m\x1b[K/usr/include/eigen3/Eigen/src/Core/util/Constants.h:167:37:\x1b[m\x1b[K \x1b[01;36m\x1b[Knote: \x1b[m\x1b[Kdeclared here\n'}
[18.705074] (orb_slam3_ros2_wrapper) StderrLine: {'line': b'  167 | igned int \x1b[01;36m\x1b[KAlignedBit\x1b[m\x1b[K = 0x80;\n'}
[18.705165] (orb_slam3_ros2_wrapper) StderrLine: {'line': b'      |           \x1b[01;36m\x1b[K^~~~~~~~~~\x1b[m\x1b[K\n'}
[18.705257] (orb_slam3_ros2_wrapper) StderrLine: {'line': b'\n'}
[18.743445] (-) TimerEvent: {}
[18.750381] (orb_slam3_ros2_wrapper) StderrLine: {'line': b'In file included from \x1b[01m\x1b[K/home/orb/ORB_SLAM3/Thirdparty/g2o/g2o/types/types_six_dof_expmap.h:38\x1b[m\x1b[K,\n'}
[18.750623] (orb_slam3_ros2_wrapper) StderrLine: {'line': b'                 from \x1b[01m\x1b[K/home/orb/ORB_SLAM3/include/Converter.h:26\x1b[m\x1b[K,\n'}
[18.750776] (orb_slam3_ros2_wrapper) StderrLine: {'line': b'                 from \x1b[01m\x1b[K/home/orb/ORB_SLAM3/include/Frame.h:33\x1b[m\x1b[K,\n'}
[18.750901] (orb_slam3_ros2_wrapper) StderrLine: {'line': b'                 from \x1b[01m\x1b[K/home/orb/ORB_SLAM3/include/KeyFrame.h:28\x1b[m\x1b[K,\n'}
[18.751030] (orb_slam3_ros2_wrapper) StderrLine: {'line': b'                 from \x1b[01m\x1b[K/home/orb/ORB_SLAM3/include/MapPoint.h:23\x1b[m\x1b[K,\n'}
[18.751128] (orb_slam3_ros2_wrapper) StderrLine: {'line': b'                 from \x1b[01m\x1b[K/root/colcon_ws/src/orb_slam3_ros2_wrapper/include/orb_slam3_ros2_wrapper/type_conversion.hpp:26\x1b[m\x1b[K,\n'}
[18.751230] (orb_slam3_ros2_wrapper) StderrLine: {'line': b'                 from \x1b[01m\x1b[K/root/colcon_ws/src/orb_slam3_ros2_wrapper/src/type_conversion.cpp:7\x1b[m\x1b[K:\n'}
[18.751323] (orb_slam3_ros2_wrapper) StderrLine: {'line': b'/home/orb/ORB_SLAM3/Thirdparty/g2o/g2o/types/../core/base_binary_edge.h: In instantiation of \xe2\x80\x98\x1b[01m\x1b[Kclass g2o::BaseBinaryEdge<7, g2o::Sim3, g2o::VertexSim3Expmap, g2o::VertexSim3Expmap>\x1b[m\x1b[K\xe2\x80\x99:\n'}
[18.751421] (orb_slam3_ros2_wrapper) StderrLine: {'line': b'\x1b[01m\x1b[K/home/orb/ORB_SLAM3/Thirdparty/g2o/g2o/types/types_seven_dof_expmap.h:99:27:\x1b[m\x1b[K   required from here\n'}
[18.751514] (orb_slam3_ros2_wrapper) StderrLine: {'line': b'\x1b[01m\x1b[K/home/orb/ORB_SLAM3/Thirdparty/g2o/g2o/types/../core/base_binary_edge.h:59:80:\x1b[m\x1b[K \x1b[01;35m\x1b[Kwarning: \x1b[m\x1b[K\xe2\x80\x98\x1b[01m\x1b[KEigen::AlignedBit\x1b[m\x1b[K\xe2\x80\x99 is deprecated [\x1b[01;35m\x1b[K-Wdeprecated-declarations\x1b[m\x1b[K]\n'}
[18.751614] (orb_slam3_ros2_wrapper) StderrLine: {'line': b'   59 | j>::\x1b[01;35m\x1b[KFlags & AlignedBit\x1b[m\x1b[K ? Aligned : Unaligned > HessianBlockType;\n'}
[18.753109] (orb_slam3_ros2_wrapper) StderrLine: {'line': b'      |     \x1b[01;35m\x1b[K~~~~~~^~~~~~~~~~~~\x1b[m\x1b[K\n'}
[18.753237] (orb_slam3_ros2_wrapper) StderrLine: {'line': b'\n'}
[18.753341] (orb_slam3_ros2_wrapper) StderrLine: {'line': b'In file included from \x1b[01m\x1b[K/usr/include/eigen3/Eigen/Core:161\x1b[m\x1b[K,\n'}
[18.753447] (orb_slam3_ros2_wrapper) StderrLine: {'line': b'                 from \x1b[01m\x1b[K/root/colcon_ws/src/orb_slam3_ros2_wrapper/include/orb_slam3_ros2_wrapper/type_conversion.hpp:10\x1b[m\x1b[K,\n'}
[18.754345] (orb_slam3_ros2_wrapper) StderrLine: {'line': b'                 from \x1b[01m\x1b[K/root/colcon_ws/src/orb_slam3_ros2_wrapper/src/type_conversion.cpp:7\x1b[m\x1b[K:\n'}
[18.754488] (orb_slam3_ros2_wrapper) StderrLine: {'line': b'\x1b[01m\x1b[K/usr/include/eigen3/Eigen/src/Core/util/Constants.h:167:37:\x1b[m\x1b[K \x1b[01;36m\x1b[Knote: \x1b[m\x1b[Kdeclared here\n'}
[18.754602] (orb_slam3_ros2_wrapper) StderrLine: {'line': b'  167 | igned int \x1b[01;36m\x1b[KAlignedBit\x1b[m\x1b[K = 0x80;\n'}
[18.754716] (orb_slam3_ros2_wrapper) StderrLine: {'line': b'      |           \x1b[01;36m\x1b[K^~~~~~~~~~\x1b[m\x1b[K\n'}
[18.755697] (orb_slam3_ros2_wrapper) StderrLine: {'line': b'\n'}
[18.759738] (orb_slam3_ros2_wrapper) StderrLine: {'line': b'In file included from \x1b[01m\x1b[K/home/orb/ORB_SLAM3/Thirdparty/g2o/g2o/types/types_six_dof_expmap.h:38\x1b[m\x1b[K,\n'}
[18.759925] (orb_slam3_ros2_wrapper) StderrLine: {'line': b'                 from \x1b[01m\x1b[K/home/orb/ORB_SLAM3/include/Converter.h:26\x1b[m\x1b[K,\n'}
[18.760054] (orb_slam3_ros2_wrapper) StderrLine: {'line': b'                 from \x1b[01m\x1b[K/home/orb/ORB_SLAM3/include/Frame.h:33\x1b[m\x1b[K,\n'}
[18.760191] (orb_slam3_ros2_wrapper) StderrLine: {'line': b'                 from \x1b[01m\x1b[K/home/orb/ORB_SLAM3/include/KeyFrame.h:28\x1b[m\x1b[K,\n'}
[18.760338] (orb_slam3_ros2_wrapper) StderrLine: {'line': b'                 from \x1b[01m\x1b[K/home/orb/ORB_SLAM3/include/MapPoint.h:23\x1b[m\x1b[K,\n'}
[18.760460] (orb_slam3_ros2_wrapper) StderrLine: {'line': b'                 from \x1b[01m\x1b[K/root/colcon_ws/src/orb_slam3_ros2_wrapper/include/orb_slam3_ros2_wrapper/type_conversion.hpp:26\x1b[m\x1b[K,\n'}
[18.760563] (orb_slam3_ros2_wrapper) StderrLine: {'line': b'                 from \x1b[01m\x1b[K/root/colcon_ws/src/orb_slam3_ros2_wrapper/src/type_conversion.cpp:7\x1b[m\x1b[K:\n'}
[18.760697] (orb_slam3_ros2_wrapper) StderrLine: {'line': b'\x1b[01m\x1b[K/home/orb/ORB_SLAM3/Thirdparty/g2o/g2o/types/../core/base_binary_edge.h:60:80:\x1b[m\x1b[K \x1b[01;35m\x1b[Kwarning: \x1b[m\x1b[K\xe2\x80\x98\x1b[01m\x1b[KEigen::AlignedBit\x1b[m\x1b[K\xe2\x80\x99 is deprecated [\x1b[01;35m\x1b[K-Wdeprecated-declarations\x1b[m\x1b[K]\n'}
[18.760833] (orb_slam3_ros2_wrapper) StderrLine: {'line': b'   60 | i>::\x1b[01;35m\x1b[KFlags & AlignedBit\x1b[m\x1b[K ? Aligned : Unaligned > HessianBlockTransposedType;\n'}
[18.760947] (orb_slam3_ros2_wrapper) StderrLine: {'line': b'      |     \x1b[01;35m\x1b[K~~~~~~^~~~~~~~~~~~\x1b[m\x1b[K\n'}
[18.761050] (orb_slam3_ros2_wrapper) StderrLine: {'line': b'\n'}
[18.761152] (orb_slam3_ros2_wrapper) StderrLine: {'line': b'In file included from \x1b[01m\x1b[K/usr/include/eigen3/Eigen/Core:161\x1b[m\x1b[K,\n'}
[18.761253] (orb_slam3_ros2_wrapper) StderrLine: {'line': b'                 from \x1b[01m\x1b[K/root/colcon_ws/src/orb_slam3_ros2_wrapper/include/orb_slam3_ros2_wrapper/type_conversion.hpp:10\x1b[m\x1b[K,\n'}
[18.761355] (orb_slam3_ros2_wrapper) StderrLine: {'line': b'                 from \x1b[01m\x1b[K/root/colcon_ws/src/orb_slam3_ros2_wrapper/src/type_conversion.cpp:7\x1b[m\x1b[K:\n'}
[18.761458] (orb_slam3_ros2_wrapper) StderrLine: {'line': b'\x1b[01m\x1b[K/usr/include/eigen3/Eigen/src/Core/util/Constants.h:167:37:\x1b[m\x1b[K \x1b[01;36m\x1b[Knote: \x1b[m\x1b[Kdeclared here\n'}
[18.762665] (orb_slam3_ros2_wrapper) StderrLine: {'line': b'  167 | igned int \x1b[01;36m\x1b[KAlignedBit\x1b[m\x1b[K = 0x80;\n'}
[18.762811] (orb_slam3_ros2_wrapper) StderrLine: {'line': b'      |           \x1b[01;36m\x1b[K^~~~~~~~~~\x1b[m\x1b[K\n'}
[18.762926] (orb_slam3_ros2_wrapper) StderrLine: {'line': b'\n'}
[18.777417] (orb_slam3_ros2_wrapper) StderrLine: {'line': b'In file included from \x1b[01m\x1b[K/home/orb/ORB_SLAM3/Thirdparty/g2o/g2o/types/types_six_dof_expmap.h:41\x1b[m\x1b[K,\n'}
[18.777635] (orb_slam3_ros2_wrapper) StderrLine: {'line': b'                 from \x1b[01m\x1b[K/home/orb/ORB_SLAM3/include/Converter.h:26\x1b[m\x1b[K,\n'}
[18.777750] (orb_slam3_ros2_wrapper) StderrLine: {'line': b'                 from \x1b[01m\x1b[K/home/orb/ORB_SLAM3/include/Frame.h:33\x1b[m\x1b[K,\n'}
[18.777895] (orb_slam3_ros2_wrapper) StderrLine: {'line': b'                 from \x1b[01m\x1b[K/home/orb/ORB_SLAM3/include/KeyFrame.h:28\x1b[m\x1b[K,\n'}
[18.778002] (orb_slam3_ros2_wrapper) StderrLine: {'line': b'                 from \x1b[01m\x1b[K/home/orb/ORB_SLAM3/include/MapPoint.h:23\x1b[m\x1b[K,\n'}
[18.778104] (orb_slam3_ros2_wrapper) StderrLine: {'line': b'                 from \x1b[01m\x1b[K/root/colcon_ws/src/orb_slam3_ros2_wrapper/include/orb_slam3_ros2_wrapper/type_conversion.hpp:26\x1b[m\x1b[K,\n'}
[18.778207] (orb_slam3_ros2_wrapper) StderrLine: {'line': b'                 from \x1b[01m\x1b[K/root/colcon_ws/src/orb_slam3_ros2_wrapper/src/rgbd/rgbd-slam-node.hpp:40\x1b[m\x1b[K,\n'}
[18.778306] (orb_slam3_ros2_wrapper) StderrLine: {'line': b'                 from \x1b[01m\x1b[K/root/colcon_ws/src/orb_slam3_ros2_wrapper/src/rgbd/rgbd.cpp:7\x1b[m\x1b[K:\n'}
[18.778405] (orb_slam3_ros2_wrapper) StderrLine: {'line': b'\x1b[01m\x1b[K/home/orb/ORB_SLAM3/Thirdparty/g2o/g2o/types/se3quat.h:43:38:\x1b[m\x1b[K \x1b[01;35m\x1b[Kwarning: \x1b[m\x1b[Kextra \xe2\x80\x98\x1b[01m\x1b[K;\x1b[m\x1b[K\xe2\x80\x99 [\x1b[01;35m\x1b[K-Wpedantic\x1b[m\x1b[K]\n'}
[18.778504] (orb_slam3_ros2_wrapper) StderrLine: {'line': b'   43 |       EIGEN_MAKE_ALIGNED_OPERATOR_NEW\x1b[01;35m\x1b[K;\x1b[m\x1b[K\n'}
[18.778600] (orb_slam3_ros2_wrapper) StderrLine: {'line': b'      |                                      \x1b[01;35m\x1b[K^\x1b[m\x1b[K\n'}
[18.778698] (orb_slam3_ros2_wrapper) StderrLine: {'line': b'      |                                      \x1b[31m\x1b[K-\x1b[m\x1b[K\n'}
[18.817482] (orb_slam3_ros2_wrapper) StderrLine: {'line': b'In file included from \x1b[01m\x1b[K/home/orb/ORB_SLAM3/Thirdparty/g2o/g2o/types/types_six_dof_expmap.h:38\x1b[m\x1b[K,\n'}
[18.817711] (orb_slam3_ros2_wrapper) StderrLine: {'line': b'                 from \x1b[01m\x1b[K/home/orb/ORB_SLAM3/include/Converter.h:26\x1b[m\x1b[K,\n'}
[18.817882] (orb_slam3_ros2_wrapper) StderrLine: {'line': b'                 from \x1b[01m\x1b[K/home/orb/ORB_SLAM3/include/Frame.h:33\x1b[m\x1b[K,\n'}
[18.818002] (orb_slam3_ros2_wrapper) StderrLine: {'line': b'                 from \x1b[01m\x1b[K/home/orb/ORB_SLAM3/include/KeyFrame.h:28\x1b[m\x1b[K,\n'}
[18.818108] (orb_slam3_ros2_wrapper) StderrLine: {'line': b'                 from \x1b[01m\x1b[K/home/orb/ORB_SLAM3/include/MapPoint.h:23\x1b[m\x1b[K,\n'}
[18.818219] (orb_slam3_ros2_wrapper) StderrLine: {'line': b'                 from \x1b[01m\x1b[K/root/colcon_ws/src/orb_slam3_ros2_wrapper/include/orb_slam3_ros2_wrapper/type_conversion.hpp:26\x1b[m\x1b[K,\n'}
[18.818334] (orb_slam3_ros2_wrapper) StderrLine: {'line': b'                 from \x1b[01m\x1b[K/root/colcon_ws/src/orb_slam3_ros2_wrapper/src/type_conversion.cpp:7\x1b[m\x1b[K:\n'}
[18.818447] (orb_slam3_ros2_wrapper) StderrLine: {'line': b'/home/orb/ORB_SLAM3/Thirdparty/g2o/g2o/types/../core/base_binary_edge.h: In instantiation of \xe2\x80\x98\x1b[01m\x1b[Kclass g2o::BaseBinaryEdge<2, Eigen::Matrix<double, 2, 1>, g2o::VertexSBAPointXYZ, g2o::VertexSim3Expmap>\x1b[m\x1b[K\xe2\x80\x99:\n'}
[18.818558] (orb_slam3_ros2_wrapper) StderrLine: {'line': b'\x1b[01m\x1b[K/home/orb/ORB_SLAM3/Thirdparty/g2o/g2o/types/types_seven_dof_expmap.h:130:36:\x1b[m\x1b[K   required from here\n'}
[18.818667] (orb_slam3_ros2_wrapper) StderrLine: {'line': b'\x1b[01m\x1b[K/home/orb/ORB_SLAM3/Thirdparty/g2o/g2o/types/../core/base_binary_edge.h:59:80:\x1b[m\x1b[K \x1b[01;35m\x1b[Kwarning: \x1b[m\x1b[K\xe2\x80\x98\x1b[01m\x1b[KEigen::AlignedBit\x1b[m\x1b[K\xe2\x80\x99 is deprecated [\x1b[01;35m\x1b[K-Wdeprecated-declarations\x1b[m\x1b[K]\n'}
[18.818812] (orb_slam3_ros2_wrapper) StderrLine: {'line': b'   59 | j>::\x1b[01;35m\x1b[KFlags & AlignedBit\x1b[m\x1b[K ? Aligned : Unaligned > HessianBlockType;\n'}
[18.818940] (orb_slam3_ros2_wrapper) StderrLine: {'line': b'      |     \x1b[01;35m\x1b[K~~~~~~^~~~~~~~~~~~\x1b[m\x1b[K\n'}
[18.819052] (orb_slam3_ros2_wrapper) StderrLine: {'line': b'\n'}
[18.819165] (orb_slam3_ros2_wrapper) StderrLine: {'line': b'In file included from \x1b[01m\x1b[K/usr/include/eigen3/Eigen/Core:161\x1b[m\x1b[K,\n'}
[18.819278] (orb_slam3_ros2_wrapper) StderrLine: {'line': b'                 from \x1b[01m\x1b[K/root/colcon_ws/src/orb_slam3_ros2_wrapper/include/orb_slam3_ros2_wrapper/type_conversion.hpp:10\x1b[m\x1b[K,\n'}
[18.819389] (orb_slam3_ros2_wrapper) StderrLine: {'line': b'                 from \x1b[01m\x1b[K/root/colcon_ws/src/orb_slam3_ros2_wrapper/src/type_conversion.cpp:7\x1b[m\x1b[K:\n'}
[18.819514] (orb_slam3_ros2_wrapper) StderrLine: {'line': b'\x1b[01m\x1b[K/usr/include/eigen3/Eigen/src/Core/util/Constants.h:167:37:\x1b[m\x1b[K \x1b[01;36m\x1b[Knote: \x1b[m\x1b[Kdeclared here\n'}
[18.819640] (orb_slam3_ros2_wrapper) StderrLine: {'line': b'  167 | igned int \x1b[01;36m\x1b[KAlignedBit\x1b[m\x1b[K = 0x80;\n'}
[18.819751] (orb_slam3_ros2_wrapper) StderrLine: {'line': b'      |           \x1b[01;36m\x1b[K^~~~~~~~~~\x1b[m\x1b[K\n'}
[18.819890] (orb_slam3_ros2_wrapper) StderrLine: {'line': b'\n'}
[18.838988] (orb_slam3_ros2_wrapper) StderrLine: {'line': b'In file included from \x1b[01m\x1b[K/home/orb/ORB_SLAM3/Thirdparty/g2o/g2o/types/types_six_dof_expmap.h:38\x1b[m\x1b[K,\n'}
[18.839226] (orb_slam3_ros2_wrapper) StderrLine: {'line': b'                 from \x1b[01m\x1b[K/home/orb/ORB_SLAM3/include/Converter.h:26\x1b[m\x1b[K,\n'}
[18.839357] (orb_slam3_ros2_wrapper) StderrLine: {'line': b'                 from \x1b[01m\x1b[K/home/orb/ORB_SLAM3/include/Frame.h:33\x1b[m\x1b[K,\n'}
[18.839488] (orb_slam3_ros2_wrapper) StderrLine: {'line': b'                 from \x1b[01m\x1b[K/home/orb/ORB_SLAM3/include/KeyFrame.h:28\x1b[m\x1b[K,\n'}
[18.839601] (orb_slam3_ros2_wrapper) StderrLine: {'line': b'                 from \x1b[01m\x1b[K/home/orb/ORB_SLAM3/include/MapPoint.h:23\x1b[m\x1b[K,\n'}
[18.839710] (orb_slam3_ros2_wrapper) StderrLine: {'line': b'                 from \x1b[01m\x1b[K/root/colcon_ws/src/orb_slam3_ros2_wrapper/include/orb_slam3_ros2_wrapper/type_conversion.hpp:26\x1b[m\x1b[K,\n'}
[18.839847] (orb_slam3_ros2_wrapper) StderrLine: {'line': b'                 from \x1b[01m\x1b[K/root/colcon_ws/src/orb_slam3_ros2_wrapper/src/type_conversion.cpp:7\x1b[m\x1b[K:\n'}
[18.839963] (orb_slam3_ros2_wrapper) StderrLine: {'line': b'\x1b[01m\x1b[K/home/orb/ORB_SLAM3/Thirdparty/g2o/g2o/types/../core/base_binary_edge.h:60:80:\x1b[m\x1b[K \x1b[01;35m\x1b[Kwarning: \x1b[m\x1b[K\xe2\x80\x98\x1b[01m\x1b[KEigen::AlignedBit\x1b[m\x1b[K\xe2\x80\x99 is deprecated [\x1b[01;35m\x1b[K-Wdeprecated-declarations\x1b[m\x1b[K]\n'}
[18.840075] (orb_slam3_ros2_wrapper) StderrLine: {'line': b'   60 | i>::\x1b[01;35m\x1b[KFlags & AlignedBit\x1b[m\x1b[K ? Aligned : Unaligned > HessianBlockTransposedType;\n'}
[18.840189] (orb_slam3_ros2_wrapper) StderrLine: {'line': b'      |     \x1b[01;35m\x1b[K~~~~~~^~~~~~~~~~~~\x1b[m\x1b[K\n'}
[18.840298] (orb_slam3_ros2_wrapper) StderrLine: {'line': b'\n'}
[18.840525] (orb_slam3_ros2_wrapper) StderrLine: {'line': b'In file included from \x1b[01m\x1b[K/usr/include/eigen3/Eigen/Core:161\x1b[m\x1b[K,\n'}
[18.840642] (orb_slam3_ros2_wrapper) StderrLine: {'line': b'                 from \x1b[01m\x1b[K/root/colcon_ws/src/orb_slam3_ros2_wrapper/include/orb_slam3_ros2_wrapper/type_conversion.hpp:10\x1b[m\x1b[K,\n'}
[18.840757] (orb_slam3_ros2_wrapper) StderrLine: {'line': b'                 from \x1b[01m\x1b[K/root/colcon_ws/src/orb_slam3_ros2_wrapper/src/type_conversion.cpp:7\x1b[m\x1b[K:\n'}
[18.840887] (orb_slam3_ros2_wrapper) StderrLine: {'line': b'\x1b[01m\x1b[K/usr/include/eigen3/Eigen/src/Core/util/Constants.h:167:37:\x1b[m\x1b[K \x1b[01;36m\x1b[Knote: \x1b[m\x1b[Kdeclared here\n'}
[18.841005] (orb_slam3_ros2_wrapper) StderrLine: {'line': b'  167 | igned int \x1b[01;36m\x1b[KAlignedBit\x1b[m\x1b[K = 0x80;\n'}
[18.841116] (orb_slam3_ros2_wrapper) StderrLine: {'line': b'      |           \x1b[01;36m\x1b[K^~~~~~~~~~\x1b[m\x1b[K\n'}
[18.841225] (orb_slam3_ros2_wrapper) StderrLine: {'line': b'\n'}
[18.843544] (-) TimerEvent: {}
[18.943980] (-) TimerEvent: {}
[19.044361] (-) TimerEvent: {}
[19.145931] (-) TimerEvent: {}
[19.209112] (orb_slam3_ros2_wrapper) StderrLine: {'line': b'In file included from \x1b[01m\x1b[K/home/orb/ORB_SLAM3/Thirdparty/g2o/g2o/types/types_six_dof_expmap.h:37\x1b[m\x1b[K,\n'}
[19.209388] (orb_slam3_ros2_wrapper) StderrLine: {'line': b'                 from \x1b[01m\x1b[K/home/orb/ORB_SLAM3/include/Converter.h:26\x1b[m\x1b[K,\n'}
[19.209505] (orb_slam3_ros2_wrapper) StderrLine: {'line': b'                 from \x1b[01m\x1b[K/home/orb/ORB_SLAM3/include/Frame.h:33\x1b[m\x1b[K,\n'}
[19.209608] (orb_slam3_ros2_wrapper) StderrLine: {'line': b'                 from \x1b[01m\x1b[K/home/orb/ORB_SLAM3/include/KeyFrame.h:28\x1b[m\x1b[K,\n'}
[19.209714] (orb_slam3_ros2_wrapper) StderrLine: {'line': b'                 from \x1b[01m\x1b[K/home/orb/ORB_SLAM3/include/MapPoint.h:23\x1b[m\x1b[K,\n'}
[19.209840] (orb_slam3_ros2_wrapper) StderrLine: {'line': b'                 from \x1b[01m\x1b[K/root/colcon_ws/src/orb_slam3_ros2_wrapper/include/orb_slam3_ros2_wrapper/type_conversion.hpp:26\x1b[m\x1b[K,\n'}
[19.209964] (orb_slam3_ros2_wrapper) StderrLine: {'line': b'                 from \x1b[01m\x1b[K/root/colcon_ws/src/orb_slam3_ros2_wrapper/src/rgbd/rgbd-slam-node.hpp:40\x1b[m\x1b[K,\n'}
[19.210067] (orb_slam3_ros2_wrapper) StderrLine: {'line': b'                 from \x1b[01m\x1b[K/root/colcon_ws/src/orb_slam3_ros2_wrapper/src/rgbd/rgbd.cpp:7\x1b[m\x1b[K:\n'}
[19.210168] (orb_slam3_ros2_wrapper) StderrLine: {'line': b'/home/orb/ORB_SLAM3/Thirdparty/g2o/g2o/types/../core/base_vertex.h: In instantiation of \xe2\x80\x98\x1b[01m\x1b[Kclass g2o::BaseVertex<3, Eigen::Matrix<double, 3, 1> >\x1b[m\x1b[K\xe2\x80\x99:\n'}
[19.210274] (orb_slam3_ros2_wrapper) StderrLine: {'line': b'\x1b[01m\x1b[K/home/orb/ORB_SLAM3/Thirdparty/g2o/g2o/types/types_sba.h:40:35:\x1b[m\x1b[K   required from here\n'}
[19.210377] (orb_slam3_ros2_wrapper) StderrLine: {'line': b'\x1b[01m\x1b[K/home/orb/ORB_SLAM3/Thirdparty/g2o/g2o/types/../core/base_vertex.h:62:72:\x1b[m\x1b[K \x1b[01;35m\x1b[Kwarning: \x1b[m\x1b[K\xe2\x80\x98\x1b[01m\x1b[KEigen::AlignedBit\x1b[m\x1b[K\xe2\x80\x99 is deprecated [\x1b[01;35m\x1b[K-Wdeprecated-declarations\x1b[m\x1b[K]\n'}
[19.210529] (orb_slam3_ros2_wrapper) StderrLine: {'line': b'   62 |     typedef Eigen::Map<Matrix<double, D, D>, Matrix<double,D,D>::\x1b[01;35m\x1b[KFlags & AlignedBit\x1b[m\x1b[K ? Aligned : Unaligned >  HessianBlockType;\n'}
[19.210647] (orb_slam3_ros2_wrapper) StderrLine: {'line': b'      |                                                                  \x1b[01;35m\x1b[K~~~~~~^~~~~~~~~~~~\x1b[m\x1b[K\n'}
[19.210893] (orb_slam3_ros2_wrapper) StderrLine: {'line': b'In file included from \x1b[01m\x1b[K/usr/include/eigen3/Eigen/Core:161\x1b[m\x1b[K,\n'}
[19.211033] (orb_slam3_ros2_wrapper) StderrLine: {'line': b'                 from \x1b[01m\x1b[K/root/colcon_ws/src/orb_slam3_ros2_wrapper/include/orb_slam3_ros2_wrapper/type_conversion.hpp:10\x1b[m\x1b[K,\n'}
[19.211144] (orb_slam3_ros2_wrapper) StderrLine: {'line': b'                 from \x1b[01m\x1b[K/root/colcon_ws/src/orb_slam3_ros2_wrapper/src/rgbd/rgbd-slam-node.hpp:40\x1b[m\x1b[K,\n'}
[19.211252] (orb_slam3_ros2_wrapper) StderrLine: {'line': b'                 from \x1b[01m\x1b[K/root/colcon_ws/src/orb_slam3_ros2_wrapper/src/rgbd/rgbd.cpp:7\x1b[m\x1b[K:\n'}
[19.211356] (orb_slam3_ros2_wrapper) StderrLine: {'line': b'\x1b[01m\x1b[K/usr/include/eigen3/Eigen/src/Core/util/Constants.h:167:37:\x1b[m\x1b[K \x1b[01;36m\x1b[Knote: \x1b[m\x1b[Kdeclared here\n'}
[19.211479] (orb_slam3_ros2_wrapper) StderrLine: {'line': b'  167 | EIGEN_DEPRECATED const unsigned int \x1b[01;36m\x1b[KAlignedBit\x1b[m\x1b[K = 0x80;\n'}
[19.211587] (orb_slam3_ros2_wrapper) StderrLine: {'line': b'      |                                     \x1b[01;36m\x1b[K^~~~~~~~~~\x1b[m\x1b[K\n'}
[19.246014] (-) TimerEvent: {}
[19.251819] (orb_slam3_ros2_wrapper) StderrLine: {'line': b'In file included from \x1b[01m\x1b[K/home/orb/ORB_SLAM3/Thirdparty/g2o/g2o/types/types_six_dof_expmap.h:37\x1b[m\x1b[K,\n'}
[19.252207] (orb_slam3_ros2_wrapper) StderrLine: {'line': b'                 from \x1b[01m\x1b[K/home/orb/ORB_SLAM3/include/Converter.h:26\x1b[m\x1b[K,\n'}
[19.252316] (orb_slam3_ros2_wrapper) StderrLine: {'line': b'                 from \x1b[01m\x1b[K/home/orb/ORB_SLAM3/include/Frame.h:33\x1b[m\x1b[K,\n'}
[19.252425] (orb_slam3_ros2_wrapper) StderrLine: {'line': b'                 from \x1b[01m\x1b[K/home/orb/ORB_SLAM3/include/KeyFrame.h:28\x1b[m\x1b[K,\n'}
[19.252516] (orb_slam3_ros2_wrapper) StderrLine: {'line': b'                 from \x1b[01m\x1b[K/home/orb/ORB_SLAM3/include/MapPoint.h:23\x1b[m\x1b[K,\n'}
[19.252604] (orb_slam3_ros2_wrapper) StderrLine: {'line': b'                 from \x1b[01m\x1b[K/root/colcon_ws/src/orb_slam3_ros2_wrapper/include/orb_slam3_ros2_wrapper/type_conversion.hpp:26\x1b[m\x1b[K,\n'}
[19.252695] (orb_slam3_ros2_wrapper) StderrLine: {'line': b'                 from \x1b[01m\x1b[K/root/colcon_ws/src/orb_slam3_ros2_wrapper/src/rgbd/rgbd-slam-node.hpp:40\x1b[m\x1b[K,\n'}
[19.252828] (orb_slam3_ros2_wrapper) StderrLine: {'line': b'                 from \x1b[01m\x1b[K/root/colcon_ws/src/orb_slam3_ros2_wrapper/src/rgbd/rgbd.cpp:7\x1b[m\x1b[K:\n'}
[19.252925] (orb_slam3_ros2_wrapper) StderrLine: {'line': b'/home/orb/ORB_SLAM3/Thirdparty/g2o/g2o/types/../core/base_vertex.h: In instantiation of \xe2\x80\x98\x1b[01m\x1b[Kclass g2o::BaseVertex<6, g2o::SE3Quat>\x1b[m\x1b[K\xe2\x80\x99:\n'}
[19.253015] (orb_slam3_ros2_wrapper) StderrLine: {'line': b'\x1b[01m\x1b[K/home/orb/ORB_SLAM3/Thirdparty/g2o/g2o/types/types_six_dof_expmap.h:59:33:\x1b[m\x1b[K   required from here\n'}
[19.253102] (orb_slam3_ros2_wrapper) StderrLine: {'line': b'\x1b[01m\x1b[K/home/orb/ORB_SLAM3/Thirdparty/g2o/g2o/types/../core/base_vertex.h:62:72:\x1b[m\x1b[K \x1b[01;35m\x1b[Kwarning: \x1b[m\x1b[K\xe2\x80\x98\x1b[01m\x1b[KEigen::AlignedBit\x1b[m\x1b[K\xe2\x80\x99 is deprecated [\x1b[01;35m\x1b[K-Wdeprecated-declarations\x1b[m\x1b[K]\n'}
[19.253193] (orb_slam3_ros2_wrapper) StderrLine: {'line': b'   62 |     typedef Eigen::Map<Matrix<double, D, D>, Matrix<double,D,D>::\x1b[01;35m\x1b[KFlags & AlignedBit\x1b[m\x1b[K ? Aligned : Unaligned >  HessianBlockType;\n'}
[19.253288] (orb_slam3_ros2_wrapper) StderrLine: {'line': b'      |                                                                  \x1b[01;35m\x1b[K~~~~~~^~~~~~~~~~~~\x1b[m\x1b[K\n'}
[19.253374] (orb_slam3_ros2_wrapper) StderrLine: {'line': b'In file included from \x1b[01m\x1b[K/usr/include/eigen3/Eigen/Core:161\x1b[m\x1b[K,\n'}
[19.253462] (orb_slam3_ros2_wrapper) StderrLine: {'line': b'                 from \x1b[01m\x1b[K/root/colcon_ws/src/orb_slam3_ros2_wrapper/include/orb_slam3_ros2_wrapper/type_conversion.hpp:10\x1b[m\x1b[K,\n'}
[19.253578] (orb_slam3_ros2_wrapper) StderrLine: {'line': b'                 from \x1b[01m\x1b[K/root/colcon_ws/src/orb_slam3_ros2_wrapper/src/rgbd/rgbd-slam-node.hpp:40\x1b[m\x1b[K,\n'}
[19.253672] (orb_slam3_ros2_wrapper) StderrLine: {'line': b'                 from \x1b[01m\x1b[K/root/colcon_ws/src/orb_slam3_ros2_wrapper/src/rgbd/rgbd.cpp:7\x1b[m\x1b[K:\n'}
[19.253761] (orb_slam3_ros2_wrapper) StderrLine: {'line': b'\x1b[01m\x1b[K/usr/include/eigen3/Eigen/src/Core/util/Constants.h:167:37:\x1b[m\x1b[K \x1b[01;36m\x1b[Knote: \x1b[m\x1b[Kdeclared here\n'}
[19.253864] (orb_slam3_ros2_wrapper) StderrLine: {'line': b'  167 | EIGEN_DEPRECATED const unsigned int \x1b[01;36m\x1b[KAlignedBit\x1b[m\x1b[K = 0x80;\n'}
[19.253951] (orb_slam3_ros2_wrapper) StderrLine: {'line': b'      |                                     \x1b[01;36m\x1b[K^~~~~~~~~~\x1b[m\x1b[K\n'}
[19.311485] (orb_slam3_ros2_wrapper) StderrLine: {'line': b'In file included from \x1b[01m\x1b[K/home/orb/ORB_SLAM3/Thirdparty/g2o/g2o/types/types_six_dof_expmap.h:38\x1b[m\x1b[K,\n'}
[19.311937] (orb_slam3_ros2_wrapper) StderrLine: {'line': b'                 from \x1b[01m\x1b[K/home/orb/ORB_SLAM3/include/Converter.h:26\x1b[m\x1b[K,\n'}
[19.312138] (orb_slam3_ros2_wrapper) StderrLine: {'line': b'                 from \x1b[01m\x1b[K/home/orb/ORB_SLAM3/include/Frame.h:33\x1b[m\x1b[K,\n'}
[19.312301] (orb_slam3_ros2_wrapper) StderrLine: {'line': b'                 from \x1b[01m\x1b[K/home/orb/ORB_SLAM3/include/KeyFrame.h:28\x1b[m\x1b[K,\n'}
[19.312463] (orb_slam3_ros2_wrapper) StderrLine: {'line': b'                 from \x1b[01m\x1b[K/home/orb/ORB_SLAM3/include/MapPoint.h:23\x1b[m\x1b[K,\n'}
[19.312719] (orb_slam3_ros2_wrapper) StderrLine: {'line': b'                 from \x1b[01m\x1b[K/root/colcon_ws/src/orb_slam3_ros2_wrapper/include/orb_slam3_ros2_wrapper/type_conversion.hpp:26\x1b[m\x1b[K,\n'}
[19.313063] (orb_slam3_ros2_wrapper) StderrLine: {'line': b'                 from \x1b[01m\x1b[K/root/colcon_ws/src/orb_slam3_ros2_wrapper/src/rgbd/rgbd-slam-node.hpp:40\x1b[m\x1b[K,\n'}
[19.313172] (orb_slam3_ros2_wrapper) StderrLine: {'line': b'                 from \x1b[01m\x1b[K/root/colcon_ws/src/orb_slam3_ros2_wrapper/src/rgbd/rgbd.cpp:7\x1b[m\x1b[K:\n'}
[19.313267] (orb_slam3_ros2_wrapper) StderrLine: {'line': b'/home/orb/ORB_SLAM3/Thirdparty/g2o/g2o/types/../core/base_binary_edge.h: In instantiation of \xe2\x80\x98\x1b[01m\x1b[Kclass g2o::BaseBinaryEdge<6, g2o::SE3Quat, g2o::VertexSE3Expmap, g2o::VertexSE3Expmap>\x1b[m\x1b[K\xe2\x80\x99:\n'}
[19.313375] (orb_slam3_ros2_wrapper) StderrLine: {'line': b'\x1b[01m\x1b[K/home/orb/ORB_SLAM3/Thirdparty/g2o/g2o/types/types_six_dof_expmap.h:83:24:\x1b[m\x1b[K   required from here\n'}
[19.313484] (orb_slam3_ros2_wrapper) StderrLine: {'line': b'\x1b[01m\x1b[K/home/orb/ORB_SLAM3/Thirdparty/g2o/g2o/types/../core/base_binary_edge.h:59:80:\x1b[m\x1b[K \x1b[01;35m\x1b[Kwarning: \x1b[m\x1b[K\xe2\x80\x98\x1b[01m\x1b[KEigen::AlignedBit\x1b[m\x1b[K\xe2\x80\x99 is deprecated [\x1b[01;35m\x1b[K-Wdeprecated-declarations\x1b[m\x1b[K]\n'}
[19.313586] (orb_slam3_ros2_wrapper) StderrLine: {'line': b'   59 |       typedef Eigen::Map<Matrix<double, Di, Dj>, Matrix<double, Di, Dj>::\x1b[01;35m\x1b[KFlags & AlignedBit\x1b[m\x1b[K ? Aligned : Unaligned > HessianBlockType;\n'}
[19.313722] (orb_slam3_ros2_wrapper) StderrLine: {'line': b'      |                                                                          \x1b[01;35m\x1b[K~~~~~~^~~~~~~~~~~~\x1b[m\x1b[K\n'}
[19.313850] (orb_slam3_ros2_wrapper) StderrLine: {'line': b'In file included from \x1b[01m\x1b[K/usr/include/eigen3/Eigen/Core:161\x1b[m\x1b[K,\n'}
[19.313953] (orb_slam3_ros2_wrapper) StderrLine: {'line': b'                 from \x1b[01m\x1b[K/root/colcon_ws/src/orb_slam3_ros2_wrapper/include/orb_slam3_ros2_wrapper/type_conversion.hpp:10\x1b[m\x1b[K,\n'}
[19.314065] (orb_slam3_ros2_wrapper) StderrLine: {'line': b'                 from \x1b[01m\x1b[K/root/colcon_ws/src/orb_slam3_ros2_wrapper/src/rgbd/rgbd-slam-node.hpp:40\x1b[m\x1b[K,\n'}
[19.314179] (orb_slam3_ros2_wrapper) StderrLine: {'line': b'                 from \x1b[01m\x1b[K/root/colcon_ws/src/orb_slam3_ros2_wrapper/src/rgbd/rgbd.cpp:7\x1b[m\x1b[K:\n'}
[19.314291] (orb_slam3_ros2_wrapper) StderrLine: {'line': b'\x1b[01m\x1b[K/usr/include/eigen3/Eigen/src/Core/util/Constants.h:167:37:\x1b[m\x1b[K \x1b[01;36m\x1b[Knote: \x1b[m\x1b[Kdeclared here\n'}
[19.314543] (orb_slam3_ros2_wrapper) StderrLine: {'line': b'  167 | EIGEN_DEPRECATED const unsigned int \x1b[01;36m\x1b[KAlignedBit\x1b[m\x1b[K = 0x80;\n'}
[19.314671] (orb_slam3_ros2_wrapper) StderrLine: {'line': b'      |                                     \x1b[01;36m\x1b[K^~~~~~~~~~\x1b[m\x1b[K\n'}
[19.314797] (orb_slam3_ros2_wrapper) StderrLine: {'line': b'In file included from \x1b[01m\x1b[K/home/orb/ORB_SLAM3/Thirdparty/g2o/g2o/types/types_six_dof_expmap.h:38\x1b[m\x1b[K,\n'}
[19.314908] (orb_slam3_ros2_wrapper) StderrLine: {'line': b'                 from \x1b[01m\x1b[K/home/orb/ORB_SLAM3/include/Converter.h:26\x1b[m\x1b[K,\n'}
[19.315005] (orb_slam3_ros2_wrapper) StderrLine: {'line': b'                 from \x1b[01m\x1b[K/home/orb/ORB_SLAM3/include/Frame.h:33\x1b[m\x1b[K,\n'}
[19.315098] (orb_slam3_ros2_wrapper) StderrLine: {'line': b'                 from \x1b[01m\x1b[K/home/orb/ORB_SLAM3/include/KeyFrame.h:28\x1b[m\x1b[K,\n'}
[19.315206] (orb_slam3_ros2_wrapper) StderrLine: {'line': b'                 from \x1b[01m\x1b[K/home/orb/ORB_SLAM3/include/MapPoint.h:23\x1b[m\x1b[K,\n'}
[19.315315] (orb_slam3_ros2_wrapper) StderrLine: {'line': b'                 from \x1b[01m\x1b[K/root/colcon_ws/src/orb_slam3_ros2_wrapper/include/orb_slam3_ros2_wrapper/type_conversion.hpp:26\x1b[m\x1b[K,\n'}
[19.315416] (orb_slam3_ros2_wrapper) StderrLine: {'line': b'                 from \x1b[01m\x1b[K/root/colcon_ws/src/orb_slam3_ros2_wrapper/src/rgbd/rgbd-slam-node.hpp:40\x1b[m\x1b[K,\n'}
[19.315518] (orb_slam3_ros2_wrapper) StderrLine: {'line': b'                 from \x1b[01m\x1b[K/root/colcon_ws/src/orb_slam3_ros2_wrapper/src/rgbd/rgbd.cpp:7\x1b[m\x1b[K:\n'}
[19.315650] (orb_slam3_ros2_wrapper) StderrLine: {'line': b'\x1b[01m\x1b[K/home/orb/ORB_SLAM3/Thirdparty/g2o/g2o/types/../core/base_binary_edge.h:60:80:\x1b[m\x1b[K \x1b[01;35m\x1b[Kwarning: \x1b[m\x1b[K\xe2\x80\x98\x1b[01m\x1b[KEigen::AlignedBit\x1b[m\x1b[K\xe2\x80\x99 is deprecated [\x1b[01;35m\x1b[K-Wdeprecated-declarations\x1b[m\x1b[K]\n'}
[19.315755] (orb_slam3_ros2_wrapper) StderrLine: {'line': b'   60 |       typedef Eigen::Map<Matrix<double, Dj, Di>, Matrix<double, Dj, Di>::\x1b[01;35m\x1b[KFlags & AlignedBit\x1b[m\x1b[K ? Aligned : Unaligned > HessianBlockTransposedType;\n'}
[19.315870] (orb_slam3_ros2_wrapper) StderrLine: {'line': b'      |                                                                          \x1b[01;35m\x1b[K~~~~~~^~~~~~~~~~~~\x1b[m\x1b[K\n'}
[19.315983] (orb_slam3_ros2_wrapper) StderrLine: {'line': b'In file included from \x1b[01m\x1b[K/usr/include/eigen3/Eigen/Core:161\x1b[m\x1b[K,\n'}
[19.316092] (orb_slam3_ros2_wrapper) StderrLine: {'line': b'                 from \x1b[01m\x1b[K/root/colcon_ws/src/orb_slam3_ros2_wrapper/include/orb_slam3_ros2_wrapper/type_conversion.hpp:10\x1b[m\x1b[K,\n'}
[19.316190] (orb_slam3_ros2_wrapper) StderrLine: {'line': b'                 from \x1b[01m\x1b[K/root/colcon_ws/src/orb_slam3_ros2_wrapper/src/rgbd/rgbd-slam-node.hpp:40\x1b[m\x1b[K,\n'}
[19.316286] (orb_slam3_ros2_wrapper) StderrLine: {'line': b'                 from \x1b[01m\x1b[K/root/colcon_ws/src/orb_slam3_ros2_wrapper/src/rgbd/rgbd.cpp:7\x1b[m\x1b[K:\n'}
[19.316392] (orb_slam3_ros2_wrapper) StderrLine: {'line': b'\x1b[01m\x1b[K/usr/include/eigen3/Eigen/src/Core/util/Constants.h:167:37:\x1b[m\x1b[K \x1b[01;36m\x1b[Knote: \x1b[m\x1b[Kdeclared here\n'}
[19.316487] (orb_slam3_ros2_wrapper) StderrLine: {'line': b'  167 | EIGEN_DEPRECATED const unsigned int \x1b[01;36m\x1b[KAlignedBit\x1b[m\x1b[K = 0x80;\n'}
[19.316590] (orb_slam3_ros2_wrapper) StderrLine: {'line': b'      |                                     \x1b[01;36m\x1b[K^~~~~~~~~~\x1b[m\x1b[K\n'}
[19.334323] (orb_slam3_ros2_wrapper) StderrLine: {'line': b'In file included from \x1b[01m\x1b[K/home/orb/ORB_SLAM3/include/Frame.h:30\x1b[m\x1b[K,\n'}
[19.334547] (orb_slam3_ros2_wrapper) StderrLine: {'line': b'                 from \x1b[01m\x1b[K/home/orb/ORB_SLAM3/include/KeyFrame.h:28\x1b[m\x1b[K,\n'}
[19.334657] (orb_slam3_ros2_wrapper) StderrLine: {'line': b'                 from \x1b[01m\x1b[K/home/orb/ORB_SLAM3/include/MapPoint.h:23\x1b[m\x1b[K,\n'}
[19.334754] (orb_slam3_ros2_wrapper) StderrLine: {'line': b'                 from \x1b[01m\x1b[K/root/colcon_ws/src/orb_slam3_ros2_wrapper/include/orb_slam3_ros2_wrapper/type_conversion.hpp:26\x1b[m\x1b[K,\n'}
[19.334866] (orb_slam3_ros2_wrapper) StderrLine: {'line': b'                 from \x1b[01m\x1b[K/root/colcon_ws/src/orb_slam3_ros2_wrapper/src/rgbd/rgbd-slam-node.hpp:40\x1b[m\x1b[K,\n'}
[19.334969] (orb_slam3_ros2_wrapper) StderrLine: {'line': b'                 from \x1b[01m\x1b[K/root/colcon_ws/src/orb_slam3_ros2_wrapper/src/rgbd/rgbd-slam-node.cpp:6\x1b[m\x1b[K:\n'}
[19.335076] (orb_slam3_ros2_wrapper) StderrLine: {'line': b'\x1b[01m\x1b[K/home/orb/ORB_SLAM3/include/ImuTypes.h:\x1b[m\x1b[K In member function \xe2\x80\x98\x1b[01m\x1b[Kvoid ORB_SLAM3::IMU::Preintegrated::printMeasurements() const\x1b[m\x1b[K\xe2\x80\x99:\n'}
[19.335179] (orb_slam3_ros2_wrapper) StderrLine: {'line': b'\x1b[01m\x1b[K/home/orb/ORB_SLAM3/include/ImuTypes.h:204:23:\x1b[m\x1b[K \x1b[01;35m\x1b[Kwarning: \x1b[m\x1b[Kcomparison of integer expressions of different signedness: \xe2\x80\x98\x1b[01m\x1b[Kint\x1b[m\x1b[K\xe2\x80\x99 and \xe2\x80\x98\x1b[01m\x1b[Kstd::vector<ORB_SLAM3::IMU::Preintegrated::integrable>::size_type\x1b[m\x1b[K\xe2\x80\x99 {aka \xe2\x80\x98\x1b[01m\x1b[Klong unsigned int\x1b[m\x1b[K\xe2\x80\x99} [\x1b[01;35m\x1b[K-Wsign-compare\x1b[m\x1b[K]\n'}
[19.335312] (orb_slam3_ros2_wrapper) StderrLine: {'line': b'  204 |         for(int i=0; \x1b[01;35m\x1b[Ki<mvMeasurements.size()\x1b[m\x1b[K; i++){\n'}
[19.335419] (orb_slam3_ros2_wrapper) StderrLine: {'line': b'      |                      \x1b[01;35m\x1b[K~^~~~~~~~~~~~~~~~~~~~~~\x1b[m\x1b[K\n'}
[19.346141] (-) TimerEvent: {}
[19.449909] (-) TimerEvent: {}
[19.452703] (orb_slam3_ros2_wrapper) StderrLine: {'line': b'In file included from \x1b[01m\x1b[K/home/orb/ORB_SLAM3/Thirdparty/g2o/g2o/types/types_six_dof_expmap.h:38\x1b[m\x1b[K,\n'}
[19.453099] (orb_slam3_ros2_wrapper) StderrLine: {'line': b'                 from \x1b[01m\x1b[K/home/orb/ORB_SLAM3/include/Converter.h:26\x1b[m\x1b[K,\n'}
[19.453217] (orb_slam3_ros2_wrapper) StderrLine: {'line': b'                 from \x1b[01m\x1b[K/home/orb/ORB_SLAM3/include/Frame.h:33\x1b[m\x1b[K,\n'}
[19.453314] (orb_slam3_ros2_wrapper) StderrLine: {'line': b'                 from \x1b[01m\x1b[K/home/orb/ORB_SLAM3/include/KeyFrame.h:28\x1b[m\x1b[K,\n'}
[19.453404] (orb_slam3_ros2_wrapper) StderrLine: {'line': b'                 from \x1b[01m\x1b[K/home/orb/ORB_SLAM3/include/MapPoint.h:23\x1b[m\x1b[K,\n'}
[19.453493] (orb_slam3_ros2_wrapper) StderrLine: {'line': b'                 from \x1b[01m\x1b[K/root/colcon_ws/src/orb_slam3_ros2_wrapper/include/orb_slam3_ros2_wrapper/type_conversion.hpp:26\x1b[m\x1b[K,\n'}
[19.453584] (orb_slam3_ros2_wrapper) StderrLine: {'line': b'                 from \x1b[01m\x1b[K/root/colcon_ws/src/orb_slam3_ros2_wrapper/src/rgbd/rgbd-slam-node.hpp:40\x1b[m\x1b[K,\n'}
[19.453671] (orb_slam3_ros2_wrapper) StderrLine: {'line': b'                 from \x1b[01m\x1b[K/root/colcon_ws/src/orb_slam3_ros2_wrapper/src/rgbd/rgbd.cpp:7\x1b[m\x1b[K:\n'}
[19.453857] (orb_slam3_ros2_wrapper) StderrLine: {'line': b'/home/orb/ORB_SLAM3/Thirdparty/g2o/g2o/types/../core/base_binary_edge.h: In instantiation of \xe2\x80\x98\x1b[01m\x1b[Kclass g2o::BaseBinaryEdge<2, Eigen::Matrix<double, 2, 1>, g2o::VertexSBAPointXYZ, g2o::VertexSE3Expmap>\x1b[m\x1b[K\xe2\x80\x99:\n'}
[19.453980] (orb_slam3_ros2_wrapper) StderrLine: {'line': b'\x1b[01m\x1b[K/home/orb/ORB_SLAM3/Thirdparty/g2o/g2o/types/types_six_dof_expmap.h:114:35:\x1b[m\x1b[K   required from here\n'}
[19.454076] (orb_slam3_ros2_wrapper) StderrLine: {'line': b'\x1b[01m\x1b[K/home/orb/ORB_SLAM3/Thirdparty/g2o/g2o/types/../core/base_binary_edge.h:59:80:\x1b[m\x1b[K \x1b[01;35m\x1b[Kwarning: \x1b[m\x1b[K\xe2\x80\x98\x1b[01m\x1b[KEigen::AlignedBit\x1b[m\x1b[K\xe2\x80\x99 is deprecated [\x1b[01;35m\x1b[K-Wdeprecated-declarations\x1b[m\x1b[K]\n'}
[19.454175] (orb_slam3_ros2_wrapper) StderrLine: {'line': b'   59 |       typedef Eigen::Map<Matrix<double, Di, Dj>, Matrix<double, Di, Dj>::\x1b[01;35m\x1b[KFlags & AlignedBit\x1b[m\x1b[K ? Aligned : Unaligned > HessianBlockType;\n'}
[19.454264] (orb_slam3_ros2_wrapper) StderrLine: {'line': b'      |                                                                          \x1b[01;35m\x1b[K~~~~~~^~~~~~~~~~~~\x1b[m\x1b[K\n'}
[19.454351] (orb_slam3_ros2_wrapper) StderrLine: {'line': b'In file included from \x1b[01m\x1b[K/usr/include/eigen3/Eigen/Core:161\x1b[m\x1b[K,\n'}
[19.454449] (orb_slam3_ros2_wrapper) StderrLine: {'line': b'                 from \x1b[01m\x1b[K/root/colcon_ws/src/orb_slam3_ros2_wrapper/include/orb_slam3_ros2_wrapper/type_conversion.hpp:10\x1b[m\x1b[K,\n'}
[19.454536] (orb_slam3_ros2_wrapper) StderrLine: {'line': b'                 from \x1b[01m\x1b[K/root/colcon_ws/src/orb_slam3_ros2_wrapper/src/rgbd/rgbd-slam-node.hpp:40\x1b[m\x1b[K,\n'}
[19.454633] (orb_slam3_ros2_wrapper) StderrLine: {'line': b'                 from \x1b[01m\x1b[K/root/colcon_ws/src/orb_slam3_ros2_wrapper/src/rgbd/rgbd.cpp:7\x1b[m\x1b[K:\n'}
[19.454720] (orb_slam3_ros2_wrapper) StderrLine: {'line': b'\x1b[01m\x1b[K/usr/include/eigen3/Eigen/src/Core/util/Constants.h:167:37:\x1b[m\x1b[K \x1b[01;36m\x1b[Knote: \x1b[m\x1b[Kdeclared here\n'}
[19.454822] (orb_slam3_ros2_wrapper) StderrLine: {'line': b'  167 | EIGEN_DEPRECATED const unsigned int \x1b[01;36m\x1b[KAlignedBit\x1b[m\x1b[K = 0x80;\n'}
[19.454914] (orb_slam3_ros2_wrapper) StderrLine: {'line': b'      |                                     \x1b[01;36m\x1b[K^~~~~~~~~~\x1b[m\x1b[K\n'}
[19.465476] (orb_slam3_ros2_wrapper) StderrLine: {'line': b'In file included from \x1b[01m\x1b[K/home/orb/ORB_SLAM3/include/Frame.h:30\x1b[m\x1b[K,\n'}
[19.465691] (orb_slam3_ros2_wrapper) StderrLine: {'line': b'                 from \x1b[01m\x1b[K/home/orb/ORB_SLAM3/include/KeyFrame.h:28\x1b[m\x1b[K,\n'}
[19.465805] (orb_slam3_ros2_wrapper) StderrLine: {'line': b'                 from \x1b[01m\x1b[K/home/orb/ORB_SLAM3/include/MapPoint.h:23\x1b[m\x1b[K,\n'}
[19.465905] (orb_slam3_ros2_wrapper) StderrLine: {'line': b'                 from \x1b[01m\x1b[K/home/orb/ORB_SLAM3/include/FrameDrawer.h:24\x1b[m\x1b[K,\n'}
[19.465995] (orb_slam3_ros2_wrapper) StderrLine: {'line': b'                 from \x1b[01m\x1b[K/home/orb/ORB_SLAM3/include/Viewer.h:23\x1b[m\x1b[K,\n'}
[19.466083] (orb_slam3_ros2_wrapper) StderrLine: {'line': b'                 from \x1b[01m\x1b[K/home/orb/ORB_SLAM3/include/Tracking.h:26\x1b[m\x1b[K,\n'}
[19.466169] (orb_slam3_ros2_wrapper) StderrLine: {'line': b'                 from \x1b[01m\x1b[K/home/orb/ORB_SLAM3/include/System.h:31\x1b[m\x1b[K,\n'}
[19.466256] (orb_slam3_ros2_wrapper) StderrLine: {'line': b'                 from \x1b[01m\x1b[K/root/colcon_ws/src/orb_slam3_ros2_wrapper/include/orb_slam3_ros2_wrapper/orb_slam3_interface.hpp:28\x1b[m\x1b[K,\n'}
[19.466344] (orb_slam3_ros2_wrapper) StderrLine: {'line': b'                 from \x1b[01m\x1b[K/root/colcon_ws/src/orb_slam3_ros2_wrapper/src/orb_slam3_interface.cpp:6\x1b[m\x1b[K:\n'}
[19.466446] (orb_slam3_ros2_wrapper) StderrLine: {'line': b'\x1b[01m\x1b[K/home/orb/ORB_SLAM3/include/ImuTypes.h:\x1b[m\x1b[K In member function \xe2\x80\x98\x1b[01m\x1b[Kvoid ORB_SLAM3::IMU::Preintegrated::printMeasurements() const\x1b[m\x1b[K\xe2\x80\x99:\n'}
[19.466535] (orb_slam3_ros2_wrapper) StderrLine: {'line': b'\x1b[01m\x1b[K/home/orb/ORB_SLAM3/include/ImuTypes.h:204:23:\x1b[m\x1b[K \x1b[01;35m\x1b[Kwarning: \x1b[m\x1b[Kcomparison of integer expressions of different signedness: \xe2\x80\x98\x1b[01m\x1b[Kint\x1b[m\x1b[K\xe2\x80\x99 and \xe2\x80\x98\x1b[01m\x1b[Kstd::vector<ORB_SLAM3::IMU::Preintegrated::integrable>::size_type\x1b[m\x1b[K\xe2\x80\x99 {aka \xe2\x80\x98\x1b[01m\x1b[Klong unsigned int\x1b[m\x1b[K\xe2\x80\x99} [\x1b[01;35m\x1b[K-Wsign-compare\x1b[m\x1b[K]\n'}
[19.466634] (orb_slam3_ros2_wrapper) StderrLine: {'line': b'  204 |         for(int i=0; \x1b[01;35m\x1b[Ki<mvMeasurements.size()\x1b[m\x1b[K; i++){\n'}
[19.466722] (orb_slam3_ros2_wrapper) StderrLine: {'line': b'      |                      \x1b[01;35m\x1b[K~^~~~~~~~~~~~~~~~~~~~~~\x1b[m\x1b[K\n'}
[19.473103] (orb_slam3_ros2_wrapper) StderrLine: {'line': b'In file included from \x1b[01m\x1b[K/home/orb/ORB_SLAM3/Thirdparty/g2o/g2o/types/types_six_dof_expmap.h:37\x1b[m\x1b[K,\n'}
[19.473331] (orb_slam3_ros2_wrapper) StderrLine: {'line': b'                 from \x1b[01m\x1b[K/home/orb/ORB_SLAM3/include/Converter.h:26\x1b[m\x1b[K,\n'}
[19.473445] (orb_slam3_ros2_wrapper) StderrLine: {'line': b'                 from \x1b[01m\x1b[K/home/orb/ORB_SLAM3/include/Frame.h:33\x1b[m\x1b[K,\n'}
[19.473541] (orb_slam3_ros2_wrapper) StderrLine: {'line': b'                 from \x1b[01m\x1b[K/home/orb/ORB_SLAM3/include/KeyFrame.h:28\x1b[m\x1b[K,\n'}
[19.473646] (orb_slam3_ros2_wrapper) StderrLine: {'line': b'                 from \x1b[01m\x1b[K/home/orb/ORB_SLAM3/include/MapPoint.h:23\x1b[m\x1b[K,\n'}
[19.473750] (orb_slam3_ros2_wrapper) StderrLine: {'line': b'                 from \x1b[01m\x1b[K/root/colcon_ws/src/orb_slam3_ros2_wrapper/include/orb_slam3_ros2_wrapper/type_conversion.hpp:26\x1b[m\x1b[K,\n'}
[19.473873] (orb_slam3_ros2_wrapper) StderrLine: {'line': b'                 from \x1b[01m\x1b[K/root/colcon_ws/src/orb_slam3_ros2_wrapper/src/rgbd/rgbd-slam-node.hpp:40\x1b[m\x1b[K,\n'}
[19.473975] (orb_slam3_ros2_wrapper) StderrLine: {'line': b'                 from \x1b[01m\x1b[K/root/colcon_ws/src/orb_slam3_ros2_wrapper/src/rgbd/rgbd-slam-node.cpp:6\x1b[m\x1b[K:\n'}
[19.474079] (orb_slam3_ros2_wrapper) StderrLine: {'line': b'\x1b[01m\x1b[K/home/orb/ORB_SLAM3/Thirdparty/g2o/g2o/types/../core/base_vertex.h:\x1b[m\x1b[K At global scope:\n'}
[19.474184] (orb_slam3_ros2_wrapper) StderrLine: {'line': b'\x1b[01m\x1b[K/home/orb/ORB_SLAM3/Thirdparty/g2o/g2o/types/../core/base_vertex.h:62:74:\x1b[m\x1b[K \x1b[01;35m\x1b[Kwarning: \x1b[m\x1b[K\xe2\x80\x98\x1b[01m\x1b[KEigen::AlignedBit\x1b[m\x1b[K\xe2\x80\x99 is deprecated [\x1b[01;35m\x1b[K-Wdeprecated-declarations\x1b[m\x1b[K]\n'}
[19.474293] (orb_slam3_ros2_wrapper) StderrLine: {'line': b'   62 |     typedef Eigen::Map<Matrix<double, D, D>, Matrix<double,D,D>::Flags & \x1b[01;35m\x1b[KAlignedBit\x1b[m\x1b[K ? Aligned : Unaligned >  HessianBlockType;\n'}
[19.474778] (orb_slam3_ros2_wrapper) StderrLine: {'line': b'      |                                                                          \x1b[01;35m\x1b[K^~~~~~~~~~\x1b[m\x1b[K\n'}
[19.474934] (orb_slam3_ros2_wrapper) StderrLine: {'line': b'In file included from \x1b[01m\x1b[K/usr/include/eigen3/Eigen/Core:161\x1b[m\x1b[K,\n'}
[19.476889] (orb_slam3_ros2_wrapper) StderrLine: {'line': b'                 from \x1b[01m\x1b[K/root/colcon_ws/src/orb_slam3_ros2_wrapper/include/orb_slam3_ros2_wrapper/type_conversion.hpp:10\x1b[m\x1b[K,\n'}
[19.477124] (orb_slam3_ros2_wrapper) StderrLine: {'line': b'                 from \x1b[01m\x1b[K/root/colcon_ws/src/orb_slam3_ros2_wrapper/src/rgbd/rgbd-slam-node.hpp:40\x1b[m\x1b[K,\n'}
[19.477269] (orb_slam3_ros2_wrapper) StderrLine: {'line': b'                 from \x1b[01m\x1b[K/root/colcon_ws/src/orb_slam3_ros2_wrapper/src/rgbd/rgbd-slam-node.cpp:6\x1b[m\x1b[K:\n'}
[19.477382] (orb_slam3_ros2_wrapper) StderrLine: {'line': b'\x1b[01m\x1b[K/usr/include/eigen3/Eigen/src/Core/util/Constants.h:167:37:\x1b[m\x1b[K \x1b[01;36m\x1b[Knote: \x1b[m\x1b[Kdeclared here\n'}
[19.477496] (orb_slam3_ros2_wrapper) StderrLine: {'line': b'  167 | EIGEN_DEPRECATED const unsigned int \x1b[01;36m\x1b[KAlignedBit\x1b[m\x1b[K = 0x80;\n'}
[19.477597] (orb_slam3_ros2_wrapper) StderrLine: {'line': b'      |                                     \x1b[01;36m\x1b[K^~~~~~~~~~\x1b[m\x1b[K\n'}
[19.482238] (orb_slam3_ros2_wrapper) StderrLine: {'line': b'In file included from \x1b[01m\x1b[K/home/orb/ORB_SLAM3/Thirdparty/g2o/g2o/types/types_six_dof_expmap.h:38\x1b[m\x1b[K,\n'}
[19.482615] (orb_slam3_ros2_wrapper) StderrLine: {'line': b'                 from \x1b[01m\x1b[K/home/orb/ORB_SLAM3/include/Converter.h:26\x1b[m\x1b[K,\n'}
[19.482744] (orb_slam3_ros2_wrapper) StderrLine: {'line': b'                 from \x1b[01m\x1b[K/home/orb/ORB_SLAM3/include/Frame.h:33\x1b[m\x1b[K,\n'}
[19.482866] (orb_slam3_ros2_wrapper) StderrLine: {'line': b'                 from \x1b[01m\x1b[K/home/orb/ORB_SLAM3/include/KeyFrame.h:28\x1b[m\x1b[K,\n'}
[19.482973] (orb_slam3_ros2_wrapper) StderrLine: {'line': b'                 from \x1b[01m\x1b[K/home/orb/ORB_SLAM3/include/MapPoint.h:23\x1b[m\x1b[K,\n'}
[19.483082] (orb_slam3_ros2_wrapper) StderrLine: {'line': b'                 from \x1b[01m\x1b[K/root/colcon_ws/src/orb_slam3_ros2_wrapper/include/orb_slam3_ros2_wrapper/type_conversion.hpp:26\x1b[m\x1b[K,\n'}
[19.483182] (orb_slam3_ros2_wrapper) StderrLine: {'line': b'                 from \x1b[01m\x1b[K/root/colcon_ws/src/orb_slam3_ros2_wrapper/src/rgbd/rgbd-slam-node.hpp:40\x1b[m\x1b[K,\n'}
[19.483280] (orb_slam3_ros2_wrapper) StderrLine: {'line': b'                 from \x1b[01m\x1b[K/root/colcon_ws/src/orb_slam3_ros2_wrapper/src/rgbd/rgbd.cpp:7\x1b[m\x1b[K:\n'}
[19.483383] (orb_slam3_ros2_wrapper) StderrLine: {'line': b'\x1b[01m\x1b[K/home/orb/ORB_SLAM3/Thirdparty/g2o/g2o/types/../core/base_binary_edge.h:60:80:\x1b[m\x1b[K \x1b[01;35m\x1b[Kwarning: \x1b[m\x1b[K\xe2\x80\x98\x1b[01m\x1b[KEigen::AlignedBit\x1b[m\x1b[K\xe2\x80\x99 is deprecated [\x1b[01;35m\x1b[K-Wdeprecated-declarations\x1b[m\x1b[K]\n'}
[19.483490] (orb_slam3_ros2_wrapper) StderrLine: {'line': b'   60 |       typedef Eigen::Map<Matrix<double, Dj, Di>, Matrix<double, Dj, Di>::\x1b[01;35m\x1b[KFlags & AlignedBit\x1b[m\x1b[K ? Aligned : Unaligned > HessianBlockTransposedType;\n'}
[19.483590] (orb_slam3_ros2_wrapper) StderrLine: {'line': b'      |                                                                          \x1b[01;35m\x1b[K~~~~~~^~~~~~~~~~~~\x1b[m\x1b[K\n'}
[19.483691] (orb_slam3_ros2_wrapper) StderrLine: {'line': b'In file included from \x1b[01m\x1b[K/usr/include/eigen3/Eigen/Core:161\x1b[m\x1b[K,\n'}
[19.483797] (orb_slam3_ros2_wrapper) StderrLine: {'line': b'                 from \x1b[01m\x1b[K/root/colcon_ws/src/orb_slam3_ros2_wrapper/include/orb_slam3_ros2_wrapper/type_conversion.hpp:10\x1b[m\x1b[K,\n'}
[19.483926] (orb_slam3_ros2_wrapper) StderrLine: {'line': b'                 from \x1b[01m\x1b[K/root/colcon_ws/src/orb_slam3_ros2_wrapper/src/rgbd/rgbd-slam-node.hpp:40\x1b[m\x1b[K,\n'}
[19.484024] (orb_slam3_ros2_wrapper) StderrLine: {'line': b'                 from \x1b[01m\x1b[K/root/colcon_ws/src/orb_slam3_ros2_wrapper/src/rgbd/rgbd.cpp:7\x1b[m\x1b[K:\n'}
[19.484127] (orb_slam3_ros2_wrapper) StderrLine: {'line': b'\x1b[01m\x1b[K/usr/include/eigen3/Eigen/src/Core/util/Constants.h:167:37:\x1b[m\x1b[K \x1b[01;36m\x1b[Knote: \x1b[m\x1b[Kdeclared here\n'}
[19.484231] (orb_slam3_ros2_wrapper) StderrLine: {'line': b'  167 | EIGEN_DEPRECATED const unsigned int \x1b[01;36m\x1b[KAlignedBit\x1b[m\x1b[K = 0x80;\n'}
[19.484332] (orb_slam3_ros2_wrapper) StderrLine: {'line': b'      |                                     \x1b[01;36m\x1b[K^~~~~~~~~~\x1b[m\x1b[K\n'}
[19.485588] (orb_slam3_ros2_wrapper) StderrLine: {'line': b'In file included from \x1b[01m\x1b[K/home/orb/ORB_SLAM3/Thirdparty/g2o/g2o/types/types_six_dof_expmap.h:38\x1b[m\x1b[K,\n'}
[19.485888] (orb_slam3_ros2_wrapper) StderrLine: {'line': b'                 from \x1b[01m\x1b[K/home/orb/ORB_SLAM3/include/Converter.h:26\x1b[m\x1b[K,\n'}
[19.486016] (orb_slam3_ros2_wrapper) StderrLine: {'line': b'                 from \x1b[01m\x1b[K/home/orb/ORB_SLAM3/include/Frame.h:33\x1b[m\x1b[K,\n'}
[19.486137] (orb_slam3_ros2_wrapper) StderrLine: {'line': b'                 from \x1b[01m\x1b[K/home/orb/ORB_SLAM3/include/KeyFrame.h:28\x1b[m\x1b[K,\n'}
[19.486248] (orb_slam3_ros2_wrapper) StderrLine: {'line': b'                 from \x1b[01m\x1b[K/home/orb/ORB_SLAM3/include/MapPoint.h:23\x1b[m\x1b[K,\n'}
[19.486348] (orb_slam3_ros2_wrapper) StderrLine: {'line': b'                 from \x1b[01m\x1b[K/root/colcon_ws/src/orb_slam3_ros2_wrapper/include/orb_slam3_ros2_wrapper/type_conversion.hpp:26\x1b[m\x1b[K,\n'}
[19.486452] (orb_slam3_ros2_wrapper) StderrLine: {'line': b'                 from \x1b[01m\x1b[K/root/colcon_ws/src/orb_slam3_ros2_wrapper/src/rgbd/rgbd-slam-node.hpp:40\x1b[m\x1b[K,\n'}
[19.486555] (orb_slam3_ros2_wrapper) StderrLine: {'line': b'                 from \x1b[01m\x1b[K/root/colcon_ws/src/orb_slam3_ros2_wrapper/src/rgbd/rgbd-slam-node.cpp:6\x1b[m\x1b[K:\n'}
[19.486664] (orb_slam3_ros2_wrapper) StderrLine: {'line': b'\x1b[01m\x1b[K/home/orb/ORB_SLAM3/Thirdparty/g2o/g2o/types/../core/base_binary_edge.h:59:82:\x1b[m\x1b[K \x1b[01;35m\x1b[Kwarning: \x1b[m\x1b[K\xe2\x80\x98\x1b[01m\x1b[KEigen::AlignedBit\x1b[m\x1b[K\xe2\x80\x99 is deprecated [\x1b[01;35m\x1b[K-Wdeprecated-declarations\x1b[m\x1b[K]\n'}
[19.486791] (orb_slam3_ros2_wrapper) StderrLine: {'line': b'   59 |       typedef Eigen::Map<Matrix<double, Di, Dj>, Matrix<double, Di, Dj>::Flags & \x1b[01;35m\x1b[KAlignedBit\x1b[m\x1b[K ? Aligned : Unaligned > HessianBlockType;\n'}
[19.486907] (orb_slam3_ros2_wrapper) StderrLine: {'line': b'      |                                                                                  \x1b[01;35m\x1b[K^~~~~~~~~~\x1b[m\x1b[K\n'}
[19.487198] (orb_slam3_ros2_wrapper) StderrLine: {'line': b'In file included from \x1b[01m\x1b[K/usr/include/eigen3/Eigen/Core:161\x1b[m\x1b[K,\n'}
[19.487326] (orb_slam3_ros2_wrapper) StderrLine: {'line': b'                 from \x1b[01m\x1b[K/root/colcon_ws/src/orb_slam3_ros2_wrapper/include/orb_slam3_ros2_wrapper/type_conversion.hpp:10\x1b[m\x1b[K,\n'}
[19.487424] (orb_slam3_ros2_wrapper) StderrLine: {'line': b'                 from \x1b[01m\x1b[K/root/colcon_ws/src/orb_slam3_ros2_wrapper/src/rgbd/rgbd-slam-node.hpp:40\x1b[m\x1b[K,\n'}
[19.487526] (orb_slam3_ros2_wrapper) StderrLine: {'line': b'                 from \x1b[01m\x1b[K/root/colcon_ws/src/orb_slam3_ros2_wrapper/src/rgbd/rgbd-slam-node.cpp:6\x1b[m\x1b[K:\n'}
[19.487632] (orb_slam3_ros2_wrapper) StderrLine: {'line': b'\x1b[01m\x1b[K/usr/include/eigen3/Eigen/src/Core/util/Constants.h:167:37:\x1b[m\x1b[K \x1b[01;36m\x1b[Knote: \x1b[m\x1b[Kdeclared here\n'}
[19.487746] (orb_slam3_ros2_wrapper) StderrLine: {'line': b'  167 | EIGEN_DEPRECATED const unsigned int \x1b[01;36m\x1b[KAlignedBit\x1b[m\x1b[K = 0x80;\n'}
[19.487869] (orb_slam3_ros2_wrapper) StderrLine: {'line': b'      |                                     \x1b[01;36m\x1b[K^~~~~~~~~~\x1b[m\x1b[K\n'}
[19.487981] (orb_slam3_ros2_wrapper) StderrLine: {'line': b'In file included from \x1b[01m\x1b[K/home/orb/ORB_SLAM3/Thirdparty/g2o/g2o/types/types_six_dof_expmap.h:38\x1b[m\x1b[K,\n'}
[19.488081] (orb_slam3_ros2_wrapper) StderrLine: {'line': b'                 from \x1b[01m\x1b[K/home/orb/ORB_SLAM3/include/Converter.h:26\x1b[m\x1b[K,\n'}
[19.488195] (orb_slam3_ros2_wrapper) StderrLine: {'line': b'                 from \x1b[01m\x1b[K/home/orb/ORB_SLAM3/include/Frame.h:33\x1b[m\x1b[K,\n'}
[19.488301] (orb_slam3_ros2_wrapper) StderrLine: {'line': b'                 from \x1b[01m\x1b[K/home/orb/ORB_SLAM3/include/KeyFrame.h:28\x1b[m\x1b[K,\n'}
[19.488408] (orb_slam3_ros2_wrapper) StderrLine: {'line': b'                 from \x1b[01m\x1b[K/home/orb/ORB_SLAM3/include/MapPoint.h:23\x1b[m\x1b[K,\n'}
[19.488509] (orb_slam3_ros2_wrapper) StderrLine: {'line': b'                 from \x1b[01m\x1b[K/root/colcon_ws/src/orb_slam3_ros2_wrapper/include/orb_slam3_ros2_wrapper/type_conversion.hpp:26\x1b[m\x1b[K,\n'}
[19.488619] (orb_slam3_ros2_wrapper) StderrLine: {'line': b'                 from \x1b[01m\x1b[K/root/colcon_ws/src/orb_slam3_ros2_wrapper/src/rgbd/rgbd-slam-node.hpp:40\x1b[m\x1b[K,\n'}
[19.488724] (orb_slam3_ros2_wrapper) StderrLine: {'line': b'                 from \x1b[01m\x1b[K/root/colcon_ws/src/orb_slam3_ros2_wrapper/src/rgbd/rgbd-slam-node.cpp:6\x1b[m\x1b[K:\n'}
[19.488846] (orb_slam3_ros2_wrapper) StderrLine: {'line': b'\x1b[01m\x1b[K/home/orb/ORB_SLAM3/Thirdparty/g2o/g2o/types/../core/base_binary_edge.h:60:82:\x1b[m\x1b[K \x1b[01;35m\x1b[Kwarning: \x1b[m\x1b[K\xe2\x80\x98\x1b[01m\x1b[KEigen::AlignedBit\x1b[m\x1b[K\xe2\x80\x99 is deprecated [\x1b[01;35m\x1b[K-Wdeprecated-declarations\x1b[m\x1b[K]\n'}
[19.488959] (orb_slam3_ros2_wrapper) StderrLine: {'line': b'   60 |       typedef Eigen::Map<Matrix<double, Dj, Di>, Matrix<double, Dj, Di>::Flags & \x1b[01;35m\x1b[KAlignedBit\x1b[m\x1b[K ? Aligned : Unaligned > HessianBlockTransposedType;\n'}
[19.489060] (orb_slam3_ros2_wrapper) StderrLine: {'line': b'      |                                                                                  \x1b[01;35m\x1b[K^~~~~~~~~~\x1b[m\x1b[K\n'}
[19.489172] (orb_slam3_ros2_wrapper) StderrLine: {'line': b'In file included from \x1b[01m\x1b[K/usr/include/eigen3/Eigen/Core:161\x1b[m\x1b[K,\n'}
[19.489279] (orb_slam3_ros2_wrapper) StderrLine: {'line': b'                 from \x1b[01m\x1b[K/root/colcon_ws/src/orb_slam3_ros2_wrapper/include/orb_slam3_ros2_wrapper/type_conversion.hpp:10\x1b[m\x1b[K,\n'}
[19.489380] (orb_slam3_ros2_wrapper) StderrLine: {'line': b'                 from \x1b[01m\x1b[K/root/colcon_ws/src/orb_slam3_ros2_wrapper/src/rgbd/rgbd-slam-node.hpp:40\x1b[m\x1b[K,\n'}
[19.489481] (orb_slam3_ros2_wrapper) StderrLine: {'line': b'                 from \x1b[01m\x1b[K/root/colcon_ws/src/orb_slam3_ros2_wrapper/src/rgbd/rgbd-slam-node.cpp:6\x1b[m\x1b[K:\n'}
[19.489582] (orb_slam3_ros2_wrapper) StderrLine: {'line': b'\x1b[01m\x1b[K/usr/include/eigen3/Eigen/src/Core/util/Constants.h:167:37:\x1b[m\x1b[K \x1b[01;36m\x1b[Knote: \x1b[m\x1b[Kdeclared here\n'}
[19.489690] (orb_slam3_ros2_wrapper) StderrLine: {'line': b'  167 | EIGEN_DEPRECATED const unsigned int \x1b[01;36m\x1b[KAlignedBit\x1b[m\x1b[K = 0x80;\n'}
[19.489810] (orb_slam3_ros2_wrapper) StderrLine: {'line': b'      |                                     \x1b[01;36m\x1b[K^~~~~~~~~~\x1b[m\x1b[K\n'}
[19.550540] (-) TimerEvent: {}
[19.565921] (orb_slam3_ros2_wrapper) StderrLine: {'line': b'In file included from \x1b[01m\x1b[K/home/orb/ORB_SLAM3/Thirdparty/g2o/g2o/types/types_six_dof_expmap.h:41\x1b[m\x1b[K,\n'}
[19.566198] (orb_slam3_ros2_wrapper) StderrLine: {'line': b'                 from \x1b[01m\x1b[K/home/orb/ORB_SLAM3/include/Converter.h:26\x1b[m\x1b[K,\n'}
[19.566309] (orb_slam3_ros2_wrapper) StderrLine: {'line': b'                 from \x1b[01m\x1b[K/home/orb/ORB_SLAM3/include/Frame.h:33\x1b[m\x1b[K,\n'}
[19.566412] (orb_slam3_ros2_wrapper) StderrLine: {'line': b'                 from \x1b[01m\x1b[K/home/orb/ORB_SLAM3/include/KeyFrame.h:28\x1b[m\x1b[K,\n'}
[19.566512] (orb_slam3_ros2_wrapper) StderrLine: {'line': b'                 from \x1b[01m\x1b[K/home/orb/ORB_SLAM3/include/MapPoint.h:23\x1b[m\x1b[K,\n'}
[19.566611] (orb_slam3_ros2_wrapper) StderrLine: {'line': b'                 from \x1b[01m\x1b[K/root/colcon_ws/src/orb_slam3_ros2_wrapper/include/orb_slam3_ros2_wrapper/type_conversion.hpp:26\x1b[m\x1b[K,\n'}
[19.566721] (orb_slam3_ros2_wrapper) StderrLine: {'line': b'                 from \x1b[01m\x1b[K/root/colcon_ws/src/orb_slam3_ros2_wrapper/src/rgbd/rgbd-slam-node.hpp:40\x1b[m\x1b[K,\n'}
[19.566851] (orb_slam3_ros2_wrapper) StderrLine: {'line': b'                 from \x1b[01m\x1b[K/root/colcon_ws/src/orb_slam3_ros2_wrapper/src/rgbd/rgbd-slam-node.cpp:6\x1b[m\x1b[K:\n'}
[19.566949] (orb_slam3_ros2_wrapper) StderrLine: {'line': b'\x1b[01m\x1b[K/home/orb/ORB_SLAM3/Thirdparty/g2o/g2o/types/se3quat.h:43:38:\x1b[m\x1b[K \x1b[01;35m\x1b[Kwarning: \x1b[m\x1b[Kextra \xe2\x80\x98\x1b[01m\x1b[K;\x1b[m\x1b[K\xe2\x80\x99 [\x1b[01;35m\x1b[K-Wpedantic\x1b[m\x1b[K]\n'}
[19.567058] (orb_slam3_ros2_wrapper) StderrLine: {'line': b'   43 |       EIGEN_MAKE_ALIGNED_OPERATOR_NEW\x1b[01;35m\x1b[K;\x1b[m\x1b[K\n'}
[19.567151] (orb_slam3_ros2_wrapper) StderrLine: {'line': b'      |                                      \x1b[01;35m\x1b[K^\x1b[m\x1b[K\n'}
[19.567243] (orb_slam3_ros2_wrapper) StderrLine: {'line': b'      |                                      \x1b[31m\x1b[K-\x1b[m\x1b[K\n'}
[19.641349] (orb_slam3_ros2_wrapper) StderrLine: {'line': b'In file included from \x1b[01m\x1b[K/home/orb/ORB_SLAM3/Thirdparty/g2o/g2o/types/types_six_dof_expmap.h:38\x1b[m\x1b[K,\n'}
[19.641876] (orb_slam3_ros2_wrapper) StderrLine: {'line': b'                 from \x1b[01m\x1b[K/home/orb/ORB_SLAM3/include/Converter.h:26\x1b[m\x1b[K,\n'}
[19.642064] (orb_slam3_ros2_wrapper) StderrLine: {'line': b'                 from \x1b[01m\x1b[K/home/orb/ORB_SLAM3/include/Frame.h:33\x1b[m\x1b[K,\n'}
[19.642191] (orb_slam3_ros2_wrapper) StderrLine: {'line': b'                 from \x1b[01m\x1b[K/home/orb/ORB_SLAM3/include/KeyFrame.h:28\x1b[m\x1b[K,\n'}
[19.642337] (orb_slam3_ros2_wrapper) StderrLine: {'line': b'                 from \x1b[01m\x1b[K/home/orb/ORB_SLAM3/include/MapPoint.h:23\x1b[m\x1b[K,\n'}
[19.642450] (orb_slam3_ros2_wrapper) StderrLine: {'line': b'                 from \x1b[01m\x1b[K/root/colcon_ws/src/orb_slam3_ros2_wrapper/include/orb_slam3_ros2_wrapper/type_conversion.hpp:26\x1b[m\x1b[K,\n'}
[19.642563] (orb_slam3_ros2_wrapper) StderrLine: {'line': b'                 from \x1b[01m\x1b[K/root/colcon_ws/src/orb_slam3_ros2_wrapper/src/rgbd/rgbd-slam-node.hpp:40\x1b[m\x1b[K,\n'}
[19.642676] (orb_slam3_ros2_wrapper) StderrLine: {'line': b'                 from \x1b[01m\x1b[K/root/colcon_ws/src/orb_slam3_ros2_wrapper/src/rgbd/rgbd.cpp:7\x1b[m\x1b[K:\n'}
[19.642813] (orb_slam3_ros2_wrapper) StderrLine: {'line': b'/home/orb/ORB_SLAM3/Thirdparty/g2o/g2o/types/../core/base_binary_edge.h: In instantiation of \xe2\x80\x98\x1b[01m\x1b[Kclass g2o::BaseBinaryEdge<3, Eigen::Matrix<double, 3, 1>, g2o::VertexSBAPointXYZ, g2o::VertexSE3Expmap>\x1b[m\x1b[K\xe2\x80\x99:\n'}
[19.642939] (orb_slam3_ros2_wrapper) StderrLine: {'line': b'\x1b[01m\x1b[K/home/orb/ORB_SLAM3/Thirdparty/g2o/g2o/types/types_six_dof_expmap.h:146:41:\x1b[m\x1b[K   required from here\n'}
[19.643036] (orb_slam3_ros2_wrapper) StderrLine: {'line': b'\x1b[01m\x1b[K/home/orb/ORB_SLAM3/Thirdparty/g2o/g2o/types/../core/base_binary_edge.h:59:80:\x1b[m\x1b[K \x1b[01;35m\x1b[Kwarning: \x1b[m\x1b[K\xe2\x80\x98\x1b[01m\x1b[KEigen::AlignedBit\x1b[m\x1b[K\xe2\x80\x99 is deprecated [\x1b[01;35m\x1b[K-Wdeprecated-declarations\x1b[m\x1b[K]\n'}
[19.643135] (orb_slam3_ros2_wrapper) StderrLine: {'line': b'   59 |       typedef Eigen::Map<Matrix<double, Di, Dj>, Matrix<double, Di, Dj>::\x1b[01;35m\x1b[KFlags & AlignedBit\x1b[m\x1b[K ? Aligned : Unaligned > HessianBlockType;\n'}
[19.643226] (orb_slam3_ros2_wrapper) StderrLine: {'line': b'      |                                                                          \x1b[01;35m\x1b[K~~~~~~^~~~~~~~~~~~\x1b[m\x1b[K\n'}
[19.643315] (orb_slam3_ros2_wrapper) StderrLine: {'line': b'In file included from \x1b[01m\x1b[K/usr/include/eigen3/Eigen/Core:161\x1b[m\x1b[K,\n'}
[19.643403] (orb_slam3_ros2_wrapper) StderrLine: {'line': b'                 from \x1b[01m\x1b[K/root/colcon_ws/src/orb_slam3_ros2_wrapper/include/orb_slam3_ros2_wrapper/type_conversion.hpp:10\x1b[m\x1b[K,\n'}
[19.643489] (orb_slam3_ros2_wrapper) StderrLine: {'line': b'                 from \x1b[01m\x1b[K/root/colcon_ws/src/orb_slam3_ros2_wrapper/src/rgbd/rgbd-slam-node.hpp:40\x1b[m\x1b[K,\n'}
[19.643574] (orb_slam3_ros2_wrapper) StderrLine: {'line': b'                 from \x1b[01m\x1b[K/root/colcon_ws/src/orb_slam3_ros2_wrapper/src/rgbd/rgbd.cpp:7\x1b[m\x1b[K:\n'}
[19.643673] (orb_slam3_ros2_wrapper) StderrLine: {'line': b'\x1b[01m\x1b[K/usr/include/eigen3/Eigen/src/Core/util/Constants.h:167:37:\x1b[m\x1b[K \x1b[01;36m\x1b[Knote: \x1b[m\x1b[Kdeclared here\n'}
[19.643809] (orb_slam3_ros2_wrapper) StderrLine: {'line': b'  167 | EIGEN_DEPRECATED const unsigned int \x1b[01;36m\x1b[KAlignedBit\x1b[m\x1b[K = 0x80;\n'}
[19.643914] (orb_slam3_ros2_wrapper) StderrLine: {'line': b'      |                                     \x1b[01;36m\x1b[K^~~~~~~~~~\x1b[m\x1b[K\n'}
[19.644004] (orb_slam3_ros2_wrapper) StderrLine: {'line': b'In file included from \x1b[01m\x1b[K/home/orb/ORB_SLAM3/Thirdparty/g2o/g2o/types/types_six_dof_expmap.h:38\x1b[m\x1b[K,\n'}
[19.644093] (orb_slam3_ros2_wrapper) StderrLine: {'line': b'                 from \x1b[01m\x1b[K/home/orb/ORB_SLAM3/include/Converter.h:26\x1b[m\x1b[K,\n'}
[19.644181] (orb_slam3_ros2_wrapper) StderrLine: {'line': b'                 from \x1b[01m\x1b[K/home/orb/ORB_SLAM3/include/Frame.h:33\x1b[m\x1b[K,\n'}
[19.644270] (orb_slam3_ros2_wrapper) StderrLine: {'line': b'                 from \x1b[01m\x1b[K/home/orb/ORB_SLAM3/include/KeyFrame.h:28\x1b[m\x1b[K,\n'}
[19.644357] (orb_slam3_ros2_wrapper) StderrLine: {'line': b'                 from \x1b[01m\x1b[K/home/orb/ORB_SLAM3/include/MapPoint.h:23\x1b[m\x1b[K,\n'}
[19.644444] (orb_slam3_ros2_wrapper) StderrLine: {'line': b'                 from \x1b[01m\x1b[K/root/colcon_ws/src/orb_slam3_ros2_wrapper/include/orb_slam3_ros2_wrapper/type_conversion.hpp:26\x1b[m\x1b[K,\n'}
[19.644533] (orb_slam3_ros2_wrapper) StderrLine: {'line': b'                 from \x1b[01m\x1b[K/root/colcon_ws/src/orb_slam3_ros2_wrapper/src/rgbd/rgbd-slam-node.hpp:40\x1b[m\x1b[K,\n'}
[19.644623] (orb_slam3_ros2_wrapper) StderrLine: {'line': b'                 from \x1b[01m\x1b[K/root/colcon_ws/src/orb_slam3_ros2_wrapper/src/rgbd/rgbd.cpp:7\x1b[m\x1b[K:\n'}
[19.644729] (orb_slam3_ros2_wrapper) StderrLine: {'line': b'\x1b[01m\x1b[K/home/orb/ORB_SLAM3/Thirdparty/g2o/g2o/types/../core/base_binary_edge.h:60:80:\x1b[m\x1b[K \x1b[01;35m\x1b[Kwarning: \x1b[m\x1b[K\xe2\x80\x98\x1b[01m\x1b[KEigen::AlignedBit\x1b[m\x1b[K\xe2\x80\x99 is deprecated [\x1b[01;35m\x1b[K-Wdeprecated-declarations\x1b[m\x1b[K]\n'}
[19.649121] (orb_slam3_ros2_wrapper) StderrLine: {'line': b'   60 |       typedef Eigen::Map<Matrix<double, Dj, Di>, Matrix<double, Dj, Di>::\x1b[01;35m\x1b[KFlags & AlignedBit\x1b[m\x1b[K ? Aligned : Unaligned > HessianBlockTransposedType;\n'}
[19.649278] (orb_slam3_ros2_wrapper) StderrLine: {'line': b'      |                                                                          \x1b[01;35m\x1b[K~~~~~~^~~~~~~~~~~~\x1b[m\x1b[K\n'}
[19.649398] (orb_slam3_ros2_wrapper) StderrLine: {'line': b'In file included from \x1b[01m\x1b[K/usr/include/eigen3/Eigen/Core:161\x1b[m\x1b[K,\n'}
[19.649514] (orb_slam3_ros2_wrapper) StderrLine: {'line': b'                 from \x1b[01m\x1b[K/root/colcon_ws/src/orb_slam3_ros2_wrapper/include/orb_slam3_ros2_wrapper/type_conversion.hpp:10\x1b[m\x1b[K,\n'}
[19.649628] (orb_slam3_ros2_wrapper) StderrLine: {'line': b'                 from \x1b[01m\x1b[K/root/colcon_ws/src/orb_slam3_ros2_wrapper/src/rgbd/rgbd-slam-node.hpp:40\x1b[m\x1b[K,\n'}
[19.649742] (orb_slam3_ros2_wrapper) StderrLine: {'line': b'                 from \x1b[01m\x1b[K/root/colcon_ws/src/orb_slam3_ros2_wrapper/src/rgbd/rgbd.cpp:7\x1b[m\x1b[K:\n'}
[19.649872] (orb_slam3_ros2_wrapper) StderrLine: {'line': b'\x1b[01m\x1b[K/usr/include/eigen3/Eigen/src/Core/util/Constants.h:167:37:\x1b[m\x1b[K \x1b[01;36m\x1b[Knote: \x1b[m\x1b[Kdeclared here\n'}
[19.649989] (orb_slam3_ros2_wrapper) StderrLine: {'line': b'  167 | EIGEN_DEPRECATED const unsigned int \x1b[01;36m\x1b[KAlignedBit\x1b[m\x1b[K = 0x80;\n'}
[19.650100] (orb_slam3_ros2_wrapper) StderrLine: {'line': b'      |                                     \x1b[01;36m\x1b[K^~~~~~~~~~\x1b[m\x1b[K\n'}
[19.653037] (-) TimerEvent: {}
[19.753518] (-) TimerEvent: {}
[19.809214] (orb_slam3_ros2_wrapper) StderrLine: {'line': b'In file included from \x1b[01m\x1b[K/home/orb/ORB_SLAM3/Thirdparty/g2o/g2o/types/types_six_dof_expmap.h:37\x1b[m\x1b[K,\n'}
[19.809650] (orb_slam3_ros2_wrapper) StderrLine: {'line': b'                 from \x1b[01m\x1b[K/home/orb/ORB_SLAM3/include/Converter.h:26\x1b[m\x1b[K,\n'}
[19.809884] (orb_slam3_ros2_wrapper) StderrLine: {'line': b'                 from \x1b[01m\x1b[K/home/orb/ORB_SLAM3/include/Frame.h:33\x1b[m\x1b[K,\n'}
[19.810007] (orb_slam3_ros2_wrapper) StderrLine: {'line': b'                 from \x1b[01m\x1b[K/home/orb/ORB_SLAM3/include/KeyFrame.h:28\x1b[m\x1b[K,\n'}
[19.810111] (orb_slam3_ros2_wrapper) StderrLine: {'line': b'                 from \x1b[01m\x1b[K/home/orb/ORB_SLAM3/include/MapPoint.h:23\x1b[m\x1b[K,\n'}
[19.810209] (orb_slam3_ros2_wrapper) StderrLine: {'line': b'                 from \x1b[01m\x1b[K/home/orb/ORB_SLAM3/include/FrameDrawer.h:24\x1b[m\x1b[K,\n'}
[19.810306] (orb_slam3_ros2_wrapper) StderrLine: {'line': b'                 from \x1b[01m\x1b[K/home/orb/ORB_SLAM3/include/Viewer.h:23\x1b[m\x1b[K,\n'}
[19.810581] (orb_slam3_ros2_wrapper) StderrLine: {'line': b'                 from \x1b[01m\x1b[K/home/orb/ORB_SLAM3/include/Tracking.h:26\x1b[m\x1b[K,\n'}
[19.810705] (orb_slam3_ros2_wrapper) StderrLine: {'line': b'                 from \x1b[01m\x1b[K/home/orb/ORB_SLAM3/include/System.h:31\x1b[m\x1b[K,\n'}
[19.810871] (orb_slam3_ros2_wrapper) StderrLine: {'line': b'                 from \x1b[01m\x1b[K/root/colcon_ws/src/orb_slam3_ros2_wrapper/include/orb_slam3_ros2_wrapper/orb_slam3_interface.hpp:28\x1b[m\x1b[K,\n'}
[19.811013] (orb_slam3_ros2_wrapper) StderrLine: {'line': b'                 from \x1b[01m\x1b[K/root/colcon_ws/src/orb_slam3_ros2_wrapper/src/orb_slam3_interface.cpp:6\x1b[m\x1b[K:\n'}
[19.811121] (orb_slam3_ros2_wrapper) StderrLine: {'line': b'\x1b[01m\x1b[K/home/orb/ORB_SLAM3/Thirdparty/g2o/g2o/types/../core/base_vertex.h:\x1b[m\x1b[K At global scope:\n'}
[19.811274] (orb_slam3_ros2_wrapper) StderrLine: {'line': b'\x1b[01m\x1b[K/home/orb/ORB_SLAM3/Thirdparty/g2o/g2o/types/../core/base_vertex.h:62:74:\x1b[m\x1b[K \x1b[01;35m\x1b[Kwarning: \x1b[m\x1b[K\xe2\x80\x98\x1b[01m\x1b[KEigen::AlignedBit\x1b[m\x1b[K\xe2\x80\x99 is deprecated [\x1b[01;35m\x1b[K-Wdeprecated-declarations\x1b[m\x1b[K]\n'}
[19.811391] (orb_slam3_ros2_wrapper) StderrLine: {'line': b'   62 |     typedef Eigen::Map<Matrix<double, D, D>, Matrix<double,D,D>::Flags & \x1b[01;35m\x1b[KAlignedBit\x1b[m\x1b[K ? Aligned : Unaligned >  HessianBlockType;\n'}
[19.811546] (orb_slam3_ros2_wrapper) StderrLine: {'line': b'      |                                                                          \x1b[01;35m\x1b[K^~~~~~~~~~\x1b[m\x1b[K\n'}
[19.811671] (orb_slam3_ros2_wrapper) StderrLine: {'line': b'In file included from \x1b[01m\x1b[K/usr/include/eigen3/Eigen/Core:161\x1b[m\x1b[K,\n'}
[19.811805] (orb_slam3_ros2_wrapper) StderrLine: {'line': b'                 from \x1b[01m\x1b[K/root/colcon_ws/src/orb_slam3_ros2_wrapper/include/orb_slam3_ros2_wrapper/orb_slam3_interface.hpp:12\x1b[m\x1b[K,\n'}
[19.811948] (orb_slam3_ros2_wrapper) StderrLine: {'line': b'                 from \x1b[01m\x1b[K/root/colcon_ws/src/orb_slam3_ros2_wrapper/src/orb_slam3_interface.cpp:6\x1b[m\x1b[K:\n'}
[19.812061] (orb_slam3_ros2_wrapper) StderrLine: {'line': b'\x1b[01m\x1b[K/usr/include/eigen3/Eigen/src/Core/util/Constants.h:167:37:\x1b[m\x1b[K \x1b[01;36m\x1b[Knote: \x1b[m\x1b[Kdeclared here\n'}
[19.812169] (orb_slam3_ros2_wrapper) StderrLine: {'line': b'  167 | EIGEN_DEPRECATED const unsigned int \x1b[01;36m\x1b[KAlignedBit\x1b[m\x1b[K = 0x80;\n'}
[19.812313] (orb_slam3_ros2_wrapper) StderrLine: {'line': b'      |                                     \x1b[01;36m\x1b[K^~~~~~~~~~\x1b[m\x1b[K\n'}
[19.824856] (orb_slam3_ros2_wrapper) StderrLine: {'line': b'In file included from \x1b[01m\x1b[K/home/orb/ORB_SLAM3/Thirdparty/g2o/g2o/types/types_six_dof_expmap.h:38\x1b[m\x1b[K,\n'}
[19.825103] (orb_slam3_ros2_wrapper) StderrLine: {'line': b'                 from \x1b[01m\x1b[K/home/orb/ORB_SLAM3/include/Converter.h:26\x1b[m\x1b[K,\n'}
[19.825230] (orb_slam3_ros2_wrapper) StderrLine: {'line': b'                 from \x1b[01m\x1b[K/home/orb/ORB_SLAM3/include/Frame.h:33\x1b[m\x1b[K,\n'}
[19.825347] (orb_slam3_ros2_wrapper) StderrLine: {'line': b'                 from \x1b[01m\x1b[K/home/orb/ORB_SLAM3/include/KeyFrame.h:28\x1b[m\x1b[K,\n'}
[19.825483] (orb_slam3_ros2_wrapper) StderrLine: {'line': b'                 from \x1b[01m\x1b[K/home/orb/ORB_SLAM3/include/MapPoint.h:23\x1b[m\x1b[K,\n'}
[19.825597] (orb_slam3_ros2_wrapper) StderrLine: {'line': b'                 from \x1b[01m\x1b[K/home/orb/ORB_SLAM3/include/FrameDrawer.h:24\x1b[m\x1b[K,\n'}
[19.825715] (orb_slam3_ros2_wrapper) StderrLine: {'line': b'                 from \x1b[01m\x1b[K/home/orb/ORB_SLAM3/include/Viewer.h:23\x1b[m\x1b[K,\n'}
[19.825856] (orb_slam3_ros2_wrapper) StderrLine: {'line': b'                 from \x1b[01m\x1b[K/home/orb/ORB_SLAM3/include/Tracking.h:26\x1b[m\x1b[K,\n'}
[19.825973] (orb_slam3_ros2_wrapper) StderrLine: {'line': b'                 from \x1b[01m\x1b[K/home/orb/ORB_SLAM3/include/System.h:31\x1b[m\x1b[K,\n'}
[19.826068] (orb_slam3_ros2_wrapper) StderrLine: {'line': b'                 from \x1b[01m\x1b[K/root/colcon_ws/src/orb_slam3_ros2_wrapper/include/orb_slam3_ros2_wrapper/orb_slam3_interface.hpp:28\x1b[m\x1b[K,\n'}
[19.826168] (orb_slam3_ros2_wrapper) StderrLine: {'line': b'                 from \x1b[01m\x1b[K/root/colcon_ws/src/orb_slam3_ros2_wrapper/src/orb_slam3_interface.cpp:6\x1b[m\x1b[K:\n'}
[19.826281] (orb_slam3_ros2_wrapper) StderrLine: {'line': b'\x1b[01m\x1b[K/home/orb/ORB_SLAM3/Thirdparty/g2o/g2o/types/../core/base_binary_edge.h:59:82:\x1b[m\x1b[K \x1b[01;35m\x1b[Kwarning: \x1b[m\x1b[K\xe2\x80\x98\x1b[01m\x1b[KEigen::AlignedBit\x1b[m\x1b[K\xe2\x80\x99 is deprecated [\x1b[01;35m\x1b[K-Wdeprecated-declarations\x1b[m\x1b[K]\n'}
[19.826403] (orb_slam3_ros2_wrapper) StderrLine: {'line': b'   59 |       typedef Eigen::Map<Matrix<double, Di, Dj>, Matrix<double, Di, Dj>::Flags & \x1b[01;35m\x1b[KAlignedBit\x1b[m\x1b[K ? Aligned : Unaligned > HessianBlockType;\n'}
[19.826521] (orb_slam3_ros2_wrapper) StderrLine: {'line': b'      |                                                                                  \x1b[01;35m\x1b[K^~~~~~~~~~\x1b[m\x1b[K\n'}
[19.826637] (orb_slam3_ros2_wrapper) StderrLine: {'line': b'In file included from \x1b[01m\x1b[K/usr/include/eigen3/Eigen/Core:161\x1b[m\x1b[K,\n'}
[19.826771] (orb_slam3_ros2_wrapper) StderrLine: {'line': b'                 from \x1b[01m\x1b[K/root/colcon_ws/src/orb_slam3_ros2_wrapper/include/orb_slam3_ros2_wrapper/orb_slam3_interface.hpp:12\x1b[m\x1b[K,\n'}
[19.827128] (orb_slam3_ros2_wrapper) StderrLine: {'line': b'                 from \x1b[01m\x1b[K/root/colcon_ws/src/orb_slam3_ros2_wrapper/src/orb_slam3_interface.cpp:6\x1b[m\x1b[K:\n'}
[19.827247] (orb_slam3_ros2_wrapper) StderrLine: {'line': b'\x1b[01m\x1b[K/usr/include/eigen3/Eigen/src/Core/util/Constants.h:167:37:\x1b[m\x1b[K \x1b[01;36m\x1b[Knote: \x1b[m\x1b[Kdeclared here\n'}
[19.827359] (orb_slam3_ros2_wrapper) StderrLine: {'line': b'  167 | EIGEN_DEPRECATED const unsigned int \x1b[01;36m\x1b[KAlignedBit\x1b[m\x1b[K = 0x80;\n'}
[19.827469] (orb_slam3_ros2_wrapper) StderrLine: {'line': b'      |                                     \x1b[01;36m\x1b[K^~~~~~~~~~\x1b[m\x1b[K\n'}
[19.827581] (orb_slam3_ros2_wrapper) StderrLine: {'line': b'In file included from \x1b[01m\x1b[K/home/orb/ORB_SLAM3/Thirdparty/g2o/g2o/types/types_six_dof_expmap.h:38\x1b[m\x1b[K,\n'}
[19.827692] (orb_slam3_ros2_wrapper) StderrLine: {'line': b'                 from \x1b[01m\x1b[K/home/orb/ORB_SLAM3/include/Converter.h:26\x1b[m\x1b[K,\n'}
[19.834154] (orb_slam3_ros2_wrapper) StderrLine: {'line': b'                 from \x1b[01m\x1b[K/home/orb/ORB_SLAM3/include/Frame.h:33\x1b[m\x1b[K,\n'}
[19.834436] (orb_slam3_ros2_wrapper) StderrLine: {'line': b'                 from \x1b[01m\x1b[K/home/orb/ORB_SLAM3/include/KeyFrame.h:28\x1b[m\x1b[K,\n'}
[19.834562] (orb_slam3_ros2_wrapper) StderrLine: {'line': b'                 from \x1b[01m\x1b[K/home/orb/ORB_SLAM3/include/MapPoint.h:23\x1b[m\x1b[K,\n'}
[19.834674] (orb_slam3_ros2_wrapper) StderrLine: {'line': b'                 from \x1b[01m\x1b[K/home/orb/ORB_SLAM3/include/FrameDrawer.h:24\x1b[m\x1b[K,\n'}
[19.834799] (orb_slam3_ros2_wrapper) StderrLine: {'line': b'                 from \x1b[01m\x1b[K/home/orb/ORB_SLAM3/include/Viewer.h:23\x1b[m\x1b[K,\n'}
[19.834961] (orb_slam3_ros2_wrapper) StderrLine: {'line': b'                 from \x1b[01m\x1b[K/home/orb/ORB_SLAM3/include/Tracking.h:26\x1b[m\x1b[K,\n'}
[19.835096] (orb_slam3_ros2_wrapper) StderrLine: {'line': b'                 from \x1b[01m\x1b[K/home/orb/ORB_SLAM3/include/System.h:31\x1b[m\x1b[K,\n'}
[19.835224] (orb_slam3_ros2_wrapper) StderrLine: {'line': b'                 from \x1b[01m\x1b[K/root/colcon_ws/src/orb_slam3_ros2_wrapper/include/orb_slam3_ros2_wrapper/orb_slam3_interface.hpp:28\x1b[m\x1b[K,\n'}
[19.835352] (orb_slam3_ros2_wrapper) StderrLine: {'line': b'                 from \x1b[01m\x1b[K/root/colcon_ws/src/orb_slam3_ros2_wrapper/src/orb_slam3_interface.cpp:6\x1b[m\x1b[K:\n'}
[19.835487] (orb_slam3_ros2_wrapper) StderrLine: {'line': b'\x1b[01m\x1b[K/home/orb/ORB_SLAM3/Thirdparty/g2o/g2o/types/../core/base_binary_edge.h:60:82:\x1b[m\x1b[K \x1b[01;35m\x1b[Kwarning: \x1b[m\x1b[K\xe2\x80\x98\x1b[01m\x1b[KEigen::AlignedBit\x1b[m\x1b[K\xe2\x80\x99 is deprecated [\x1b[01;35m\x1b[K-Wdeprecated-declarations\x1b[m\x1b[K]\n'}
[19.835623] (orb_slam3_ros2_wrapper) StderrLine: {'line': b'   60 |       typedef Eigen::Map<Matrix<double, Dj, Di>, Matrix<double, Dj, Di>::Flags & \x1b[01;35m\x1b[KAlignedBit\x1b[m\x1b[K ? Aligned : Unaligned > HessianBlockTransposedType;\n'}
[19.835750] (orb_slam3_ros2_wrapper) StderrLine: {'line': b'      |                                                                                  \x1b[01;35m\x1b[K^~~~~~~~~~\x1b[m\x1b[K\n'}
[19.836728] (orb_slam3_ros2_wrapper) StderrLine: {'line': b'In file included from \x1b[01m\x1b[K/usr/include/eigen3/Eigen/Core:161\x1b[m\x1b[K,\n'}
[19.836864] (orb_slam3_ros2_wrapper) StderrLine: {'line': b'                 from \x1b[01m\x1b[K/root/colcon_ws/src/orb_slam3_ros2_wrapper/include/orb_slam3_ros2_wrapper/orb_slam3_interface.hpp:12\x1b[m\x1b[K,\n'}
[19.836976] (orb_slam3_ros2_wrapper) StderrLine: {'line': b'                 from \x1b[01m\x1b[K/root/colcon_ws/src/orb_slam3_ros2_wrapper/src/orb_slam3_interface.cpp:6\x1b[m\x1b[K:\n'}
[19.837084] (orb_slam3_ros2_wrapper) StderrLine: {'line': b'\x1b[01m\x1b[K/usr/include/eigen3/Eigen/src/Core/util/Constants.h:167:37:\x1b[m\x1b[K \x1b[01;36m\x1b[Knote: \x1b[m\x1b[Kdeclared here\n'}
[19.837192] (orb_slam3_ros2_wrapper) StderrLine: {'line': b'  167 | EIGEN_DEPRECATED const unsigned int \x1b[01;36m\x1b[KAlignedBit\x1b[m\x1b[K = 0x80;\n'}
[19.837299] (orb_slam3_ros2_wrapper) StderrLine: {'line': b'      |                                     \x1b[01;36m\x1b[K^~~~~~~~~~\x1b[m\x1b[K\n'}
[19.854860] (-) TimerEvent: {}
[19.931977] (orb_slam3_ros2_wrapper) StderrLine: {'line': b'In file included from \x1b[01m\x1b[K/home/orb/ORB_SLAM3/Thirdparty/g2o/g2o/types/types_six_dof_expmap.h:41\x1b[m\x1b[K,\n'}
[19.932188] (orb_slam3_ros2_wrapper) StderrLine: {'line': b'                 from \x1b[01m\x1b[K/home/orb/ORB_SLAM3/include/Converter.h:26\x1b[m\x1b[K,\n'}
[19.932282] (orb_slam3_ros2_wrapper) StderrLine: {'line': b'                 from \x1b[01m\x1b[K/home/orb/ORB_SLAM3/include/Frame.h:33\x1b[m\x1b[K,\n'}
[19.932366] (orb_slam3_ros2_wrapper) StderrLine: {'line': b'                 from \x1b[01m\x1b[K/home/orb/ORB_SLAM3/include/KeyFrame.h:28\x1b[m\x1b[K,\n'}
[19.932446] (orb_slam3_ros2_wrapper) StderrLine: {'line': b'                 from \x1b[01m\x1b[K/home/orb/ORB_SLAM3/include/MapPoint.h:23\x1b[m\x1b[K,\n'}
[19.932524] (orb_slam3_ros2_wrapper) StderrLine: {'line': b'                 from \x1b[01m\x1b[K/home/orb/ORB_SLAM3/include/FrameDrawer.h:24\x1b[m\x1b[K,\n'}
[19.932602] (orb_slam3_ros2_wrapper) StderrLine: {'line': b'                 from \x1b[01m\x1b[K/home/orb/ORB_SLAM3/include/Viewer.h:23\x1b[m\x1b[K,\n'}
[19.932680] (orb_slam3_ros2_wrapper) StderrLine: {'line': b'                 from \x1b[01m\x1b[K/home/orb/ORB_SLAM3/include/Tracking.h:26\x1b[m\x1b[K,\n'}
[19.932757] (orb_slam3_ros2_wrapper) StderrLine: {'line': b'                 from \x1b[01m\x1b[K/home/orb/ORB_SLAM3/include/System.h:31\x1b[m\x1b[K,\n'}
[19.932856] (orb_slam3_ros2_wrapper) StderrLine: {'line': b'                 from \x1b[01m\x1b[K/root/colcon_ws/src/orb_slam3_ros2_wrapper/include/orb_slam3_ros2_wrapper/orb_slam3_interface.hpp:28\x1b[m\x1b[K,\n'}
[19.932956] (orb_slam3_ros2_wrapper) StderrLine: {'line': b'                 from \x1b[01m\x1b[K/root/colcon_ws/src/orb_slam3_ros2_wrapper/src/orb_slam3_interface.cpp:6\x1b[m\x1b[K:\n'}
[19.933034] (orb_slam3_ros2_wrapper) StderrLine: {'line': b'\x1b[01m\x1b[K/home/orb/ORB_SLAM3/Thirdparty/g2o/g2o/types/se3quat.h:43:38:\x1b[m\x1b[K \x1b[01;35m\x1b[Kwarning: \x1b[m\x1b[Kextra \xe2\x80\x98\x1b[01m\x1b[K;\x1b[m\x1b[K\xe2\x80\x99 [\x1b[01;35m\x1b[K-Wpedantic\x1b[m\x1b[K]\n'}
[19.933114] (orb_slam3_ros2_wrapper) StderrLine: {'line': b'   43 |       EIGEN_MAKE_ALIGNED_OPERATOR_NEW\x1b[01;35m\x1b[K;\x1b[m\x1b[K\n'}
[19.933192] (orb_slam3_ros2_wrapper) StderrLine: {'line': b'      |                                      \x1b[01;35m\x1b[K^\x1b[m\x1b[K\n'}
[19.933268] (orb_slam3_ros2_wrapper) StderrLine: {'line': b'      |                                      \x1b[31m\x1b[K-\x1b[m\x1b[K\n'}
[19.956231] (-) TimerEvent: {}
[20.065881] (-) TimerEvent: {}
[20.142037] (orb_slam3_ros2_wrapper) StderrLine: {'line': b'In file included from \x1b[01m\x1b[K/home/orb/ORB_SLAM3/Thirdparty/g2o/g2o/types/types_six_dof_expmap.h:37\x1b[m\x1b[K,\n'}
[20.142266] (orb_slam3_ros2_wrapper) StderrLine: {'line': b'                 from \x1b[01m\x1b[K/home/orb/ORB_SLAM3/include/Converter.h:26\x1b[m\x1b[K,\n'}
[20.142375] (orb_slam3_ros2_wrapper) StderrLine: {'line': b'                 from \x1b[01m\x1b[K/home/orb/ORB_SLAM3/include/Frame.h:33\x1b[m\x1b[K,\n'}
[20.142466] (orb_slam3_ros2_wrapper) StderrLine: {'line': b'                 from \x1b[01m\x1b[K/home/orb/ORB_SLAM3/include/KeyFrame.h:28\x1b[m\x1b[K,\n'}
[20.142552] (orb_slam3_ros2_wrapper) StderrLine: {'line': b'                 from \x1b[01m\x1b[K/home/orb/ORB_SLAM3/include/MapPoint.h:23\x1b[m\x1b[K,\n'}
[20.142636] (orb_slam3_ros2_wrapper) StderrLine: {'line': b'                 from \x1b[01m\x1b[K/root/colcon_ws/src/orb_slam3_ros2_wrapper/include/orb_slam3_ros2_wrapper/type_conversion.hpp:26\x1b[m\x1b[K,\n'}
[20.142723] (orb_slam3_ros2_wrapper) StderrLine: {'line': b'                 from \x1b[01m\x1b[K/root/colcon_ws/src/orb_slam3_ros2_wrapper/src/rgbd/rgbd-slam-node.hpp:40\x1b[m\x1b[K,\n'}
[20.142822] (orb_slam3_ros2_wrapper) StderrLine: {'line': b'                 from \x1b[01m\x1b[K/root/colcon_ws/src/orb_slam3_ros2_wrapper/src/rgbd/rgbd-slam-node.cpp:6\x1b[m\x1b[K:\n'}
[20.142913] (orb_slam3_ros2_wrapper) StderrLine: {'line': b'/home/orb/ORB_SLAM3/Thirdparty/g2o/g2o/types/../core/base_vertex.h: In instantiation of \xe2\x80\x98\x1b[01m\x1b[Kclass g2o::BaseVertex<3, Eigen::Matrix<double, 3, 1> >\x1b[m\x1b[K\xe2\x80\x99:\n'}
[20.143016] (orb_slam3_ros2_wrapper) StderrLine: {'line': b'\x1b[01m\x1b[K/home/orb/ORB_SLAM3/Thirdparty/g2o/g2o/types/types_sba.h:40:35:\x1b[m\x1b[K   required from here\n'}
[20.143102] (orb_slam3_ros2_wrapper) StderrLine: {'line': b'\x1b[01m\x1b[K/home/orb/ORB_SLAM3/Thirdparty/g2o/g2o/types/../core/base_vertex.h:62:72:\x1b[m\x1b[K \x1b[01;35m\x1b[Kwarning: \x1b[m\x1b[K\xe2\x80\x98\x1b[01m\x1b[KEigen::AlignedBit\x1b[m\x1b[K\xe2\x80\x99 is deprecated [\x1b[01;35m\x1b[K-Wdeprecated-declarations\x1b[m\x1b[K]\n'}
[20.143196] (orb_slam3_ros2_wrapper) StderrLine: {'line': b'   62 |     typedef Eigen::Map<Matrix<double, D, D>, Matrix<double,D,D>::\x1b[01;35m\x1b[KFlags & AlignedBit\x1b[m\x1b[K ? Aligned : Unaligned >  HessianBlockType;\n'}
[20.143286] (orb_slam3_ros2_wrapper) StderrLine: {'line': b'      |                                                                  \x1b[01;35m\x1b[K~~~~~~^~~~~~~~~~~~\x1b[m\x1b[K\n'}
[20.143371] (orb_slam3_ros2_wrapper) StderrLine: {'line': b'In file included from \x1b[01m\x1b[K/usr/include/eigen3/Eigen/Core:161\x1b[m\x1b[K,\n'}
[20.143454] (orb_slam3_ros2_wrapper) StderrLine: {'line': b'                 from \x1b[01m\x1b[K/root/colcon_ws/src/orb_slam3_ros2_wrapper/include/orb_slam3_ros2_wrapper/type_conversion.hpp:10\x1b[m\x1b[K,\n'}
[20.143538] (orb_slam3_ros2_wrapper) StderrLine: {'line': b'                 from \x1b[01m\x1b[K/root/colcon_ws/src/orb_slam3_ros2_wrapper/src/rgbd/rgbd-slam-node.hpp:40\x1b[m\x1b[K,\n'}
[20.143629] (orb_slam3_ros2_wrapper) StderrLine: {'line': b'                 from \x1b[01m\x1b[K/root/colcon_ws/src/orb_slam3_ros2_wrapper/src/rgbd/rgbd-slam-node.cpp:6\x1b[m\x1b[K:\n'}
[20.143713] (orb_slam3_ros2_wrapper) StderrLine: {'line': b'\x1b[01m\x1b[K/usr/include/eigen3/Eigen/src/Core/util/Constants.h:167:37:\x1b[m\x1b[K \x1b[01;36m\x1b[Knote: \x1b[m\x1b[Kdeclared here\n'}
[20.143806] (orb_slam3_ros2_wrapper) StderrLine: {'line': b'  167 | EIGEN_DEPRECATED const unsigned int \x1b[01;36m\x1b[KAlignedBit\x1b[m\x1b[K = 0x80;\n'}
[20.143901] (orb_slam3_ros2_wrapper) StderrLine: {'line': b'      |                                     \x1b[01;36m\x1b[K^~~~~~~~~~\x1b[m\x1b[K\n'}
[20.171854] (-) TimerEvent: {}
[20.204355] (orb_slam3_ros2_wrapper) StderrLine: {'line': b'In file included from \x1b[01m\x1b[K/home/orb/ORB_SLAM3/Thirdparty/g2o/g2o/types/types_six_dof_expmap.h:37\x1b[m\x1b[K,\n'}
[20.204601] (orb_slam3_ros2_wrapper) StderrLine: {'line': b'                 from \x1b[01m\x1b[K/home/orb/ORB_SLAM3/include/Converter.h:26\x1b[m\x1b[K,\n'}
[20.204726] (orb_slam3_ros2_wrapper) StderrLine: {'line': b'                 from \x1b[01m\x1b[K/home/orb/ORB_SLAM3/include/Frame.h:33\x1b[m\x1b[K,\n'}
[20.205021] (orb_slam3_ros2_wrapper) StderrLine: {'line': b'                 from \x1b[01m\x1b[K/home/orb/ORB_SLAM3/include/KeyFrame.h:28\x1b[m\x1b[K,\n'}
[20.205284] (orb_slam3_ros2_wrapper) StderrLine: {'line': b'                 from \x1b[01m\x1b[K/home/orb/ORB_SLAM3/include/MapPoint.h:23\x1b[m\x1b[K,\n'}
[20.206356] (orb_slam3_ros2_wrapper) StderrLine: {'line': b'                 from \x1b[01m\x1b[K/root/colcon_ws/src/orb_slam3_ros2_wrapper/include/orb_slam3_ros2_wrapper/type_conversion.hpp:26\x1b[m\x1b[K,\n'}
[20.206531] (orb_slam3_ros2_wrapper) StderrLine: {'line': b'                 from \x1b[01m\x1b[K/root/colcon_ws/src/orb_slam3_ros2_wrapper/src/rgbd/rgbd-slam-node.hpp:40\x1b[m\x1b[K,\n'}
[20.206655] (orb_slam3_ros2_wrapper) StderrLine: {'line': b'                 from \x1b[01m\x1b[K/root/colcon_ws/src/orb_slam3_ros2_wrapper/src/rgbd/rgbd-slam-node.cpp:6\x1b[m\x1b[K:\n'}
[20.207909] (orb_slam3_ros2_wrapper) StderrLine: {'line': b'/home/orb/ORB_SLAM3/Thirdparty/g2o/g2o/types/../core/base_vertex.h: In instantiation of \xe2\x80\x98\x1b[01m\x1b[Kclass g2o::BaseVertex<6, g2o::SE3Quat>\x1b[m\x1b[K\xe2\x80\x99:\n'}
[20.208086] (orb_slam3_ros2_wrapper) StderrLine: {'line': b'\x1b[01m\x1b[K/home/orb/ORB_SLAM3/Thirdparty/g2o/g2o/types/types_six_dof_expmap.h:59:33:\x1b[m\x1b[K   required from here\n'}
[20.208199] (orb_slam3_ros2_wrapper) StderrLine: {'line': b'\x1b[01m\x1b[K/home/orb/ORB_SLAM3/Thirdparty/g2o/g2o/types/../core/base_vertex.h:62:72:\x1b[m\x1b[K \x1b[01;35m\x1b[Kwarning: \x1b[m\x1b[K\xe2\x80\x98\x1b[01m\x1b[KEigen::AlignedBit\x1b[m\x1b[K\xe2\x80\x99 is deprecated [\x1b[01;35m\x1b[K-Wdeprecated-declarations\x1b[m\x1b[K]\n'}
[20.208305] (orb_slam3_ros2_wrapper) StderrLine: {'line': b'   62 |     typedef Eigen::Map<Matrix<double, D, D>, Matrix<double,D,D>::\x1b[01;35m\x1b[KFlags & AlignedBit\x1b[m\x1b[K ? Aligned : Unaligned >  HessianBlockType;\n'}
[20.208417] (orb_slam3_ros2_wrapper) StderrLine: {'line': b'      |                                                                  \x1b[01;35m\x1b[K~~~~~~^~~~~~~~~~~~\x1b[m\x1b[K\n'}
[20.208526] (orb_slam3_ros2_wrapper) StderrLine: {'line': b'In file included from \x1b[01m\x1b[K/usr/include/eigen3/Eigen/Core:161\x1b[m\x1b[K,\n'}
[20.208639] (orb_slam3_ros2_wrapper) StderrLine: {'line': b'                 from \x1b[01m\x1b[K/root/colcon_ws/src/orb_slam3_ros2_wrapper/include/orb_slam3_ros2_wrapper/type_conversion.hpp:10\x1b[m\x1b[K,\n'}
[20.208743] (orb_slam3_ros2_wrapper) StderrLine: {'line': b'                 from \x1b[01m\x1b[K/root/colcon_ws/src/orb_slam3_ros2_wrapper/src/rgbd/rgbd-slam-node.hpp:40\x1b[m\x1b[K,\n'}
[20.208859] (orb_slam3_ros2_wrapper) StderrLine: {'line': b'                 from \x1b[01m\x1b[K/root/colcon_ws/src/orb_slam3_ros2_wrapper/src/rgbd/rgbd-slam-node.cpp:6\x1b[m\x1b[K:\n'}
[20.208983] (orb_slam3_ros2_wrapper) StderrLine: {'line': b'\x1b[01m\x1b[K/usr/include/eigen3/Eigen/src/Core/util/Constants.h:167:37:\x1b[m\x1b[K \x1b[01;36m\x1b[Knote: \x1b[m\x1b[Kdeclared here\n'}
[20.209091] (orb_slam3_ros2_wrapper) StderrLine: {'line': b'  167 | EIGEN_DEPRECATED const unsigned int \x1b[01;36m\x1b[KAlignedBit\x1b[m\x1b[K = 0x80;\n'}
[20.209230] (orb_slam3_ros2_wrapper) StderrLine: {'line': b'      |                                     \x1b[01;36m\x1b[K^~~~~~~~~~\x1b[m\x1b[K\n'}
[20.266526] (orb_slam3_ros2_wrapper) StderrLine: {'line': b'In file included from \x1b[01m\x1b[K/home/orb/ORB_SLAM3/Thirdparty/g2o/g2o/types/types_six_dof_expmap.h:38\x1b[m\x1b[K,\n'}
[20.266743] (orb_slam3_ros2_wrapper) StderrLine: {'line': b'                 from \x1b[01m\x1b[K/home/orb/ORB_SLAM3/include/Converter.h:26\x1b[m\x1b[K,\n'}
[20.266872] (orb_slam3_ros2_wrapper) StderrLine: {'line': b'                 from \x1b[01m\x1b[K/home/orb/ORB_SLAM3/include/Frame.h:33\x1b[m\x1b[K,\n'}
[20.266968] (orb_slam3_ros2_wrapper) StderrLine: {'line': b'                 from \x1b[01m\x1b[K/home/orb/ORB_SLAM3/include/KeyFrame.h:28\x1b[m\x1b[K,\n'}
[20.267057] (orb_slam3_ros2_wrapper) StderrLine: {'line': b'                 from \x1b[01m\x1b[K/home/orb/ORB_SLAM3/include/MapPoint.h:23\x1b[m\x1b[K,\n'}
[20.267144] (orb_slam3_ros2_wrapper) StderrLine: {'line': b'                 from \x1b[01m\x1b[K/root/colcon_ws/src/orb_slam3_ros2_wrapper/include/orb_slam3_ros2_wrapper/type_conversion.hpp:26\x1b[m\x1b[K,\n'}
[20.267249] (orb_slam3_ros2_wrapper) StderrLine: {'line': b'                 from \x1b[01m\x1b[K/root/colcon_ws/src/orb_slam3_ros2_wrapper/src/rgbd/rgbd-slam-node.hpp:40\x1b[m\x1b[K,\n'}
[20.267345] (orb_slam3_ros2_wrapper) StderrLine: {'line': b'                 from \x1b[01m\x1b[K/root/colcon_ws/src/orb_slam3_ros2_wrapper/src/rgbd/rgbd-slam-node.cpp:6\x1b[m\x1b[K:\n'}
[20.267432] (orb_slam3_ros2_wrapper) StderrLine: {'line': b'/home/orb/ORB_SLAM3/Thirdparty/g2o/g2o/types/../core/base_binary_edge.h: In instantiation of \xe2\x80\x98\x1b[01m\x1b[Kclass g2o::BaseBinaryEdge<6, g2o::SE3Quat, g2o::VertexSE3Expmap, g2o::VertexSE3Expmap>\x1b[m\x1b[K\xe2\x80\x99:\n'}
[20.267528] (orb_slam3_ros2_wrapper) StderrLine: {'line': b'\x1b[01m\x1b[K/home/orb/ORB_SLAM3/Thirdparty/g2o/g2o/types/types_six_dof_expmap.h:83:24:\x1b[m\x1b[K   required from here\n'}
[20.267614] (orb_slam3_ros2_wrapper) StderrLine: {'line': b'\x1b[01m\x1b[K/home/orb/ORB_SLAM3/Thirdparty/g2o/g2o/types/../core/base_binary_edge.h:59:80:\x1b[m\x1b[K \x1b[01;35m\x1b[Kwarning: \x1b[m\x1b[K\xe2\x80\x98\x1b[01m\x1b[KEigen::AlignedBit\x1b[m\x1b[K\xe2\x80\x99 is deprecated [\x1b[01;35m\x1b[K-Wdeprecated-declarations\x1b[m\x1b[K]\n'}
[20.267702] (orb_slam3_ros2_wrapper) StderrLine: {'line': b'   59 |       typedef Eigen::Map<Matrix<double, Di, Dj>, Matrix<double, Di, Dj>::\x1b[01;35m\x1b[KFlags & AlignedBit\x1b[m\x1b[K ? Aligned : Unaligned > HessianBlockType;\n'}
[20.269845] (orb_slam3_ros2_wrapper) StderrLine: {'line': b'      |                                                                          \x1b[01;35m\x1b[K~~~~~~^~~~~~~~~~~~\x1b[m\x1b[K\n'}
[20.270060] (orb_slam3_ros2_wrapper) StderrLine: {'line': b'In file included from \x1b[01m\x1b[K/usr/include/eigen3/Eigen/Core:161\x1b[m\x1b[K,\n'}
[20.270159] (orb_slam3_ros2_wrapper) StderrLine: {'line': b'                 from \x1b[01m\x1b[K/root/colcon_ws/src/orb_slam3_ros2_wrapper/include/orb_slam3_ros2_wrapper/type_conversion.hpp:10\x1b[m\x1b[K,\n'}
[20.270245] (orb_slam3_ros2_wrapper) StderrLine: {'line': b'                 from \x1b[01m\x1b[K/root/colcon_ws/src/orb_slam3_ros2_wrapper/src/rgbd/rgbd-slam-node.hpp:40\x1b[m\x1b[K,\n'}
[20.270327] (orb_slam3_ros2_wrapper) StderrLine: {'line': b'                 from \x1b[01m\x1b[K/root/colcon_ws/src/orb_slam3_ros2_wrapper/src/rgbd/rgbd-slam-node.cpp:6\x1b[m\x1b[K:\n'}
[20.270409] (orb_slam3_ros2_wrapper) StderrLine: {'line': b'\x1b[01m\x1b[K/usr/include/eigen3/Eigen/src/Core/util/Constants.h:167:37:\x1b[m\x1b[K \x1b[01;36m\x1b[Knote: \x1b[m\x1b[Kdeclared here\n'}
[20.270503] (orb_slam3_ros2_wrapper) StderrLine: {'line': b'  167 | EIGEN_DEPRECATED const unsigned int \x1b[01;36m\x1b[KAlignedBit\x1b[m\x1b[K = 0x80;\n'}
[20.270584] (orb_slam3_ros2_wrapper) StderrLine: {'line': b'      |                                     \x1b[01;36m\x1b[K^~~~~~~~~~\x1b[m\x1b[K\n'}
[20.270667] (orb_slam3_ros2_wrapper) StderrLine: {'line': b'In file included from \x1b[01m\x1b[K/home/orb/ORB_SLAM3/Thirdparty/g2o/g2o/types/types_six_dof_expmap.h:38\x1b[m\x1b[K,\n'}
[20.270762] (orb_slam3_ros2_wrapper) StderrLine: {'line': b'                 from \x1b[01m\x1b[K/home/orb/ORB_SLAM3/include/Converter.h:26\x1b[m\x1b[K,\n'}
[20.270863] (orb_slam3_ros2_wrapper) StderrLine: {'line': b'                 from \x1b[01m\x1b[K/home/orb/ORB_SLAM3/include/Frame.h:33\x1b[m\x1b[K,\n'}
[20.270948] (orb_slam3_ros2_wrapper) StderrLine: {'line': b'                 from \x1b[01m\x1b[K/home/orb/ORB_SLAM3/include/KeyFrame.h:28\x1b[m\x1b[K,\n'}
[20.271030] (orb_slam3_ros2_wrapper) StderrLine: {'line': b'                 from \x1b[01m\x1b[K/home/orb/ORB_SLAM3/include/MapPoint.h:23\x1b[m\x1b[K,\n'}
[20.271112] (orb_slam3_ros2_wrapper) StderrLine: {'line': b'                 from \x1b[01m\x1b[K/root/colcon_ws/src/orb_slam3_ros2_wrapper/include/orb_slam3_ros2_wrapper/type_conversion.hpp:26\x1b[m\x1b[K,\n'}
[20.271196] (orb_slam3_ros2_wrapper) StderrLine: {'line': b'                 from \x1b[01m\x1b[K/root/colcon_ws/src/orb_slam3_ros2_wrapper/src/rgbd/rgbd-slam-node.hpp:40\x1b[m\x1b[K,\n'}
[20.271283] (orb_slam3_ros2_wrapper) StderrLine: {'line': b'                 from \x1b[01m\x1b[K/root/colcon_ws/src/orb_slam3_ros2_wrapper/src/rgbd/rgbd-slam-node.cpp:6\x1b[m\x1b[K:\n'}
[20.271366] (orb_slam3_ros2_wrapper) StderrLine: {'line': b'\x1b[01m\x1b[K/home/orb/ORB_SLAM3/Thirdparty/g2o/g2o/types/../core/base_binary_edge.h:60:80:\x1b[m\x1b[K \x1b[01;35m\x1b[Kwarning: \x1b[m\x1b[K\xe2\x80\x98\x1b[01m\x1b[KEigen::AlignedBit\x1b[m\x1b[K\xe2\x80\x99 is deprecated [\x1b[01;35m\x1b[K-Wdeprecated-declarations\x1b[m\x1b[K]\n'}
[20.271452] (orb_slam3_ros2_wrapper) StderrLine: {'line': b'   60 |       typedef Eigen::Map<Matrix<double, Dj, Di>, Matrix<double, Dj, Di>::\x1b[01;35m\x1b[KFlags & AlignedBit\x1b[m\x1b[K ? Aligned : Unaligned > HessianBlockTransposedType;\n'}
[20.271537] (orb_slam3_ros2_wrapper) StderrLine: {'line': b'      |                                                                          \x1b[01;35m\x1b[K~~~~~~^~~~~~~~~~~~\x1b[m\x1b[K\n'}
[20.271619] (orb_slam3_ros2_wrapper) StderrLine: {'line': b'In file included from \x1b[01m\x1b[K/usr/include/eigen3/Eigen/Core:161\x1b[m\x1b[K,\n'}
[20.271700] (orb_slam3_ros2_wrapper) StderrLine: {'line': b'                 from \x1b[01m\x1b[K/root/colcon_ws/src/orb_slam3_ros2_wrapper/include/orb_slam3_ros2_wrapper/type_conversion.hpp:10\x1b[m\x1b[K,\n'}
[20.271791] (orb_slam3_ros2_wrapper) StderrLine: {'line': b'                 from \x1b[01m\x1b[K/root/colcon_ws/src/orb_slam3_ros2_wrapper/src/rgbd/rgbd-slam-node.hpp:40\x1b[m\x1b[K,\n'}
[20.271884] (-) TimerEvent: {}
[20.272035] (orb_slam3_ros2_wrapper) StderrLine: {'line': b'                 from \x1b[01m\x1b[K/root/colcon_ws/src/orb_slam3_ros2_wrapper/src/rgbd/rgbd-slam-node.cpp:6\x1b[m\x1b[K:\n'}
[20.272148] (orb_slam3_ros2_wrapper) StderrLine: {'line': b'\x1b[01m\x1b[K/usr/include/eigen3/Eigen/src/Core/util/Constants.h:167:37:\x1b[m\x1b[K \x1b[01;36m\x1b[Knote: \x1b[m\x1b[Kdeclared here\n'}
[20.272242] (orb_slam3_ros2_wrapper) StderrLine: {'line': b'  167 | EIGEN_DEPRECATED const unsigned int \x1b[01;36m\x1b[KAlignedBit\x1b[m\x1b[K = 0x80;\n'}
[20.272328] (orb_slam3_ros2_wrapper) StderrLine: {'line': b'      |                                     \x1b[01;36m\x1b[K^~~~~~~~~~\x1b[m\x1b[K\n'}
[20.372898] (-) TimerEvent: {}
[20.413147] (orb_slam3_ros2_wrapper) StderrLine: {'line': b'In file included from \x1b[01m\x1b[K/home/orb/ORB_SLAM3/include/Frame.h:30\x1b[m\x1b[K,\n'}
[20.413566] (orb_slam3_ros2_wrapper) StderrLine: {'line': b'                 from \x1b[01m\x1b[K/home/orb/ORB_SLAM3/include/KeyFrame.h:28\x1b[m\x1b[K,\n'}
[20.413899] (orb_slam3_ros2_wrapper) StderrLine: {'line': b'                 from \x1b[01m\x1b[K/home/orb/ORB_SLAM3/include/MapPoint.h:23\x1b[m\x1b[K,\n'}
[20.414055] (orb_slam3_ros2_wrapper) StderrLine: {'line': b'                 from \x1b[01m\x1b[K/root/colcon_ws/src/orb_slam3_ros2_wrapper/include/orb_slam3_ros2_wrapper/type_conversion.hpp:26\x1b[m\x1b[K,\n'}
[20.414200] (orb_slam3_ros2_wrapper) StderrLine: {'line': b'                 from \x1b[01m\x1b[K/root/colcon_ws/src/orb_slam3_ros2_wrapper/tests/typeConversionsTests.cpp:5\x1b[m\x1b[K:\n'}
[20.414331] (orb_slam3_ros2_wrapper) StderrLine: {'line': b'\x1b[01m\x1b[K/home/orb/ORB_SLAM3/include/ImuTypes.h:\x1b[m\x1b[K In member function \xe2\x80\x98\x1b[01m\x1b[Kvoid ORB_SLAM3::IMU::Preintegrated::printMeasurements() const\x1b[m\x1b[K\xe2\x80\x99:\n'}
[20.414462] (orb_slam3_ros2_wrapper) StderrLine: {'line': b'\x1b[01m\x1b[K/home/orb/ORB_SLAM3/include/ImuTypes.h:204:23:\x1b[m\x1b[K \x1b[01;35m\x1b[Kwarning: \x1b[m\x1b[Kcomparison of integer expressions of different signedness: \xe2\x80\x98\x1b[01m\x1b[Kint\x1b[m\x1b[K\xe2\x80\x99 and \xe2\x80\x98\x1b[01m\x1b[Kstd::vector<ORB_SLAM3::IMU::Preintegrated::integrable>::size_type\x1b[m\x1b[K\xe2\x80\x99 {aka \xe2\x80\x98\x1b[01m\x1b[Klong unsigned int\x1b[m\x1b[K\xe2\x80\x99} [\x1b[01;35m\x1b[K-Wsign-compare\x1b[m\x1b[K]\n'}
[20.414677] (orb_slam3_ros2_wrapper) StderrLine: {'line': b'  204 |         for(int i=0; \x1b[01;35m\x1b[Ki<mvMeasurements.size()\x1b[m\x1b[K; i++){\n'}
[20.414810] (orb_slam3_ros2_wrapper) StderrLine: {'line': b'      |                      \x1b[01;35m\x1b[K~^~~~~~~~~~~~~~~~~~~~~~\x1b[m\x1b[K\n'}
[20.457623] (orb_slam3_ros2_wrapper) StderrLine: {'line': b'In file included from \x1b[01m\x1b[K/home/orb/ORB_SLAM3/Thirdparty/g2o/g2o/types/types_six_dof_expmap.h:38\x1b[m\x1b[K,\n'}
[20.457858] (orb_slam3_ros2_wrapper) StderrLine: {'line': b'                 from \x1b[01m\x1b[K/home/orb/ORB_SLAM3/include/Converter.h:26\x1b[m\x1b[K,\n'}
[20.457988] (orb_slam3_ros2_wrapper) StderrLine: {'line': b'                 from \x1b[01m\x1b[K/home/orb/ORB_SLAM3/include/Frame.h:33\x1b[m\x1b[K,\n'}
[20.458103] (orb_slam3_ros2_wrapper) StderrLine: {'line': b'                 from \x1b[01m\x1b[K/home/orb/ORB_SLAM3/include/KeyFrame.h:28\x1b[m\x1b[K,\n'}
[20.458206] (orb_slam3_ros2_wrapper) StderrLine: {'line': b'                 from \x1b[01m\x1b[K/home/orb/ORB_SLAM3/include/MapPoint.h:23\x1b[m\x1b[K,\n'}
[20.458301] (orb_slam3_ros2_wrapper) StderrLine: {'line': b'                 from \x1b[01m\x1b[K/root/colcon_ws/src/orb_slam3_ros2_wrapper/include/orb_slam3_ros2_wrapper/type_conversion.hpp:26\x1b[m\x1b[K,\n'}
[20.458406] (orb_slam3_ros2_wrapper) StderrLine: {'line': b'                 from \x1b[01m\x1b[K/root/colcon_ws/src/orb_slam3_ros2_wrapper/src/rgbd/rgbd-slam-node.hpp:40\x1b[m\x1b[K,\n'}
[20.458513] (orb_slam3_ros2_wrapper) StderrLine: {'line': b'                 from \x1b[01m\x1b[K/root/colcon_ws/src/orb_slam3_ros2_wrapper/src/rgbd/rgbd-slam-node.cpp:6\x1b[m\x1b[K:\n'}
[20.458621] (orb_slam3_ros2_wrapper) StderrLine: {'line': b'/home/orb/ORB_SLAM3/Thirdparty/g2o/g2o/types/../core/base_binary_edge.h: In instantiation of \xe2\x80\x98\x1b[01m\x1b[Kclass g2o::BaseBinaryEdge<2, Eigen::Matrix<double, 2, 1>, g2o::VertexSBAPointXYZ, g2o::VertexSE3Expmap>\x1b[m\x1b[K\xe2\x80\x99:\n'}
[20.458731] (orb_slam3_ros2_wrapper) StderrLine: {'line': b'\x1b[01m\x1b[K/home/orb/ORB_SLAM3/Thirdparty/g2o/g2o/types/types_six_dof_expmap.h:114:35:\x1b[m\x1b[K   required from here\n'}
[20.458856] (orb_slam3_ros2_wrapper) StderrLine: {'line': b'\x1b[01m\x1b[K/home/orb/ORB_SLAM3/Thirdparty/g2o/g2o/types/../core/base_binary_edge.h:59:80:\x1b[m\x1b[K \x1b[01;35m\x1b[Kwarning: \x1b[m\x1b[K\xe2\x80\x98\x1b[01m\x1b[KEigen::AlignedBit\x1b[m\x1b[K\xe2\x80\x99 is deprecated [\x1b[01;35m\x1b[K-Wdeprecated-declarations\x1b[m\x1b[K]\n'}
[20.458975] (orb_slam3_ros2_wrapper) StderrLine: {'line': b'   59 |       typedef Eigen::Map<Matrix<double, Di, Dj>, Matrix<double, Di, Dj>::\x1b[01;35m\x1b[KFlags & AlignedBit\x1b[m\x1b[K ? Aligned : Unaligned > HessianBlockType;\n'}
[20.459101] (orb_slam3_ros2_wrapper) StderrLine: {'line': b'      |                                                                          \x1b[01;35m\x1b[K~~~~~~^~~~~~~~~~~~\x1b[m\x1b[K\n'}
[20.459208] (orb_slam3_ros2_wrapper) StderrLine: {'line': b'In file included from \x1b[01m\x1b[K/usr/include/eigen3/Eigen/Core:161\x1b[m\x1b[K,\n'}
[20.459305] (orb_slam3_ros2_wrapper) StderrLine: {'line': b'                 from \x1b[01m\x1b[K/root/colcon_ws/src/orb_slam3_ros2_wrapper/include/orb_slam3_ros2_wrapper/type_conversion.hpp:10\x1b[m\x1b[K,\n'}
[20.459400] (orb_slam3_ros2_wrapper) StderrLine: {'line': b'                 from \x1b[01m\x1b[K/root/colcon_ws/src/orb_slam3_ros2_wrapper/src/rgbd/rgbd-slam-node.hpp:40\x1b[m\x1b[K,\n'}
[20.459503] (orb_slam3_ros2_wrapper) StderrLine: {'line': b'                 from \x1b[01m\x1b[K/root/colcon_ws/src/orb_slam3_ros2_wrapper/src/rgbd/rgbd-slam-node.cpp:6\x1b[m\x1b[K:\n'}
[20.459608] (orb_slam3_ros2_wrapper) StderrLine: {'line': b'\x1b[01m\x1b[K/usr/include/eigen3/Eigen/src/Core/util/Constants.h:167:37:\x1b[m\x1b[K \x1b[01;36m\x1b[Knote: \x1b[m\x1b[Kdeclared here\n'}
[20.459712] (orb_slam3_ros2_wrapper) StderrLine: {'line': b'  167 | EIGEN_DEPRECATED const unsigned int \x1b[01;36m\x1b[KAlignedBit\x1b[m\x1b[K = 0x80;\n'}
[20.459834] (orb_slam3_ros2_wrapper) StderrLine: {'line': b'      |                                     \x1b[01;36m\x1b[K^~~~~~~~~~\x1b[m\x1b[K\n'}
[20.474847] (orb_slam3_ros2_wrapper) StderrLine: {'line': b'In file included from \x1b[01m\x1b[K/home/orb/ORB_SLAM3/Thirdparty/g2o/g2o/types/types_six_dof_expmap.h:37\x1b[m\x1b[K,\n'}
[20.475066] (-) TimerEvent: {}
[20.475219] (orb_slam3_ros2_wrapper) StderrLine: {'line': b'                 from \x1b[01m\x1b[K/home/orb/ORB_SLAM3/include/Converter.h:26\x1b[m\x1b[K,\n'}
[20.475343] (orb_slam3_ros2_wrapper) StderrLine: {'line': b'                 from \x1b[01m\x1b[K/home/orb/ORB_SLAM3/include/Frame.h:33\x1b[m\x1b[K,\n'}
[20.475458] (orb_slam3_ros2_wrapper) StderrLine: {'line': b'                 from \x1b[01m\x1b[K/home/orb/ORB_SLAM3/include/KeyFrame.h:28\x1b[m\x1b[K,\n'}
[20.475562] (orb_slam3_ros2_wrapper) StderrLine: {'line': b'                 from \x1b[01m\x1b[K/home/orb/ORB_SLAM3/include/MapPoint.h:23\x1b[m\x1b[K,\n'}
[20.475669] (orb_slam3_ros2_wrapper) StderrLine: {'line': b'                 from \x1b[01m\x1b[K/home/orb/ORB_SLAM3/include/FrameDrawer.h:24\x1b[m\x1b[K,\n'}
[20.475774] (orb_slam3_ros2_wrapper) StderrLine: {'line': b'                 from \x1b[01m\x1b[K/home/orb/ORB_SLAM3/include/Viewer.h:23\x1b[m\x1b[K,\n'}
[20.475925] (orb_slam3_ros2_wrapper) StderrLine: {'line': b'                 from \x1b[01m\x1b[K/home/orb/ORB_SLAM3/include/Tracking.h:26\x1b[m\x1b[K,\n'}
[20.476033] (orb_slam3_ros2_wrapper) StderrLine: {'line': b'                 from \x1b[01m\x1b[K/home/orb/ORB_SLAM3/include/System.h:31\x1b[m\x1b[K,\n'}
[20.476138] (orb_slam3_ros2_wrapper) StderrLine: {'line': b'                 from \x1b[01m\x1b[K/root/colcon_ws/src/orb_slam3_ros2_wrapper/include/orb_slam3_ros2_wrapper/orb_slam3_interface.hpp:28\x1b[m\x1b[K,\n'}
[20.476242] (orb_slam3_ros2_wrapper) StderrLine: {'line': b'                 from \x1b[01m\x1b[K/root/colcon_ws/src/orb_slam3_ros2_wrapper/src/orb_slam3_interface.cpp:6\x1b[m\x1b[K:\n'}
[20.476347] (orb_slam3_ros2_wrapper) StderrLine: {'line': b'/home/orb/ORB_SLAM3/Thirdparty/g2o/g2o/types/../core/base_vertex.h: In instantiation of \xe2\x80\x98\x1b[01m\x1b[Kclass g2o::BaseVertex<3, Eigen::Matrix<double, 3, 1> >\x1b[m\x1b[K\xe2\x80\x99:\n'}
[20.476464] (orb_slam3_ros2_wrapper) StderrLine: {'line': b'\x1b[01m\x1b[K/home/orb/ORB_SLAM3/Thirdparty/g2o/g2o/types/types_sba.h:40:35:\x1b[m\x1b[K   required from here\n'}
[20.476570] (orb_slam3_ros2_wrapper) StderrLine: {'line': b'\x1b[01m\x1b[K/home/orb/ORB_SLAM3/Thirdparty/g2o/g2o/types/../core/base_vertex.h:62:72:\x1b[m\x1b[K \x1b[01;35m\x1b[Kwarning: \x1b[m\x1b[K\xe2\x80\x98\x1b[01m\x1b[KEigen::AlignedBit\x1b[m\x1b[K\xe2\x80\x99 is deprecated [\x1b[01;35m\x1b[K-Wdeprecated-declarations\x1b[m\x1b[K]\n'}
[20.476714] (orb_slam3_ros2_wrapper) StderrLine: {'line': b'   62 |     typedef Eigen::Map<Matrix<double, D, D>, Matrix<double,D,D>::\x1b[01;35m\x1b[KFlags & AlignedBit\x1b[m\x1b[K ? Aligned : Unaligned >  HessianBlockType;\n'}
[20.476833] (orb_slam3_ros2_wrapper) StderrLine: {'line': b'      |                                                                  \x1b[01;35m\x1b[K~~~~~~^~~~~~~~~~~~\x1b[m\x1b[K\n'}
[20.476945] (orb_slam3_ros2_wrapper) StderrLine: {'line': b'In file included from \x1b[01m\x1b[K/usr/include/eigen3/Eigen/Core:161\x1b[m\x1b[K,\n'}
[20.477047] (orb_slam3_ros2_wrapper) StderrLine: {'line': b'                 from \x1b[01m\x1b[K/root/colcon_ws/src/orb_slam3_ros2_wrapper/include/orb_slam3_ros2_wrapper/orb_slam3_interface.hpp:12\x1b[m\x1b[K,\n'}
[20.477147] (orb_slam3_ros2_wrapper) StderrLine: {'line': b'                 from \x1b[01m\x1b[K/root/colcon_ws/src/orb_slam3_ros2_wrapper/src/orb_slam3_interface.cpp:6\x1b[m\x1b[K:\n'}
[20.477265] (orb_slam3_ros2_wrapper) StderrLine: {'line': b'\x1b[01m\x1b[K/usr/include/eigen3/Eigen/src/Core/util/Constants.h:167:37:\x1b[m\x1b[K \x1b[01;36m\x1b[Knote: \x1b[m\x1b[Kdeclared here\n'}
[20.477371] (orb_slam3_ros2_wrapper) StderrLine: {'line': b'  167 | EIGEN_DEPRECATED const unsigned int \x1b[01;36m\x1b[KAlignedBit\x1b[m\x1b[K = 0x80;\n'}
[20.477471] (orb_slam3_ros2_wrapper) StderrLine: {'line': b'      |                                     \x1b[01;36m\x1b[K^~~~~~~~~~\x1b[m\x1b[K\n'}
[20.490764] (orb_slam3_ros2_wrapper) StderrLine: {'line': b'In file included from \x1b[01m\x1b[K/home/orb/ORB_SLAM3/Thirdparty/g2o/g2o/types/types_six_dof_expmap.h:38\x1b[m\x1b[K,\n'}
[20.491367] (orb_slam3_ros2_wrapper) StderrLine: {'line': b'                 from \x1b[01m\x1b[K/home/orb/ORB_SLAM3/include/Converter.h:26\x1b[m\x1b[K,\n'}
[20.491917] (orb_slam3_ros2_wrapper) StderrLine: {'line': b'                 from \x1b[01m\x1b[K/home/orb/ORB_SLAM3/include/Frame.h:33\x1b[m\x1b[K,\n'}
[20.493854] (orb_slam3_ros2_wrapper) StderrLine: {'line': b'                 from \x1b[01m\x1b[K/home/orb/ORB_SLAM3/include/KeyFrame.h:28\x1b[m\x1b[K,\n'}
[20.496228] (orb_slam3_ros2_wrapper) StderrLine: {'line': b'                 from \x1b[01m\x1b[K/home/orb/ORB_SLAM3/include/MapPoint.h:23\x1b[m\x1b[K,\n'}
[20.496359] (orb_slam3_ros2_wrapper) StderrLine: {'line': b'                 from \x1b[01m\x1b[K/root/colcon_ws/src/orb_slam3_ros2_wrapper/include/orb_slam3_ros2_wrapper/type_conversion.hpp:26\x1b[m\x1b[K,\n'}
[20.496481] (orb_slam3_ros2_wrapper) StderrLine: {'line': b'                 from \x1b[01m\x1b[K/root/colcon_ws/src/orb_slam3_ros2_wrapper/src/rgbd/rgbd-slam-node.hpp:40\x1b[m\x1b[K,\n'}
[20.496586] (orb_slam3_ros2_wrapper) StderrLine: {'line': b'                 from \x1b[01m\x1b[K/root/colcon_ws/src/orb_slam3_ros2_wrapper/src/rgbd/rgbd-slam-node.cpp:6\x1b[m\x1b[K:\n'}
[20.496692] (orb_slam3_ros2_wrapper) StderrLine: {'line': b'\x1b[01m\x1b[K/home/orb/ORB_SLAM3/Thirdparty/g2o/g2o/types/../core/base_binary_edge.h:60:80:\x1b[m\x1b[K \x1b[01;35m\x1b[Kwarning: \x1b[m\x1b[K\xe2\x80\x98\x1b[01m\x1b[KEigen::AlignedBit\x1b[m\x1b[K\xe2\x80\x99 is deprecated [\x1b[01;35m\x1b[K-Wdeprecated-declarations\x1b[m\x1b[K]\n'}
[20.496818] (orb_slam3_ros2_wrapper) StderrLine: {'line': b'   60 |       typedef Eigen::Map<Matrix<double, Dj, Di>, Matrix<double, Dj, Di>::\x1b[01;35m\x1b[KFlags & AlignedBit\x1b[m\x1b[K ? Aligned : Unaligned > HessianBlockTransposedType;\n'}
[20.496943] (orb_slam3_ros2_wrapper) StderrLine: {'line': b'      |                                                                          \x1b[01;35m\x1b[K~~~~~~^~~~~~~~~~~~\x1b[m\x1b[K\n'}
[20.497041] (orb_slam3_ros2_wrapper) StderrLine: {'line': b'In file included from \x1b[01m\x1b[K/usr/include/eigen3/Eigen/Core:161\x1b[m\x1b[K,\n'}
[20.497139] (orb_slam3_ros2_wrapper) StderrLine: {'line': b'                 from \x1b[01m\x1b[K/root/colcon_ws/src/orb_slam3_ros2_wrapper/include/orb_slam3_ros2_wrapper/type_conversion.hpp:10\x1b[m\x1b[K,\n'}
[20.497238] (orb_slam3_ros2_wrapper) StderrLine: {'line': b'                 from \x1b[01m\x1b[K/root/colcon_ws/src/orb_slam3_ros2_wrapper/src/rgbd/rgbd-slam-node.hpp:40\x1b[m\x1b[K,\n'}
[20.497351] (orb_slam3_ros2_wrapper) StderrLine: {'line': b'                 from \x1b[01m\x1b[K/root/colcon_ws/src/orb_slam3_ros2_wrapper/src/rgbd/rgbd-slam-node.cpp:6\x1b[m\x1b[K:\n'}
[20.497445] (orb_slam3_ros2_wrapper) StderrLine: {'line': b'\x1b[01m\x1b[K/usr/include/eigen3/Eigen/src/Core/util/Constants.h:167:37:\x1b[m\x1b[K \x1b[01;36m\x1b[Knote: \x1b[m\x1b[Kdeclared here\n'}
[20.497575] (orb_slam3_ros2_wrapper) StderrLine: {'line': b'  167 | EIGEN_DEPRECATED const unsigned int \x1b[01;36m\x1b[KAlignedBit\x1b[m\x1b[K = 0x80;\n'}
[20.497681] (orb_slam3_ros2_wrapper) StderrLine: {'line': b'      |                                     \x1b[01;36m\x1b[K^~~~~~~~~~\x1b[m\x1b[K\n'}
[20.545184] (orb_slam3_ros2_wrapper) StderrLine: {'line': b'In file included from \x1b[01m\x1b[K/home/orb/ORB_SLAM3/Thirdparty/g2o/g2o/types/types_six_dof_expmap.h:37\x1b[m\x1b[K,\n'}
[20.545451] (orb_slam3_ros2_wrapper) StderrLine: {'line': b'                 from \x1b[01m\x1b[K/home/orb/ORB_SLAM3/include/Converter.h:26\x1b[m\x1b[K,\n'}
[20.545561] (orb_slam3_ros2_wrapper) StderrLine: {'line': b'                 from \x1b[01m\x1b[K/home/orb/ORB_SLAM3/include/Frame.h:33\x1b[m\x1b[K,\n'}
[20.545659] (orb_slam3_ros2_wrapper) StderrLine: {'line': b'                 from \x1b[01m\x1b[K/home/orb/ORB_SLAM3/include/KeyFrame.h:28\x1b[m\x1b[K,\n'}
[20.545750] (orb_slam3_ros2_wrapper) StderrLine: {'line': b'                 from \x1b[01m\x1b[K/home/orb/ORB_SLAM3/include/MapPoint.h:23\x1b[m\x1b[K,\n'}
[20.545871] (orb_slam3_ros2_wrapper) StderrLine: {'line': b'                 from \x1b[01m\x1b[K/home/orb/ORB_SLAM3/include/FrameDrawer.h:24\x1b[m\x1b[K,\n'}
[20.545966] (orb_slam3_ros2_wrapper) StderrLine: {'line': b'                 from \x1b[01m\x1b[K/home/orb/ORB_SLAM3/include/Viewer.h:23\x1b[m\x1b[K,\n'}
[20.546058] (orb_slam3_ros2_wrapper) StderrLine: {'line': b'                 from \x1b[01m\x1b[K/home/orb/ORB_SLAM3/include/Tracking.h:26\x1b[m\x1b[K,\n'}
[20.546149] (orb_slam3_ros2_wrapper) StderrLine: {'line': b'                 from \x1b[01m\x1b[K/home/orb/ORB_SLAM3/include/System.h:31\x1b[m\x1b[K,\n'}
[20.546241] (orb_slam3_ros2_wrapper) StderrLine: {'line': b'                 from \x1b[01m\x1b[K/root/colcon_ws/src/orb_slam3_ros2_wrapper/include/orb_slam3_ros2_wrapper/orb_slam3_interface.hpp:28\x1b[m\x1b[K,\n'}
[20.546346] (orb_slam3_ros2_wrapper) StderrLine: {'line': b'                 from \x1b[01m\x1b[K/root/colcon_ws/src/orb_slam3_ros2_wrapper/src/orb_slam3_interface.cpp:6\x1b[m\x1b[K:\n'}
[20.546440] (orb_slam3_ros2_wrapper) StderrLine: {'line': b'/home/orb/ORB_SLAM3/Thirdparty/g2o/g2o/types/../core/base_vertex.h: In instantiation of \xe2\x80\x98\x1b[01m\x1b[Kclass g2o::BaseVertex<6, g2o::SE3Quat>\x1b[m\x1b[K\xe2\x80\x99:\n'}
[20.546534] (orb_slam3_ros2_wrapper) StderrLine: {'line': b'\x1b[01m\x1b[K/home/orb/ORB_SLAM3/Thirdparty/g2o/g2o/types/types_six_dof_expmap.h:59:33:\x1b[m\x1b[K   required from here\n'}
[20.546629] (orb_slam3_ros2_wrapper) StderrLine: {'line': b'\x1b[01m\x1b[K/home/orb/ORB_SLAM3/Thirdparty/g2o/g2o/types/../core/base_vertex.h:62:72:\x1b[m\x1b[K \x1b[01;35m\x1b[Kwarning: \x1b[m\x1b[K\xe2\x80\x98\x1b[01m\x1b[KEigen::AlignedBit\x1b[m\x1b[K\xe2\x80\x99 is deprecated [\x1b[01;35m\x1b[K-Wdeprecated-declarations\x1b[m\x1b[K]\n'}
[20.546733] (orb_slam3_ros2_wrapper) StderrLine: {'line': b'   62 |     typedef Eigen::Map<Matrix<double, D, D>, Matrix<double,D,D>::\x1b[01;35m\x1b[KFlags & AlignedBit\x1b[m\x1b[K ? Aligned : Unaligned >  HessianBlockType;\n'}
[20.546870] (orb_slam3_ros2_wrapper) StderrLine: {'line': b'      |                                                                  \x1b[01;35m\x1b[K~~~~~~^~~~~~~~~~~~\x1b[m\x1b[K\n'}
[20.546967] (orb_slam3_ros2_wrapper) StderrLine: {'line': b'In file included from \x1b[01m\x1b[K/usr/include/eigen3/Eigen/Core:161\x1b[m\x1b[K,\n'}
[20.547067] (orb_slam3_ros2_wrapper) StderrLine: {'line': b'                 from \x1b[01m\x1b[K/root/colcon_ws/src/orb_slam3_ros2_wrapper/include/orb_slam3_ros2_wrapper/orb_slam3_interface.hpp:12\x1b[m\x1b[K,\n'}
[20.547168] (orb_slam3_ros2_wrapper) StderrLine: {'line': b'                 from \x1b[01m\x1b[K/root/colcon_ws/src/orb_slam3_ros2_wrapper/src/orb_slam3_interface.cpp:6\x1b[m\x1b[K:\n'}
[20.547261] (orb_slam3_ros2_wrapper) StderrLine: {'line': b'\x1b[01m\x1b[K/usr/include/eigen3/Eigen/src/Core/util/Constants.h:167:37:\x1b[m\x1b[K \x1b[01;36m\x1b[Knote: \x1b[m\x1b[Kdeclared here\n'}
[20.547355] (orb_slam3_ros2_wrapper) StderrLine: {'line': b'  167 | EIGEN_DEPRECATED const unsigned int \x1b[01;36m\x1b[KAlignedBit\x1b[m\x1b[K = 0x80;\n'}
[20.547446] (orb_slam3_ros2_wrapper) StderrLine: {'line': b'      |                                     \x1b[01;36m\x1b[K^~~~~~~~~~\x1b[m\x1b[K\n'}
[20.577921] (-) TimerEvent: {}
[20.605556] (orb_slam3_ros2_wrapper) StderrLine: {'line': b'In file included from \x1b[01m\x1b[K/home/orb/ORB_SLAM3/Thirdparty/g2o/g2o/types/types_six_dof_expmap.h:38\x1b[m\x1b[K,\n'}
[20.607085] (orb_slam3_ros2_wrapper) StderrLine: {'line': b'                 from \x1b[01m\x1b[K/home/orb/ORB_SLAM3/include/Converter.h:26\x1b[m\x1b[K,\n'}
[20.607230] (orb_slam3_ros2_wrapper) StderrLine: {'line': b'                 from \x1b[01m\x1b[K/home/orb/ORB_SLAM3/include/Frame.h:33\x1b[m\x1b[K,\n'}
[20.607340] (orb_slam3_ros2_wrapper) StderrLine: {'line': b'                 from \x1b[01m\x1b[K/home/orb/ORB_SLAM3/include/KeyFrame.h:28\x1b[m\x1b[K,\n'}
[20.607474] (orb_slam3_ros2_wrapper) StderrLine: {'line': b'                 from \x1b[01m\x1b[K/home/orb/ORB_SLAM3/include/MapPoint.h:23\x1b[m\x1b[K,\n'}
[20.607576] (orb_slam3_ros2_wrapper) StderrLine: {'line': b'                 from \x1b[01m\x1b[K/home/orb/ORB_SLAM3/include/FrameDrawer.h:24\x1b[m\x1b[K,\n'}
[20.607700] (orb_slam3_ros2_wrapper) StderrLine: {'line': b'                 from \x1b[01m\x1b[K/home/orb/ORB_SLAM3/include/Viewer.h:23\x1b[m\x1b[K,\n'}
[20.607806] (orb_slam3_ros2_wrapper) StderrLine: {'line': b'                 from \x1b[01m\x1b[K/home/orb/ORB_SLAM3/include/Tracking.h:26\x1b[m\x1b[K,\n'}
[20.607918] (orb_slam3_ros2_wrapper) StderrLine: {'line': b'                 from \x1b[01m\x1b[K/home/orb/ORB_SLAM3/include/System.h:31\x1b[m\x1b[K,\n'}
[20.608009] (orb_slam3_ros2_wrapper) StderrLine: {'line': b'                 from \x1b[01m\x1b[K/root/colcon_ws/src/orb_slam3_ros2_wrapper/include/orb_slam3_ros2_wrapper/orb_slam3_interface.hpp:28\x1b[m\x1b[K,\n'}
[20.608102] (orb_slam3_ros2_wrapper) StderrLine: {'line': b'                 from \x1b[01m\x1b[K/root/colcon_ws/src/orb_slam3_ros2_wrapper/src/orb_slam3_interface.cpp:6\x1b[m\x1b[K:\n'}
[20.608193] (orb_slam3_ros2_wrapper) StderrLine: {'line': b'/home/orb/ORB_SLAM3/Thirdparty/g2o/g2o/types/../core/base_binary_edge.h: In instantiation of \xe2\x80\x98\x1b[01m\x1b[Kclass g2o::BaseBinaryEdge<6, g2o::SE3Quat, g2o::VertexSE3Expmap, g2o::VertexSE3Expmap>\x1b[m\x1b[K\xe2\x80\x99:\n'}
[20.608286] (orb_slam3_ros2_wrapper) StderrLine: {'line': b'\x1b[01m\x1b[K/home/orb/ORB_SLAM3/Thirdparty/g2o/g2o/types/types_six_dof_expmap.h:83:24:\x1b[m\x1b[K   required from here\n'}
[20.608375] (orb_slam3_ros2_wrapper) StderrLine: {'line': b'\x1b[01m\x1b[K/home/orb/ORB_SLAM3/Thirdparty/g2o/g2o/types/../core/base_binary_edge.h:59:80:\x1b[m\x1b[K \x1b[01;35m\x1b[Kwarning: \x1b[m\x1b[K\xe2\x80\x98\x1b[01m\x1b[KEigen::AlignedBit\x1b[m\x1b[K\xe2\x80\x99 is deprecated [\x1b[01;35m\x1b[K-Wdeprecated-declarations\x1b[m\x1b[K]\n'}
[20.608485] (orb_slam3_ros2_wrapper) StderrLine: {'line': b'   59 |       typedef Eigen::Map<Matrix<double, Di, Dj>, Matrix<double, Di, Dj>::\x1b[01;35m\x1b[KFlags & AlignedBit\x1b[m\x1b[K ? Aligned : Unaligned > HessianBlockType;\n'}
[20.608577] (orb_slam3_ros2_wrapper) StderrLine: {'line': b'      |                                                                          \x1b[01;35m\x1b[K~~~~~~^~~~~~~~~~~~\x1b[m\x1b[K\n'}
[20.608672] (orb_slam3_ros2_wrapper) StderrLine: {'line': b'In file included from \x1b[01m\x1b[K/usr/include/eigen3/Eigen/Core:161\x1b[m\x1b[K,\n'}
[20.608762] (orb_slam3_ros2_wrapper) StderrLine: {'line': b'                 from \x1b[01m\x1b[K/root/colcon_ws/src/orb_slam3_ros2_wrapper/include/orb_slam3_ros2_wrapper/orb_slam3_interface.hpp:12\x1b[m\x1b[K,\n'}
[20.608885] (orb_slam3_ros2_wrapper) StderrLine: {'line': b'                 from \x1b[01m\x1b[K/root/colcon_ws/src/orb_slam3_ros2_wrapper/src/orb_slam3_interface.cpp:6\x1b[m\x1b[K:\n'}
[20.608977] (orb_slam3_ros2_wrapper) StderrLine: {'line': b'\x1b[01m\x1b[K/usr/include/eigen3/Eigen/src/Core/util/Constants.h:167:37:\x1b[m\x1b[K \x1b[01;36m\x1b[Knote: \x1b[m\x1b[Kdeclared here\n'}
[20.609069] (orb_slam3_ros2_wrapper) StderrLine: {'line': b'  167 | EIGEN_DEPRECATED const unsigned int \x1b[01;36m\x1b[KAlignedBit\x1b[m\x1b[K = 0x80;\n'}
[20.609161] (orb_slam3_ros2_wrapper) StderrLine: {'line': b'      |                                     \x1b[01;36m\x1b[K^~~~~~~~~~\x1b[m\x1b[K\n'}
[20.609252] (orb_slam3_ros2_wrapper) StderrLine: {'line': b'In file included from \x1b[01m\x1b[K/home/orb/ORB_SLAM3/Thirdparty/g2o/g2o/types/types_six_dof_expmap.h:38\x1b[m\x1b[K,\n'}
[20.609343] (orb_slam3_ros2_wrapper) StderrLine: {'line': b'                 from \x1b[01m\x1b[K/home/orb/ORB_SLAM3/include/Converter.h:26\x1b[m\x1b[K,\n'}
[20.609434] (orb_slam3_ros2_wrapper) StderrLine: {'line': b'                 from \x1b[01m\x1b[K/home/orb/ORB_SLAM3/include/Frame.h:33\x1b[m\x1b[K,\n'}
[20.609526] (orb_slam3_ros2_wrapper) StderrLine: {'line': b'                 from \x1b[01m\x1b[K/home/orb/ORB_SLAM3/include/KeyFrame.h:28\x1b[m\x1b[K,\n'}
[20.609625] (orb_slam3_ros2_wrapper) StderrLine: {'line': b'                 from \x1b[01m\x1b[K/home/orb/ORB_SLAM3/include/MapPoint.h:23\x1b[m\x1b[K,\n'}
[20.609722] (orb_slam3_ros2_wrapper) StderrLine: {'line': b'                 from \x1b[01m\x1b[K/home/orb/ORB_SLAM3/include/FrameDrawer.h:24\x1b[m\x1b[K,\n'}
[20.613936] (orb_slam3_ros2_wrapper) StderrLine: {'line': b'                 from \x1b[01m\x1b[K/home/orb/ORB_SLAM3/include/Viewer.h:23\x1b[m\x1b[K,\n'}
[20.614103] (orb_slam3_ros2_wrapper) StderrLine: {'line': b'                 from \x1b[01m\x1b[K/home/orb/ORB_SLAM3/include/Tracking.h:26\x1b[m\x1b[K,\n'}
[20.614206] (orb_slam3_ros2_wrapper) StderrLine: {'line': b'                 from \x1b[01m\x1b[K/home/orb/ORB_SLAM3/include/System.h:31\x1b[m\x1b[K,\n'}
[20.614316] (orb_slam3_ros2_wrapper) StderrLine: {'line': b'                 from \x1b[01m\x1b[K/root/colcon_ws/src/orb_slam3_ros2_wrapper/include/orb_slam3_ros2_wrapper/orb_slam3_interface.hpp:28\x1b[m\x1b[K,\n'}
[20.614413] (orb_slam3_ros2_wrapper) StderrLine: {'line': b'                 from \x1b[01m\x1b[K/root/colcon_ws/src/orb_slam3_ros2_wrapper/src/orb_slam3_interface.cpp:6\x1b[m\x1b[K:\n'}
[20.614508] (orb_slam3_ros2_wrapper) StderrLine: {'line': b'\x1b[01m\x1b[K/home/orb/ORB_SLAM3/Thirdparty/g2o/g2o/types/../core/base_binary_edge.h:60:80:\x1b[m\x1b[K \x1b[01;35m\x1b[Kwarning: \x1b[m\x1b[K\xe2\x80\x98\x1b[01m\x1b[KEigen::AlignedBit\x1b[m\x1b[K\xe2\x80\x99 is deprecated [\x1b[01;35m\x1b[K-Wdeprecated-declarations\x1b[m\x1b[K]\n'}
[20.614607] (orb_slam3_ros2_wrapper) StderrLine: {'line': b'   60 |       typedef Eigen::Map<Matrix<double, Dj, Di>, Matrix<double, Dj, Di>::\x1b[01;35m\x1b[KFlags & AlignedBit\x1b[m\x1b[K ? Aligned : Unaligned > HessianBlockTransposedType;\n'}
[20.614704] (orb_slam3_ros2_wrapper) StderrLine: {'line': b'      |                                                                          \x1b[01;35m\x1b[K~~~~~~^~~~~~~~~~~~\x1b[m\x1b[K\n'}
[20.614812] (orb_slam3_ros2_wrapper) StderrLine: {'line': b'In file included from \x1b[01m\x1b[K/usr/include/eigen3/Eigen/Core:161\x1b[m\x1b[K,\n'}
[20.614919] (orb_slam3_ros2_wrapper) StderrLine: {'line': b'                 from \x1b[01m\x1b[K/root/colcon_ws/src/orb_slam3_ros2_wrapper/include/orb_slam3_ros2_wrapper/orb_slam3_interface.hpp:12\x1b[m\x1b[K,\n'}
[20.615016] (orb_slam3_ros2_wrapper) StderrLine: {'line': b'                 from \x1b[01m\x1b[K/root/colcon_ws/src/orb_slam3_ros2_wrapper/src/orb_slam3_interface.cpp:6\x1b[m\x1b[K:\n'}
[20.615111] (orb_slam3_ros2_wrapper) StderrLine: {'line': b'\x1b[01m\x1b[K/usr/include/eigen3/Eigen/src/Core/util/Constants.h:167:37:\x1b[m\x1b[K \x1b[01;36m\x1b[Knote: \x1b[m\x1b[Kdeclared here\n'}
[20.615216] (orb_slam3_ros2_wrapper) StderrLine: {'line': b'  167 | EIGEN_DEPRECATED const unsigned int \x1b[01;36m\x1b[KAlignedBit\x1b[m\x1b[K = 0x80;\n'}
[20.615312] (orb_slam3_ros2_wrapper) StderrLine: {'line': b'      |                                     \x1b[01;36m\x1b[K^~~~~~~~~~\x1b[m\x1b[K\n'}
[20.637131] (orb_slam3_ros2_wrapper) StderrLine: {'line': b'In file included from \x1b[01m\x1b[K/home/orb/ORB_SLAM3/Thirdparty/g2o/g2o/types/types_six_dof_expmap.h:37\x1b[m\x1b[K,\n'}
[20.637347] (orb_slam3_ros2_wrapper) StderrLine: {'line': b'                 from \x1b[01m\x1b[K/home/orb/ORB_SLAM3/include/Converter.h:26\x1b[m\x1b[K,\n'}
[20.637461] (orb_slam3_ros2_wrapper) StderrLine: {'line': b'                 from \x1b[01m\x1b[K/home/orb/ORB_SLAM3/include/Frame.h:33\x1b[m\x1b[K,\n'}
[20.637566] (orb_slam3_ros2_wrapper) StderrLine: {'line': b'                 from \x1b[01m\x1b[K/home/orb/ORB_SLAM3/include/KeyFrame.h:28\x1b[m\x1b[K,\n'}
[20.637683] (orb_slam3_ros2_wrapper) StderrLine: {'line': b'                 from \x1b[01m\x1b[K/home/orb/ORB_SLAM3/include/MapPoint.h:23\x1b[m\x1b[K,\n'}
[20.637820] (orb_slam3_ros2_wrapper) StderrLine: {'line': b'                 from \x1b[01m\x1b[K/root/colcon_ws/src/orb_slam3_ros2_wrapper/include/orb_slam3_ros2_wrapper/type_conversion.hpp:26\x1b[m\x1b[K,\n'}
[20.637937] (orb_slam3_ros2_wrapper) StderrLine: {'line': b'                 from \x1b[01m\x1b[K/root/colcon_ws/src/orb_slam3_ros2_wrapper/tests/typeConversionsTests.cpp:5\x1b[m\x1b[K:\n'}
[20.638053] (orb_slam3_ros2_wrapper) StderrLine: {'line': b'\x1b[01m\x1b[K/home/orb/ORB_SLAM3/Thirdparty/g2o/g2o/types/../core/base_vertex.h:\x1b[m\x1b[K At global scope:\n'}
[20.638218] (orb_slam3_ros2_wrapper) StderrLine: {'line': b'\x1b[01m\x1b[K/home/orb/ORB_SLAM3/Thirdparty/g2o/g2o/types/../core/base_vertex.h:62:74:\x1b[m\x1b[K \x1b[01;35m\x1b[Kwarning: \x1b[m\x1b[K\xe2\x80\x98\x1b[01m\x1b[KEigen::AlignedBit\x1b[m\x1b[K\xe2\x80\x99 is deprecated [\x1b[01;35m\x1b[K-Wdeprecated-declarations\x1b[m\x1b[K]\n'}
[20.638328] (orb_slam3_ros2_wrapper) StderrLine: {'line': b'   62 |     typedef Eigen::Map<Matrix<double, D, D>, Matrix<double,D,D>::Flags & \x1b[01;35m\x1b[KAlignedBit\x1b[m\x1b[K ? Aligned : Unaligned >  HessianBlockType;\n'}
[20.638427] (orb_slam3_ros2_wrapper) StderrLine: {'line': b'      |                                                                          \x1b[01;35m\x1b[K^~~~~~~~~~\x1b[m\x1b[K\n'}
[20.638522] (orb_slam3_ros2_wrapper) StderrLine: {'line': b'In file included from \x1b[01m\x1b[K/usr/include/eigen3/Eigen/Core:161\x1b[m\x1b[K,\n'}
[20.638620] (orb_slam3_ros2_wrapper) StderrLine: {'line': b'                 from \x1b[01m\x1b[K/usr/include/eigen3/Eigen/Dense:1\x1b[m\x1b[K,\n'}
[20.638725] (orb_slam3_ros2_wrapper) StderrLine: {'line': b'                 from \x1b[01m\x1b[K/root/colcon_ws/src/orb_slam3_ros2_wrapper/tests/typeConversionsTests.cpp:3\x1b[m\x1b[K:\n'}
[20.638841] (orb_slam3_ros2_wrapper) StderrLine: {'line': b'\x1b[01m\x1b[K/usr/include/eigen3/Eigen/src/Core/util/Constants.h:167:37:\x1b[m\x1b[K \x1b[01;36m\x1b[Knote: \x1b[m\x1b[Kdeclared here\n'}
[20.638937] (orb_slam3_ros2_wrapper) StderrLine: {'line': b'  167 | EIGEN_DEPRECATED const unsigned int \x1b[01;36m\x1b[KAlignedBit\x1b[m\x1b[K = 0x80;\n'}
[20.639026] (orb_slam3_ros2_wrapper) StderrLine: {'line': b'      |                                     \x1b[01;36m\x1b[K^~~~~~~~~~\x1b[m\x1b[K\n'}
[20.666871] (orb_slam3_ros2_wrapper) StderrLine: {'line': b'In file included from \x1b[01m\x1b[K/home/orb/ORB_SLAM3/Thirdparty/g2o/g2o/types/types_six_dof_expmap.h:38\x1b[m\x1b[K,\n'}
[20.667132] (orb_slam3_ros2_wrapper) StderrLine: {'line': b'                 from \x1b[01m\x1b[K/home/orb/ORB_SLAM3/include/Converter.h:26\x1b[m\x1b[K,\n'}
[20.667241] (orb_slam3_ros2_wrapper) StderrLine: {'line': b'                 from \x1b[01m\x1b[K/home/orb/ORB_SLAM3/include/Frame.h:33\x1b[m\x1b[K,\n'}
[20.667493] (orb_slam3_ros2_wrapper) StderrLine: {'line': b'                 from \x1b[01m\x1b[K/home/orb/ORB_SLAM3/include/KeyFrame.h:28\x1b[m\x1b[K,\n'}
[20.667660] (orb_slam3_ros2_wrapper) StderrLine: {'line': b'                 from \x1b[01m\x1b[K/home/orb/ORB_SLAM3/include/MapPoint.h:23\x1b[m\x1b[K,\n'}
[20.667807] (orb_slam3_ros2_wrapper) StderrLine: {'line': b'                 from \x1b[01m\x1b[K/root/colcon_ws/src/orb_slam3_ros2_wrapper/include/orb_slam3_ros2_wrapper/type_conversion.hpp:26\x1b[m\x1b[K,\n'}
[20.704985] (-) TimerEvent: {}
[20.705185] (orb_slam3_ros2_wrapper) StderrLine: {'line': b'                 from \x1b[01m\x1b[K/root/colcon_ws/src/orb_slam3_ros2_wrapper/tests/typeConversionsTests.cpp:5\x1b[m\x1b[K:\n'}
[20.705370] (orb_slam3_ros2_wrapper) StderrLine: {'line': b'\x1b[01m\x1b[K/home/orb/ORB_SLAM3/Thirdparty/g2o/g2o/types/../core/base_binary_edge.h:59:82:\x1b[m\x1b[K \x1b[01;35m\x1b[Kwarning: \x1b[m\x1b[K\xe2\x80\x98\x1b[01m\x1b[KEigen::AlignedBit\x1b[m\x1b[K\xe2\x80\x99 is deprecated [\x1b[01;35m\x1b[K-Wdeprecated-declarations\x1b[m\x1b[K]\n'}
[20.705505] (orb_slam3_ros2_wrapper) StderrLine: {'line': b'   59 |       typedef Eigen::Map<Matrix<double, Di, Dj>, Matrix<double, Di, Dj>::Flags & \x1b[01;35m\x1b[KAlignedBit\x1b[m\x1b[K ? Aligned : Unaligned > HessianBlockType;\n'}
[20.705647] (orb_slam3_ros2_wrapper) StderrLine: {'line': b'      |                                                                                  \x1b[01;35m\x1b[K^~~~~~~~~~\x1b[m\x1b[K\n'}
[20.705772] (orb_slam3_ros2_wrapper) StderrLine: {'line': b'In file included from \x1b[01m\x1b[K/usr/include/eigen3/Eigen/Core:161\x1b[m\x1b[K,\n'}
[20.710109] (orb_slam3_ros2_wrapper) StderrLine: {'line': b'                 from \x1b[01m\x1b[K/usr/include/eigen3/Eigen/Dense:1\x1b[m\x1b[K,\n'}
[20.710268] (orb_slam3_ros2_wrapper) StderrLine: {'line': b'                 from \x1b[01m\x1b[K/root/colcon_ws/src/orb_slam3_ros2_wrapper/tests/typeConversionsTests.cpp:3\x1b[m\x1b[K:\n'}
[20.710399] (orb_slam3_ros2_wrapper) StderrLine: {'line': b'\x1b[01m\x1b[K/usr/include/eigen3/Eigen/src/Core/util/Constants.h:167:37:\x1b[m\x1b[K \x1b[01;36m\x1b[Knote: \x1b[m\x1b[Kdeclared here\n'}
[20.710526] (orb_slam3_ros2_wrapper) StderrLine: {'line': b'  167 | EIGEN_DEPRECATED const unsigned int \x1b[01;36m\x1b[KAlignedBit\x1b[m\x1b[K = 0x80;\n'}
[20.710651] (orb_slam3_ros2_wrapper) StderrLine: {'line': b'      |                                     \x1b[01;36m\x1b[K^~~~~~~~~~\x1b[m\x1b[K\n'}
[20.710772] (orb_slam3_ros2_wrapper) StderrLine: {'line': b'In file included from \x1b[01m\x1b[K/home/orb/ORB_SLAM3/Thirdparty/g2o/g2o/types/types_six_dof_expmap.h:38\x1b[m\x1b[K,\n'}
[20.710917] (orb_slam3_ros2_wrapper) StderrLine: {'line': b'                 from \x1b[01m\x1b[K/home/orb/ORB_SLAM3/include/Converter.h:26\x1b[m\x1b[K,\n'}
[20.711040] (orb_slam3_ros2_wrapper) StderrLine: {'line': b'                 from \x1b[01m\x1b[K/home/orb/ORB_SLAM3/include/Frame.h:33\x1b[m\x1b[K,\n'}
[20.711166] (orb_slam3_ros2_wrapper) StderrLine: {'line': b'                 from \x1b[01m\x1b[K/home/orb/ORB_SLAM3/include/KeyFrame.h:28\x1b[m\x1b[K,\n'}
[20.711294] (orb_slam3_ros2_wrapper) StderrLine: {'line': b'                 from \x1b[01m\x1b[K/home/orb/ORB_SLAM3/include/MapPoint.h:23\x1b[m\x1b[K,\n'}
[20.711419] (orb_slam3_ros2_wrapper) StderrLine: {'line': b'                 from \x1b[01m\x1b[K/root/colcon_ws/src/orb_slam3_ros2_wrapper/include/orb_slam3_ros2_wrapper/type_conversion.hpp:26\x1b[m\x1b[K,\n'}
[20.711547] (orb_slam3_ros2_wrapper) StderrLine: {'line': b'                 from \x1b[01m\x1b[K/root/colcon_ws/src/orb_slam3_ros2_wrapper/tests/typeConversionsTests.cpp:5\x1b[m\x1b[K:\n'}
[20.711677] (orb_slam3_ros2_wrapper) StderrLine: {'line': b'\x1b[01m\x1b[K/home/orb/ORB_SLAM3/Thirdparty/g2o/g2o/types/../core/base_binary_edge.h:60:82:\x1b[m\x1b[K \x1b[01;35m\x1b[Kwarning: \x1b[m\x1b[K\xe2\x80\x98\x1b[01m\x1b[KEigen::AlignedBit\x1b[m\x1b[K\xe2\x80\x99 is deprecated [\x1b[01;35m\x1b[K-Wdeprecated-declarations\x1b[m\x1b[K]\n'}
[20.711819] (orb_slam3_ros2_wrapper) StderrLine: {'line': b'   60 |       typedef Eigen::Map<Matrix<double, Dj, Di>, Matrix<double, Dj, Di>::Flags & \x1b[01;35m\x1b[KAlignedBit\x1b[m\x1b[K ? Aligned : Unaligned > HessianBlockTransposedType;\n'}
[20.711994] (orb_slam3_ros2_wrapper) StderrLine: {'line': b'      |                                                                                  \x1b[01;35m\x1b[K^~~~~~~~~~\x1b[m\x1b[K\n'}
[20.712122] (orb_slam3_ros2_wrapper) StderrLine: {'line': b'In file included from \x1b[01m\x1b[K/usr/include/eigen3/Eigen/Core:161\x1b[m\x1b[K,\n'}
[20.712246] (orb_slam3_ros2_wrapper) StderrLine: {'line': b'                 from \x1b[01m\x1b[K/usr/include/eigen3/Eigen/Dense:1\x1b[m\x1b[K,\n'}
[20.712375] (orb_slam3_ros2_wrapper) StderrLine: {'line': b'                 from \x1b[01m\x1b[K/root/colcon_ws/src/orb_slam3_ros2_wrapper/tests/typeConversionsTests.cpp:3\x1b[m\x1b[K:\n'}
[20.712498] (orb_slam3_ros2_wrapper) StderrLine: {'line': b'\x1b[01m\x1b[K/usr/include/eigen3/Eigen/src/Core/util/Constants.h:167:37:\x1b[m\x1b[K \x1b[01;36m\x1b[Knote: \x1b[m\x1b[Kdeclared here\n'}
[20.712625] (orb_slam3_ros2_wrapper) StderrLine: {'line': b'  167 | EIGEN_DEPRECATED const unsigned int \x1b[01;36m\x1b[KAlignedBit\x1b[m\x1b[K = 0x80;\n'}
[20.712770] (orb_slam3_ros2_wrapper) StderrLine: {'line': b'      |                                     \x1b[01;36m\x1b[K^~~~~~~~~~\x1b[m\x1b[K\n'}
[20.732859] (orb_slam3_ros2_wrapper) StderrLine: {'line': b'In file included from \x1b[01m\x1b[K/home/orb/ORB_SLAM3/Thirdparty/g2o/g2o/types/types_six_dof_expmap.h:38\x1b[m\x1b[K,\n'}
[20.733111] (orb_slam3_ros2_wrapper) StderrLine: {'line': b'                 from \x1b[01m\x1b[K/home/orb/ORB_SLAM3/include/Converter.h:26\x1b[m\x1b[K,\n'}
[20.733244] (orb_slam3_ros2_wrapper) StderrLine: {'line': b'                 from \x1b[01m\x1b[K/home/orb/ORB_SLAM3/include/Frame.h:33\x1b[m\x1b[K,\n'}
[20.733368] (orb_slam3_ros2_wrapper) StderrLine: {'line': b'                 from \x1b[01m\x1b[K/home/orb/ORB_SLAM3/include/KeyFrame.h:28\x1b[m\x1b[K,\n'}
[20.733489] (orb_slam3_ros2_wrapper) StderrLine: {'line': b'                 from \x1b[01m\x1b[K/home/orb/ORB_SLAM3/include/MapPoint.h:23\x1b[m\x1b[K,\n'}
[20.733609] (orb_slam3_ros2_wrapper) StderrLine: {'line': b'                 from \x1b[01m\x1b[K/root/colcon_ws/src/orb_slam3_ros2_wrapper/include/orb_slam3_ros2_wrapper/type_conversion.hpp:26\x1b[m\x1b[K,\n'}
[20.733738] (orb_slam3_ros2_wrapper) StderrLine: {'line': b'                 from \x1b[01m\x1b[K/root/colcon_ws/src/orb_slam3_ros2_wrapper/src/rgbd/rgbd-slam-node.hpp:40\x1b[m\x1b[K,\n'}
[20.734989] (orb_slam3_ros2_wrapper) StderrLine: {'line': b'                 from \x1b[01m\x1b[K/root/colcon_ws/src/orb_slam3_ros2_wrapper/src/rgbd/rgbd-slam-node.cpp:6\x1b[m\x1b[K:\n'}
[20.735134] (orb_slam3_ros2_wrapper) StderrLine: {'line': b'/home/orb/ORB_SLAM3/Thirdparty/g2o/g2o/types/../core/base_binary_edge.h: In instantiation of \xe2\x80\x98\x1b[01m\x1b[Kclass g2o::BaseBinaryEdge<3, Eigen::Matrix<double, 3, 1>, g2o::VertexSBAPointXYZ, g2o::VertexSE3Expmap>\x1b[m\x1b[K\xe2\x80\x99:\n'}
[20.735266] (orb_slam3_ros2_wrapper) StderrLine: {'line': b'\x1b[01m\x1b[K/home/orb/ORB_SLAM3/Thirdparty/g2o/g2o/types/types_six_dof_expmap.h:146:41:\x1b[m\x1b[K   required from here\n'}
[20.735388] (orb_slam3_ros2_wrapper) StderrLine: {'line': b'\x1b[01m\x1b[K/home/orb/ORB_SLAM3/Thirdparty/g2o/g2o/types/../core/base_binary_edge.h:59:80:\x1b[m\x1b[K \x1b[01;35m\x1b[Kwarning: \x1b[m\x1b[K\xe2\x80\x98\x1b[01m\x1b[KEigen::AlignedBit\x1b[m\x1b[K\xe2\x80\x99 is deprecated [\x1b[01;35m\x1b[K-Wdeprecated-declarations\x1b[m\x1b[K]\n'}
[20.735528] (orb_slam3_ros2_wrapper) StderrLine: {'line': b'   59 |       typedef Eigen::Map<Matrix<double, Di, Dj>, Matrix<double, Di, Dj>::\x1b[01;35m\x1b[KFlags & AlignedBit\x1b[m\x1b[K ? Aligned : Unaligned > HessianBlockType;\n'}
[20.735655] (orb_slam3_ros2_wrapper) StderrLine: {'line': b'      |                                                                          \x1b[01;35m\x1b[K~~~~~~^~~~~~~~~~~~\x1b[m\x1b[K\n'}
[20.735780] (orb_slam3_ros2_wrapper) StderrLine: {'line': b'In file included from \x1b[01m\x1b[K/usr/include/eigen3/Eigen/Core:161\x1b[m\x1b[K,\n'}
[20.735923] (orb_slam3_ros2_wrapper) StderrLine: {'line': b'                 from \x1b[01m\x1b[K/root/colcon_ws/src/orb_slam3_ros2_wrapper/include/orb_slam3_ros2_wrapper/type_conversion.hpp:10\x1b[m\x1b[K,\n'}
[20.736063] (orb_slam3_ros2_wrapper) StderrLine: {'line': b'                 from \x1b[01m\x1b[K/root/colcon_ws/src/orb_slam3_ros2_wrapper/src/rgbd/rgbd-slam-node.hpp:40\x1b[m\x1b[K,\n'}
[20.736185] (orb_slam3_ros2_wrapper) StderrLine: {'line': b'                 from \x1b[01m\x1b[K/root/colcon_ws/src/orb_slam3_ros2_wrapper/src/rgbd/rgbd-slam-node.cpp:6\x1b[m\x1b[K:\n'}
[20.736307] (orb_slam3_ros2_wrapper) StderrLine: {'line': b'\x1b[01m\x1b[K/usr/include/eigen3/Eigen/src/Core/util/Constants.h:167:37:\x1b[m\x1b[K \x1b[01;36m\x1b[Knote: \x1b[m\x1b[Kdeclared here\n'}
[20.736428] (orb_slam3_ros2_wrapper) StderrLine: {'line': b'  167 | EIGEN_DEPRECATED const unsigned int \x1b[01;36m\x1b[KAlignedBit\x1b[m\x1b[K = 0x80;\n'}
[20.736550] (orb_slam3_ros2_wrapper) StderrLine: {'line': b'      |                                     \x1b[01;36m\x1b[K^~~~~~~~~~\x1b[m\x1b[K\n'}
[20.736670] (orb_slam3_ros2_wrapper) StderrLine: {'line': b'In file included from \x1b[01m\x1b[K/home/orb/ORB_SLAM3/Thirdparty/g2o/g2o/types/types_six_dof_expmap.h:38\x1b[m\x1b[K,\n'}
[20.736801] (orb_slam3_ros2_wrapper) StderrLine: {'line': b'                 from \x1b[01m\x1b[K/home/orb/ORB_SLAM3/include/Converter.h:26\x1b[m\x1b[K,\n'}
[20.736935] (orb_slam3_ros2_wrapper) StderrLine: {'line': b'                 from \x1b[01m\x1b[K/home/orb/ORB_SLAM3/include/Frame.h:33\x1b[m\x1b[K,\n'}
[20.737058] (orb_slam3_ros2_wrapper) StderrLine: {'line': b'                 from \x1b[01m\x1b[K/home/orb/ORB_SLAM3/include/KeyFrame.h:28\x1b[m\x1b[K,\n'}
[20.737181] (orb_slam3_ros2_wrapper) StderrLine: {'line': b'                 from \x1b[01m\x1b[K/home/orb/ORB_SLAM3/include/MapPoint.h:23\x1b[m\x1b[K,\n'}
[20.737308] (orb_slam3_ros2_wrapper) StderrLine: {'line': b'                 from \x1b[01m\x1b[K/root/colcon_ws/src/orb_slam3_ros2_wrapper/include/orb_slam3_ros2_wrapper/type_conversion.hpp:26\x1b[m\x1b[K,\n'}
[20.737431] (orb_slam3_ros2_wrapper) StderrLine: {'line': b'                 from \x1b[01m\x1b[K/root/colcon_ws/src/orb_slam3_ros2_wrapper/src/rgbd/rgbd-slam-node.hpp:40\x1b[m\x1b[K,\n'}
[20.737552] (orb_slam3_ros2_wrapper) StderrLine: {'line': b'                 from \x1b[01m\x1b[K/root/colcon_ws/src/orb_slam3_ros2_wrapper/src/rgbd/rgbd-slam-node.cpp:6\x1b[m\x1b[K:\n'}
[20.737673] (orb_slam3_ros2_wrapper) StderrLine: {'line': b'\x1b[01m\x1b[K/home/orb/ORB_SLAM3/Thirdparty/g2o/g2o/types/../core/base_binary_edge.h:60:80:\x1b[m\x1b[K \x1b[01;35m\x1b[Kwarning: \x1b[m\x1b[K\xe2\x80\x98\x1b[01m\x1b[KEigen::AlignedBit\x1b[m\x1b[K\xe2\x80\x99 is deprecated [\x1b[01;35m\x1b[K-Wdeprecated-declarations\x1b[m\x1b[K]\n'}
[20.744904] (orb_slam3_ros2_wrapper) StderrLine: {'line': b'   60 |       typedef Eigen::Map<Matrix<double, Dj, Di>, Matrix<double, Dj, Di>::\x1b[01;35m\x1b[KFlags & AlignedBit\x1b[m\x1b[K ? Aligned : Unaligned > HessianBlockTransposedType;\n'}
[20.745142] (orb_slam3_ros2_wrapper) StderrLine: {'line': b'      |                                                                          \x1b[01;35m\x1b[K~~~~~~^~~~~~~~~~~~\x1b[m\x1b[K\n'}
[20.745275] (orb_slam3_ros2_wrapper) StderrLine: {'line': b'In file included from \x1b[01m\x1b[K/usr/include/eigen3/Eigen/Core:161\x1b[m\x1b[K,\n'}
[20.745406] (orb_slam3_ros2_wrapper) StderrLine: {'line': b'                 from \x1b[01m\x1b[K/root/colcon_ws/src/orb_slam3_ros2_wrapper/include/orb_slam3_ros2_wrapper/type_conversion.hpp:10\x1b[m\x1b[K,\n'}
[20.745536] (orb_slam3_ros2_wrapper) StderrLine: {'line': b'                 from \x1b[01m\x1b[K/root/colcon_ws/src/orb_slam3_ros2_wrapper/src/rgbd/rgbd-slam-node.hpp:40\x1b[m\x1b[K,\n'}
[20.745663] (orb_slam3_ros2_wrapper) StderrLine: {'line': b'                 from \x1b[01m\x1b[K/root/colcon_ws/src/orb_slam3_ros2_wrapper/src/rgbd/rgbd-slam-node.cpp:6\x1b[m\x1b[K:\n'}
[20.745799] (orb_slam3_ros2_wrapper) StderrLine: {'line': b'\x1b[01m\x1b[K/usr/include/eigen3/Eigen/src/Core/util/Constants.h:167:37:\x1b[m\x1b[K \x1b[01;36m\x1b[Knote: \x1b[m\x1b[Kdeclared here\n'}
[20.745954] (orb_slam3_ros2_wrapper) StderrLine: {'line': b'  167 | EIGEN_DEPRECATED const unsigned int \x1b[01;36m\x1b[KAlignedBit\x1b[m\x1b[K = 0x80;\n'}
[20.746081] (orb_slam3_ros2_wrapper) StderrLine: {'line': b'      |                                     \x1b[01;36m\x1b[K^~~~~~~~~~\x1b[m\x1b[K\n'}
[20.806860] (-) TimerEvent: {}
[20.813932] (orb_slam3_ros2_wrapper) StderrLine: {'line': b'In file included from \x1b[01m\x1b[K/home/orb/ORB_SLAM3/Thirdparty/g2o/g2o/types/types_six_dof_expmap.h:41\x1b[m\x1b[K,\n'}
[20.814181] (orb_slam3_ros2_wrapper) StderrLine: {'line': b'                 from \x1b[01m\x1b[K/home/orb/ORB_SLAM3/include/Converter.h:26\x1b[m\x1b[K,\n'}
[20.814310] (orb_slam3_ros2_wrapper) StderrLine: {'line': b'                 from \x1b[01m\x1b[K/home/orb/ORB_SLAM3/include/Frame.h:33\x1b[m\x1b[K,\n'}
[20.814711] (orb_slam3_ros2_wrapper) StderrLine: {'line': b'                 from \x1b[01m\x1b[K/home/orb/ORB_SLAM3/include/KeyFrame.h:28\x1b[m\x1b[K,\n'}
[20.814857] (orb_slam3_ros2_wrapper) StderrLine: {'line': b'                 from \x1b[01m\x1b[K/home/orb/ORB_SLAM3/include/MapPoint.h:23\x1b[m\x1b[K,\n'}
[20.814984] (orb_slam3_ros2_wrapper) StderrLine: {'line': b'                 from \x1b[01m\x1b[K/root/colcon_ws/src/orb_slam3_ros2_wrapper/include/orb_slam3_ros2_wrapper/type_conversion.hpp:26\x1b[m\x1b[K,\n'}
[20.815105] (orb_slam3_ros2_wrapper) StderrLine: {'line': b'                 from \x1b[01m\x1b[K/root/colcon_ws/src/orb_slam3_ros2_wrapper/tests/typeConversionsTests.cpp:5\x1b[m\x1b[K:\n'}
[20.815398] (orb_slam3_ros2_wrapper) StderrLine: {'line': b'\x1b[01m\x1b[K/home/orb/ORB_SLAM3/Thirdparty/g2o/g2o/types/se3quat.h:43:38:\x1b[m\x1b[K \x1b[01;35m\x1b[Kwarning: \x1b[m\x1b[Kextra \xe2\x80\x98\x1b[01m\x1b[K;\x1b[m\x1b[K\xe2\x80\x99 [\x1b[01;35m\x1b[K-Wpedantic\x1b[m\x1b[K]\n'}
[20.815528] (orb_slam3_ros2_wrapper) StderrLine: {'line': b'   43 |       EIGEN_MAKE_ALIGNED_OPERATOR_NEW\x1b[01;35m\x1b[K;\x1b[m\x1b[K\n'}
[20.815647] (orb_slam3_ros2_wrapper) StderrLine: {'line': b'      |                                      \x1b[01;35m\x1b[K^\x1b[m\x1b[K\n'}
[20.815763] (orb_slam3_ros2_wrapper) StderrLine: {'line': b'      |                                      \x1b[31m\x1b[K-\x1b[m\x1b[K\n'}
[20.818161] (orb_slam3_ros2_wrapper) StderrLine: {'line': b'In file included from \x1b[01m\x1b[K/home/orb/ORB_SLAM3/Thirdparty/g2o/g2o/types/types_six_dof_expmap.h:38\x1b[m\x1b[K,\n'}
[20.818363] (orb_slam3_ros2_wrapper) StderrLine: {'line': b'                 from \x1b[01m\x1b[K/home/orb/ORB_SLAM3/include/Converter.h:26\x1b[m\x1b[K,\n'}
[20.818501] (orb_slam3_ros2_wrapper) StderrLine: {'line': b'                 from \x1b[01m\x1b[K/home/orb/ORB_SLAM3/include/Frame.h:33\x1b[m\x1b[K,\n'}
[20.818619] (orb_slam3_ros2_wrapper) StderrLine: {'line': b'                 from \x1b[01m\x1b[K/home/orb/ORB_SLAM3/include/KeyFrame.h:28\x1b[m\x1b[K,\n'}
[20.818755] (orb_slam3_ros2_wrapper) StderrLine: {'line': b'                 from \x1b[01m\x1b[K/home/orb/ORB_SLAM3/include/MapPoint.h:23\x1b[m\x1b[K,\n'}
[20.818882] (orb_slam3_ros2_wrapper) StderrLine: {'line': b'                 from \x1b[01m\x1b[K/home/orb/ORB_SLAM3/include/FrameDrawer.h:24\x1b[m\x1b[K,\n'}
[20.818996] (orb_slam3_ros2_wrapper) StderrLine: {'line': b'                 from \x1b[01m\x1b[K/home/orb/ORB_SLAM3/include/Viewer.h:23\x1b[m\x1b[K,\n'}
[20.819121] (orb_slam3_ros2_wrapper) StderrLine: {'line': b'                 from \x1b[01m\x1b[K/home/orb/ORB_SLAM3/include/Tracking.h:26\x1b[m\x1b[K,\n'}
[20.819233] (orb_slam3_ros2_wrapper) StderrLine: {'line': b'                 from \x1b[01m\x1b[K/home/orb/ORB_SLAM3/include/System.h:31\x1b[m\x1b[K,\n'}
[20.819343] (orb_slam3_ros2_wrapper) StderrLine: {'line': b'                 from \x1b[01m\x1b[K/root/colcon_ws/src/orb_slam3_ros2_wrapper/include/orb_slam3_ros2_wrapper/orb_slam3_interface.hpp:28\x1b[m\x1b[K,\n'}
[20.819455] (orb_slam3_ros2_wrapper) StderrLine: {'line': b'                 from \x1b[01m\x1b[K/root/colcon_ws/src/orb_slam3_ros2_wrapper/src/orb_slam3_interface.cpp:6\x1b[m\x1b[K:\n'}
[20.819574] (orb_slam3_ros2_wrapper) StderrLine: {'line': b'/home/orb/ORB_SLAM3/Thirdparty/g2o/g2o/types/../core/base_binary_edge.h: In instantiation of \xe2\x80\x98\x1b[01m\x1b[Kclass g2o::BaseBinaryEdge<2, Eigen::Matrix<double, 2, 1>, g2o::VertexSBAPointXYZ, g2o::VertexSE3Expmap>\x1b[m\x1b[K\xe2\x80\x99:\n'}
[20.819688] (orb_slam3_ros2_wrapper) StderrLine: {'line': b'\x1b[01m\x1b[K/home/orb/ORB_SLAM3/Thirdparty/g2o/g2o/types/types_six_dof_expmap.h:114:35:\x1b[m\x1b[K   required from here\n'}
[20.819812] (orb_slam3_ros2_wrapper) StderrLine: {'line': b'\x1b[01m\x1b[K/home/orb/ORB_SLAM3/Thirdparty/g2o/g2o/types/../core/base_binary_edge.h:59:80:\x1b[m\x1b[K \x1b[01;35m\x1b[Kwarning: \x1b[m\x1b[K\xe2\x80\x98\x1b[01m\x1b[KEigen::AlignedBit\x1b[m\x1b[K\xe2\x80\x99 is deprecated [\x1b[01;35m\x1b[K-Wdeprecated-declarations\x1b[m\x1b[K]\n'}
[20.819961] (orb_slam3_ros2_wrapper) StderrLine: {'line': b'   59 |       typedef Eigen::Map<Matrix<double, Di, Dj>, Matrix<double, Di, Dj>::\x1b[01;35m\x1b[KFlags & AlignedBit\x1b[m\x1b[K ? Aligned : Unaligned > HessianBlockType;\n'}
[20.820085] (orb_slam3_ros2_wrapper) StderrLine: {'line': b'      |                                                                          \x1b[01;35m\x1b[K~~~~~~^~~~~~~~~~~~\x1b[m\x1b[K\n'}
[20.820193] (orb_slam3_ros2_wrapper) StderrLine: {'line': b'In file included from \x1b[01m\x1b[K/usr/include/eigen3/Eigen/Core:161\x1b[m\x1b[K,\n'}
[20.820294] (orb_slam3_ros2_wrapper) StderrLine: {'line': b'                 from \x1b[01m\x1b[K/root/colcon_ws/src/orb_slam3_ros2_wrapper/include/orb_slam3_ros2_wrapper/orb_slam3_interface.hpp:12\x1b[m\x1b[K,\n'}
[20.820402] (orb_slam3_ros2_wrapper) StderrLine: {'line': b'                 from \x1b[01m\x1b[K/root/colcon_ws/src/orb_slam3_ros2_wrapper/src/orb_slam3_interface.cpp:6\x1b[m\x1b[K:\n'}
[20.820510] (orb_slam3_ros2_wrapper) StderrLine: {'line': b'\x1b[01m\x1b[K/usr/include/eigen3/Eigen/src/Core/util/Constants.h:167:37:\x1b[m\x1b[K \x1b[01;36m\x1b[Knote: \x1b[m\x1b[Kdeclared here\n'}
[20.820619] (orb_slam3_ros2_wrapper) StderrLine: {'line': b'  167 | EIGEN_DEPRECATED const unsigned int \x1b[01;36m\x1b[KAlignedBit\x1b[m\x1b[K = 0x80;\n'}
[20.820741] (orb_slam3_ros2_wrapper) StderrLine: {'line': b'      |                                     \x1b[01;36m\x1b[K^~~~~~~~~~\x1b[m\x1b[K\n'}
[20.853034] (orb_slam3_ros2_wrapper) StderrLine: {'line': b'In file included from \x1b[01m\x1b[K/home/orb/ORB_SLAM3/Thirdparty/g2o/g2o/types/types_six_dof_expmap.h:38\x1b[m\x1b[K,\n'}
[20.853272] (orb_slam3_ros2_wrapper) StderrLine: {'line': b'                 from \x1b[01m\x1b[K/home/orb/ORB_SLAM3/include/Converter.h:26\x1b[m\x1b[K,\n'}
[20.853396] (orb_slam3_ros2_wrapper) StderrLine: {'line': b'                 from \x1b[01m\x1b[K/home/orb/ORB_SLAM3/include/Frame.h:33\x1b[m\x1b[K,\n'}
[20.853510] (orb_slam3_ros2_wrapper) StderrLine: {'line': b'                 from \x1b[01m\x1b[K/home/orb/ORB_SLAM3/include/KeyFrame.h:28\x1b[m\x1b[K,\n'}
[20.853621] (orb_slam3_ros2_wrapper) StderrLine: {'line': b'                 from \x1b[01m\x1b[K/home/orb/ORB_SLAM3/include/MapPoint.h:23\x1b[m\x1b[K,\n'}
[20.853737] (orb_slam3_ros2_wrapper) StderrLine: {'line': b'                 from \x1b[01m\x1b[K/home/orb/ORB_SLAM3/include/FrameDrawer.h:24\x1b[m\x1b[K,\n'}
[20.853866] (orb_slam3_ros2_wrapper) StderrLine: {'line': b'                 from \x1b[01m\x1b[K/home/orb/ORB_SLAM3/include/Viewer.h:23\x1b[m\x1b[K,\n'}
[20.853980] (orb_slam3_ros2_wrapper) StderrLine: {'line': b'                 from \x1b[01m\x1b[K/home/orb/ORB_SLAM3/include/Tracking.h:26\x1b[m\x1b[K,\n'}
[20.854086] (orb_slam3_ros2_wrapper) StderrLine: {'line': b'                 from \x1b[01m\x1b[K/home/orb/ORB_SLAM3/include/System.h:31\x1b[m\x1b[K,\n'}
[20.854191] (orb_slam3_ros2_wrapper) StderrLine: {'line': b'                 from \x1b[01m\x1b[K/root/colcon_ws/src/orb_slam3_ros2_wrapper/include/orb_slam3_ros2_wrapper/orb_slam3_interface.hpp:28\x1b[m\x1b[K,\n'}
[20.854300] (orb_slam3_ros2_wrapper) StderrLine: {'line': b'                 from \x1b[01m\x1b[K/root/colcon_ws/src/orb_slam3_ros2_wrapper/src/orb_slam3_interface.cpp:6\x1b[m\x1b[K:\n'}
[20.854427] (orb_slam3_ros2_wrapper) StderrLine: {'line': b'\x1b[01m\x1b[K/home/orb/ORB_SLAM3/Thirdparty/g2o/g2o/types/../core/base_binary_edge.h:60:80:\x1b[m\x1b[K \x1b[01;35m\x1b[Kwarning: \x1b[m\x1b[K\xe2\x80\x98\x1b[01m\x1b[KEigen::AlignedBit\x1b[m\x1b[K\xe2\x80\x99 is deprecated [\x1b[01;35m\x1b[K-Wdeprecated-declarations\x1b[m\x1b[K]\n'}
[20.854543] (orb_slam3_ros2_wrapper) StderrLine: {'line': b'   60 |       typedef Eigen::Map<Matrix<double, Dj, Di>, Matrix<double, Dj, Di>::\x1b[01;35m\x1b[KFlags & AlignedBit\x1b[m\x1b[K ? Aligned : Unaligned > HessianBlockTransposedType;\n'}
[20.854654] (orb_slam3_ros2_wrapper) StderrLine: {'line': b'      |                                                                          \x1b[01;35m\x1b[K~~~~~~^~~~~~~~~~~~\x1b[m\x1b[K\n'}
[20.854753] (orb_slam3_ros2_wrapper) StderrLine: {'line': b'In file included from \x1b[01m\x1b[K/usr/include/eigen3/Eigen/Core:161\x1b[m\x1b[K,\n'}
[20.854878] (orb_slam3_ros2_wrapper) StderrLine: {'line': b'                 from \x1b[01m\x1b[K/root/colcon_ws/src/orb_slam3_ros2_wrapper/include/orb_slam3_ros2_wrapper/orb_slam3_interface.hpp:12\x1b[m\x1b[K,\n'}
[20.854990] (orb_slam3_ros2_wrapper) StderrLine: {'line': b'                 from \x1b[01m\x1b[K/root/colcon_ws/src/orb_slam3_ros2_wrapper/src/orb_slam3_interface.cpp:6\x1b[m\x1b[K:\n'}
[20.855098] (orb_slam3_ros2_wrapper) StderrLine: {'line': b'\x1b[01m\x1b[K/usr/include/eigen3/Eigen/src/Core/util/Constants.h:167:37:\x1b[m\x1b[K \x1b[01;36m\x1b[Knote: \x1b[m\x1b[Kdeclared here\n'}
[20.855218] (orb_slam3_ros2_wrapper) StderrLine: {'line': b'  167 | EIGEN_DEPRECATED const unsigned int \x1b[01;36m\x1b[KAlignedBit\x1b[m\x1b[K = 0x80;\n'}
[20.855326] (orb_slam3_ros2_wrapper) StderrLine: {'line': b'      |                                     \x1b[01;36m\x1b[K^~~~~~~~~~\x1b[m\x1b[K\n'}
[20.909073] (-) TimerEvent: {}
[20.979321] (orb_slam3_ros2_wrapper) StderrLine: {'line': b'In file included from \x1b[01m\x1b[K/home/orb/ORB_SLAM3/Thirdparty/g2o/g2o/types/types_six_dof_expmap.h:38\x1b[m\x1b[K,\n'}
[20.979566] (orb_slam3_ros2_wrapper) StderrLine: {'line': b'                 from \x1b[01m\x1b[K/home/orb/ORB_SLAM3/include/Converter.h:26\x1b[m\x1b[K,\n'}
[20.979932] (orb_slam3_ros2_wrapper) StderrLine: {'line': b'                 from \x1b[01m\x1b[K/home/orb/ORB_SLAM3/include/Frame.h:33\x1b[m\x1b[K,\n'}
[20.980047] (orb_slam3_ros2_wrapper) StderrLine: {'line': b'                 from \x1b[01m\x1b[K/home/orb/ORB_SLAM3/include/KeyFrame.h:28\x1b[m\x1b[K,\n'}
[20.980156] (orb_slam3_ros2_wrapper) StderrLine: {'line': b'                 from \x1b[01m\x1b[K/home/orb/ORB_SLAM3/include/MapPoint.h:23\x1b[m\x1b[K,\n'}
[20.980264] (orb_slam3_ros2_wrapper) StderrLine: {'line': b'                 from \x1b[01m\x1b[K/home/orb/ORB_SLAM3/include/FrameDrawer.h:24\x1b[m\x1b[K,\n'}
[20.980372] (orb_slam3_ros2_wrapper) StderrLine: {'line': b'                 from \x1b[01m\x1b[K/home/orb/ORB_SLAM3/include/Viewer.h:23\x1b[m\x1b[K,\n'}
[20.980478] (orb_slam3_ros2_wrapper) StderrLine: {'line': b'                 from \x1b[01m\x1b[K/home/orb/ORB_SLAM3/include/Tracking.h:26\x1b[m\x1b[K,\n'}
[20.980583] (orb_slam3_ros2_wrapper) StderrLine: {'line': b'                 from \x1b[01m\x1b[K/home/orb/ORB_SLAM3/include/System.h:31\x1b[m\x1b[K,\n'}
[20.980695] (orb_slam3_ros2_wrapper) StderrLine: {'line': b'                 from \x1b[01m\x1b[K/root/colcon_ws/src/orb_slam3_ros2_wrapper/include/orb_slam3_ros2_wrapper/orb_slam3_interface.hpp:28\x1b[m\x1b[K,\n'}
[20.980852] (orb_slam3_ros2_wrapper) StderrLine: {'line': b'                 from \x1b[01m\x1b[K/root/colcon_ws/src/orb_slam3_ros2_wrapper/src/orb_slam3_interface.cpp:6\x1b[m\x1b[K:\n'}
[20.980978] (orb_slam3_ros2_wrapper) StderrLine: {'line': b'/home/orb/ORB_SLAM3/Thirdparty/g2o/g2o/types/../core/base_binary_edge.h: In instantiation of \xe2\x80\x98\x1b[01m\x1b[Kclass g2o::BaseBinaryEdge<3, Eigen::Matrix<double, 3, 1>, g2o::VertexSBAPointXYZ, g2o::VertexSE3Expmap>\x1b[m\x1b[K\xe2\x80\x99:\n'}
[20.981094] (orb_slam3_ros2_wrapper) StderrLine: {'line': b'\x1b[01m\x1b[K/home/orb/ORB_SLAM3/Thirdparty/g2o/g2o/types/types_six_dof_expmap.h:146:41:\x1b[m\x1b[K   required from here\n'}
[20.981215] (orb_slam3_ros2_wrapper) StderrLine: {'line': b'\x1b[01m\x1b[K/home/orb/ORB_SLAM3/Thirdparty/g2o/g2o/types/../core/base_binary_edge.h:59:80:\x1b[m\x1b[K \x1b[01;35m\x1b[Kwarning: \x1b[m\x1b[K\xe2\x80\x98\x1b[01m\x1b[KEigen::AlignedBit\x1b[m\x1b[K\xe2\x80\x99 is deprecated [\x1b[01;35m\x1b[K-Wdeprecated-declarations\x1b[m\x1b[K]\n'}
[20.981330] (orb_slam3_ros2_wrapper) StderrLine: {'line': b'   59 |       typedef Eigen::Map<Matrix<double, Di, Dj>, Matrix<double, Di, Dj>::\x1b[01;35m\x1b[KFlags & AlignedBit\x1b[m\x1b[K ? Aligned : Unaligned > HessianBlockType;\n'}
[20.981442] (orb_slam3_ros2_wrapper) StderrLine: {'line': b'      |                                                                          \x1b[01;35m\x1b[K~~~~~~^~~~~~~~~~~~\x1b[m\x1b[K\n'}
[20.981555] (orb_slam3_ros2_wrapper) StderrLine: {'line': b'In file included from \x1b[01m\x1b[K/usr/include/eigen3/Eigen/Core:161\x1b[m\x1b[K,\n'}
[20.981664] (orb_slam3_ros2_wrapper) StderrLine: {'line': b'                 from \x1b[01m\x1b[K/root/colcon_ws/src/orb_slam3_ros2_wrapper/include/orb_slam3_ros2_wrapper/orb_slam3_interface.hpp:12\x1b[m\x1b[K,\n'}
[20.981778] (orb_slam3_ros2_wrapper) StderrLine: {'line': b'                 from \x1b[01m\x1b[K/root/colcon_ws/src/orb_slam3_ros2_wrapper/src/orb_slam3_interface.cpp:6\x1b[m\x1b[K:\n'}
[20.981910] (orb_slam3_ros2_wrapper) StderrLine: {'line': b'\x1b[01m\x1b[K/usr/include/eigen3/Eigen/src/Core/util/Constants.h:167:37:\x1b[m\x1b[K \x1b[01;36m\x1b[Knote: \x1b[m\x1b[Kdeclared here\n'}
[20.982022] (orb_slam3_ros2_wrapper) StderrLine: {'line': b'  167 | EIGEN_DEPRECATED const unsigned int \x1b[01;36m\x1b[KAlignedBit\x1b[m\x1b[K = 0x80;\n'}
[20.982128] (orb_slam3_ros2_wrapper) StderrLine: {'line': b'      |                                     \x1b[01;36m\x1b[K^~~~~~~~~~\x1b[m\x1b[K\n'}
[20.982233] (orb_slam3_ros2_wrapper) StderrLine: {'line': b'In file included from \x1b[01m\x1b[K/home/orb/ORB_SLAM3/Thirdparty/g2o/g2o/types/types_six_dof_expmap.h:38\x1b[m\x1b[K,\n'}
[20.982339] (orb_slam3_ros2_wrapper) StderrLine: {'line': b'                 from \x1b[01m\x1b[K/home/orb/ORB_SLAM3/include/Converter.h:26\x1b[m\x1b[K,\n'}
[20.982451] (orb_slam3_ros2_wrapper) StderrLine: {'line': b'                 from \x1b[01m\x1b[K/home/orb/ORB_SLAM3/include/Frame.h:33\x1b[m\x1b[K,\n'}
[20.982562] (orb_slam3_ros2_wrapper) StderrLine: {'line': b'                 from \x1b[01m\x1b[K/home/orb/ORB_SLAM3/include/KeyFrame.h:28\x1b[m\x1b[K,\n'}
[20.982671] (orb_slam3_ros2_wrapper) StderrLine: {'line': b'                 from \x1b[01m\x1b[K/home/orb/ORB_SLAM3/include/MapPoint.h:23\x1b[m\x1b[K,\n'}
[20.982778] (orb_slam3_ros2_wrapper) StderrLine: {'line': b'                 from \x1b[01m\x1b[K/home/orb/ORB_SLAM3/include/FrameDrawer.h:24\x1b[m\x1b[K,\n'}
[20.984577] (orb_slam3_ros2_wrapper) StderrLine: {'line': b'                 from \x1b[01m\x1b[K/home/orb/ORB_SLAM3/include/Viewer.h:23\x1b[m\x1b[K,\n'}
[20.984717] (orb_slam3_ros2_wrapper) StderrLine: {'line': b'                 from \x1b[01m\x1b[K/home/orb/ORB_SLAM3/include/Tracking.h:26\x1b[m\x1b[K,\n'}
[20.984849] (orb_slam3_ros2_wrapper) StderrLine: {'line': b'                 from \x1b[01m\x1b[K/home/orb/ORB_SLAM3/include/System.h:31\x1b[m\x1b[K,\n'}
[20.984971] (orb_slam3_ros2_wrapper) StderrLine: {'line': b'                 from \x1b[01m\x1b[K/root/colcon_ws/src/orb_slam3_ros2_wrapper/include/orb_slam3_ros2_wrapper/orb_slam3_interface.hpp:28\x1b[m\x1b[K,\n'}
[20.985075] (orb_slam3_ros2_wrapper) StderrLine: {'line': b'                 from \x1b[01m\x1b[K/root/colcon_ws/src/orb_slam3_ros2_wrapper/src/orb_slam3_interface.cpp:6\x1b[m\x1b[K:\n'}
[20.985184] (orb_slam3_ros2_wrapper) StderrLine: {'line': b'\x1b[01m\x1b[K/home/orb/ORB_SLAM3/Thirdparty/g2o/g2o/types/../core/base_binary_edge.h:60:80:\x1b[m\x1b[K \x1b[01;35m\x1b[Kwarning: \x1b[m\x1b[K\xe2\x80\x98\x1b[01m\x1b[KEigen::AlignedBit\x1b[m\x1b[K\xe2\x80\x99 is deprecated [\x1b[01;35m\x1b[K-Wdeprecated-declarations\x1b[m\x1b[K]\n'}
[20.985302] (orb_slam3_ros2_wrapper) StderrLine: {'line': b'   60 |       typedef Eigen::Map<Matrix<double, Dj, Di>, Matrix<double, Dj, Di>::\x1b[01;35m\x1b[KFlags & AlignedBit\x1b[m\x1b[K ? Aligned : Unaligned > HessianBlockTransposedType;\n'}
[20.985405] (orb_slam3_ros2_wrapper) StderrLine: {'line': b'      |                                                                          \x1b[01;35m\x1b[K~~~~~~^~~~~~~~~~~~\x1b[m\x1b[K\n'}
[20.985526] (orb_slam3_ros2_wrapper) StderrLine: {'line': b'In file included from \x1b[01m\x1b[K/usr/include/eigen3/Eigen/Core:161\x1b[m\x1b[K,\n'}
[20.985638] (orb_slam3_ros2_wrapper) StderrLine: {'line': b'                 from \x1b[01m\x1b[K/root/colcon_ws/src/orb_slam3_ros2_wrapper/include/orb_slam3_ros2_wrapper/orb_slam3_interface.hpp:12\x1b[m\x1b[K,\n'}
[20.985751] (orb_slam3_ros2_wrapper) StderrLine: {'line': b'                 from \x1b[01m\x1b[K/root/colcon_ws/src/orb_slam3_ros2_wrapper/src/orb_slam3_interface.cpp:6\x1b[m\x1b[K:\n'}
[20.985883] (orb_slam3_ros2_wrapper) StderrLine: {'line': b'\x1b[01m\x1b[K/usr/include/eigen3/Eigen/src/Core/util/Constants.h:167:37:\x1b[m\x1b[K \x1b[01;36m\x1b[Knote: \x1b[m\x1b[Kdeclared here\n'}
[20.985994] (orb_slam3_ros2_wrapper) StderrLine: {'line': b'  167 | EIGEN_DEPRECATED const unsigned int \x1b[01;36m\x1b[KAlignedBit\x1b[m\x1b[K = 0x80;\n'}
[20.986085] (orb_slam3_ros2_wrapper) StderrLine: {'line': b'      |                                     \x1b[01;36m\x1b[K^~~~~~~~~~\x1b[m\x1b[K\n'}
[21.009441] (-) TimerEvent: {}
[21.096641] (orb_slam3_map_generator) StderrLine: {'line': b'\x1b[01m\x1b[K/root/colcon_ws/src/orb_slam3_map_generator/src/stitch_pcl.cpp:\x1b[m\x1b[K In constructor \xe2\x80\x98\x1b[01m\x1b[KDepthPointcloudStitcher::DepthPointcloudStitcher()\x1b[m\x1b[K\xe2\x80\x99:\n'}
[21.096918] (orb_slam3_map_generator) StderrLine: {'line': b'\x1b[01m\x1b[K/root/colcon_ws/src/orb_slam3_map_generator/src/stitch_pcl.cpp:346:12:\x1b[m\x1b[K \x1b[01;35m\x1b[Kwarning: \x1b[m\x1b[K\xe2\x80\x98\x1b[01m\x1b[KDepthPointcloudStitcher::buffer_duration_\x1b[m\x1b[K\xe2\x80\x99 will be initialized after [\x1b[01;35m\x1b[K-Wreorder\x1b[m\x1b[K]\n'}
[21.097032] (orb_slam3_map_generator) StderrLine: {'line': b'  346 |    double \x1b[01;35m\x1b[Kbuffer_duration_\x1b[m\x1b[K;\n'}
[21.097124] (orb_slam3_map_generator) StderrLine: {'line': b'      |           \x1b[01;35m\x1b[K^~~~~~~~~~~~~~~~\x1b[m\x1b[K\n'}
[21.097216] (orb_slam3_map_generator) StderrLine: {'line': b'\n'}
[21.097303] (orb_slam3_map_generator) StderrLine: {'line': b'\x1b[01m\x1b[K/root/colcon_ws/src/orb_slam3_map_generator/src/stitch_pcl.cpp:340:21:\x1b[m\x1b[K \x1b[01;35m\x1b[Kwarning: \x1b[m\x1b[K  \xe2\x80\x98\x1b[01m\x1b[Ktf2_ros::Buffer DepthPointcloudStitcher::tf_buffer_\x1b[m\x1b[K\xe2\x80\x99 [\x1b[01;35m\x1b[K-Wreorder\x1b[m\x1b[K]\n'}
[21.097397] (orb_slam3_map_generator) StderrLine: {'line': b'  340 | s::Buffer \x1b[01;35m\x1b[Ktf_buffer_\x1b[m\x1b[K;\n'}
[21.097484] (orb_slam3_map_generator) StderrLine: {'line': b'      |           \x1b[01;35m\x1b[K^~~~~~~~~~\x1b[m\x1b[K\n'}
[21.097573] (orb_slam3_map_generator) StderrLine: {'line': b'\n'}
[21.097661] (orb_slam3_map_generator) StderrLine: {'line': b'\x1b[01m\x1b[K/root/colcon_ws/src/orb_slam3_map_generator/src/stitch_pcl.cpp:28:5:\x1b[m\x1b[K \x1b[01;35m\x1b[Kwarning: \x1b[m\x1b[K  when initialized here [\x1b[01;35m\x1b[K-Wreorder\x1b[m\x1b[K]\n'}
[21.097752] (orb_slam3_map_generator) StderrLine: {'line': b'   28 |     \x1b[01;35m\x1b[KDepthPointcloudStitcher\x1b[m\x1b[K()\n'}
[21.097858] (orb_slam3_map_generator) StderrLine: {'line': b'      |     \x1b[01;35m\x1b[K^~~~~~~~~~~~~~~~~~~~~~~\x1b[m\x1b[K\n'}
[21.109552] (-) TimerEvent: {}
[21.209909] (-) TimerEvent: {}
[21.272845] (orb_slam3_ros2_wrapper) StderrLine: {'line': b'In file included from \x1b[01m\x1b[K/home/orb/ORB_SLAM3/Thirdparty/g2o/g2o/types/types_six_dof_expmap.h:37\x1b[m\x1b[K,\n'}
[21.273172] (orb_slam3_ros2_wrapper) StderrLine: {'line': b'                 from \x1b[01m\x1b[K/home/orb/ORB_SLAM3/include/Converter.h:26\x1b[m\x1b[K,\n'}
[21.273316] (orb_slam3_ros2_wrapper) StderrLine: {'line': b'                 from \x1b[01m\x1b[K/home/orb/ORB_SLAM3/include/Frame.h:33\x1b[m\x1b[K,\n'}
[21.273438] (orb_slam3_ros2_wrapper) StderrLine: {'line': b'                 from \x1b[01m\x1b[K/home/orb/ORB_SLAM3/include/KeyFrame.h:28\x1b[m\x1b[K,\n'}
[21.273538] (orb_slam3_ros2_wrapper) StderrLine: {'line': b'                 from \x1b[01m\x1b[K/home/orb/ORB_SLAM3/include/MapPoint.h:23\x1b[m\x1b[K,\n'}
[21.273649] (orb_slam3_ros2_wrapper) StderrLine: {'line': b'                 from \x1b[01m\x1b[K/root/colcon_ws/src/orb_slam3_ros2_wrapper/include/orb_slam3_ros2_wrapper/type_conversion.hpp:26\x1b[m\x1b[K,\n'}
[21.273763] (orb_slam3_ros2_wrapper) StderrLine: {'line': b'                 from \x1b[01m\x1b[K/root/colcon_ws/src/orb_slam3_ros2_wrapper/src/rgbd/rgbd-slam-node.hpp:40\x1b[m\x1b[K,\n'}
[21.273900] (orb_slam3_ros2_wrapper) StderrLine: {'line': b'                 from \x1b[01m\x1b[K/root/colcon_ws/src/orb_slam3_ros2_wrapper/src/rgbd/rgbd.cpp:7\x1b[m\x1b[K:\n'}
[21.274021] (orb_slam3_ros2_wrapper) StderrLine: {'line': b'/home/orb/ORB_SLAM3/Thirdparty/g2o/g2o/types/../core/base_vertex.h: In instantiation of \xe2\x80\x98\x1b[01m\x1b[Kclass g2o::BaseVertex<7, g2o::Sim3>\x1b[m\x1b[K\xe2\x80\x99:\n'}
[21.274135] (orb_slam3_ros2_wrapper) StderrLine: {'line': b'\x1b[01m\x1b[K/home/orb/ORB_SLAM3/Thirdparty/g2o/g2o/types/types_seven_dof_expmap.h:48:35:\x1b[m\x1b[K   required from here\n'}
[21.274249] (orb_slam3_ros2_wrapper) StderrLine: {'line': b'\x1b[01m\x1b[K/home/orb/ORB_SLAM3/Thirdparty/g2o/g2o/types/../core/base_vertex.h:62:72:\x1b[m\x1b[K \x1b[01;35m\x1b[Kwarning: \x1b[m\x1b[K\xe2\x80\x98\x1b[01m\x1b[KEigen::AlignedBit\x1b[m\x1b[K\xe2\x80\x99 is deprecated [\x1b[01;35m\x1b[K-Wdeprecated-declarations\x1b[m\x1b[K]\n'}
[21.274367] (orb_slam3_ros2_wrapper) StderrLine: {'line': b'   62 |     typedef Eigen::Map<Matrix<double, D, D>, Matrix<double,D,D>::\x1b[01;35m\x1b[KFlags & AlignedBit\x1b[m\x1b[K ? Aligned : Unaligned >  HessianBlockType;\n'}
[21.274478] (orb_slam3_ros2_wrapper) StderrLine: {'line': b'      |                                                                  \x1b[01;35m\x1b[K~~~~~~^~~~~~~~~~~~\x1b[m\x1b[K\n'}
[21.274589] (orb_slam3_ros2_wrapper) StderrLine: {'line': b'In file included from \x1b[01m\x1b[K/usr/include/eigen3/Eigen/Core:161\x1b[m\x1b[K,\n'}
[21.274700] (orb_slam3_ros2_wrapper) StderrLine: {'line': b'                 from \x1b[01m\x1b[K/root/colcon_ws/src/orb_slam3_ros2_wrapper/include/orb_slam3_ros2_wrapper/type_conversion.hpp:10\x1b[m\x1b[K,\n'}
[21.274832] (orb_slam3_ros2_wrapper) StderrLine: {'line': b'                 from \x1b[01m\x1b[K/root/colcon_ws/src/orb_slam3_ros2_wrapper/src/rgbd/rgbd-slam-node.hpp:40\x1b[m\x1b[K,\n'}
[21.274952] (orb_slam3_ros2_wrapper) StderrLine: {'line': b'                 from \x1b[01m\x1b[K/root/colcon_ws/src/orb_slam3_ros2_wrapper/src/rgbd/rgbd.cpp:7\x1b[m\x1b[K:\n'}
[21.275060] (orb_slam3_ros2_wrapper) StderrLine: {'line': b'\x1b[01m\x1b[K/usr/include/eigen3/Eigen/src/Core/util/Constants.h:167:37:\x1b[m\x1b[K \x1b[01;36m\x1b[Knote: \x1b[m\x1b[Kdeclared here\n'}
[21.275168] (orb_slam3_ros2_wrapper) StderrLine: {'line': b'  167 | EIGEN_DEPRECATED const unsigned int \x1b[01;36m\x1b[KAlignedBit\x1b[m\x1b[K = 0x80;\n'}
[21.275276] (orb_slam3_ros2_wrapper) StderrLine: {'line': b'      |                                     \x1b[01;36m\x1b[K^~~~~~~~~~\x1b[m\x1b[K\n'}
[21.312463] (-) TimerEvent: {}
[21.340755] (orb_slam3_ros2_wrapper) StderrLine: {'line': b'In file included from \x1b[01m\x1b[K/home/orb/ORB_SLAM3/Thirdparty/g2o/g2o/types/types_six_dof_expmap.h:38\x1b[m\x1b[K,\n'}
[21.341163] (orb_slam3_ros2_wrapper) StderrLine: {'line': b'                 from \x1b[01m\x1b[K/home/orb/ORB_SLAM3/include/Converter.h:26\x1b[m\x1b[K,\n'}
[21.341302] (orb_slam3_ros2_wrapper) StderrLine: {'line': b'                 from \x1b[01m\x1b[K/home/orb/ORB_SLAM3/include/Frame.h:33\x1b[m\x1b[K,\n'}
[21.341422] (orb_slam3_ros2_wrapper) StderrLine: {'line': b'                 from \x1b[01m\x1b[K/home/orb/ORB_SLAM3/include/KeyFrame.h:28\x1b[m\x1b[K,\n'}
[21.341551] (orb_slam3_ros2_wrapper) StderrLine: {'line': b'                 from \x1b[01m\x1b[K/home/orb/ORB_SLAM3/include/MapPoint.h:23\x1b[m\x1b[K,\n'}
[21.341670] (orb_slam3_ros2_wrapper) StderrLine: {'line': b'                 from \x1b[01m\x1b[K/root/colcon_ws/src/orb_slam3_ros2_wrapper/include/orb_slam3_ros2_wrapper/type_conversion.hpp:26\x1b[m\x1b[K,\n'}
[21.341794] (orb_slam3_ros2_wrapper) StderrLine: {'line': b'                 from \x1b[01m\x1b[K/root/colcon_ws/src/orb_slam3_ros2_wrapper/src/rgbd/rgbd-slam-node.hpp:40\x1b[m\x1b[K,\n'}
[21.341929] (orb_slam3_ros2_wrapper) StderrLine: {'line': b'                 from \x1b[01m\x1b[K/root/colcon_ws/src/orb_slam3_ros2_wrapper/src/rgbd/rgbd.cpp:7\x1b[m\x1b[K:\n'}
[21.342041] (orb_slam3_ros2_wrapper) StderrLine: {'line': b'/home/orb/ORB_SLAM3/Thirdparty/g2o/g2o/types/../core/base_binary_edge.h: In instantiation of \xe2\x80\x98\x1b[01m\x1b[Kclass g2o::BaseBinaryEdge<7, g2o::Sim3, g2o::VertexSim3Expmap, g2o::VertexSim3Expmap>\x1b[m\x1b[K\xe2\x80\x99:\n'}
[21.342150] (orb_slam3_ros2_wrapper) StderrLine: {'line': b'\x1b[01m\x1b[K/home/orb/ORB_SLAM3/Thirdparty/g2o/g2o/types/types_seven_dof_expmap.h:99:27:\x1b[m\x1b[K   required from here\n'}
[21.342256] (orb_slam3_ros2_wrapper) StderrLine: {'line': b'\x1b[01m\x1b[K/home/orb/ORB_SLAM3/Thirdparty/g2o/g2o/types/../core/base_binary_edge.h:59:80:\x1b[m\x1b[K \x1b[01;35m\x1b[Kwarning: \x1b[m\x1b[K\xe2\x80\x98\x1b[01m\x1b[KEigen::AlignedBit\x1b[m\x1b[K\xe2\x80\x99 is deprecated [\x1b[01;35m\x1b[K-Wdeprecated-declarations\x1b[m\x1b[K]\n'}
[21.342371] (orb_slam3_ros2_wrapper) StderrLine: {'line': b'   59 |       typedef Eigen::Map<Matrix<double, Di, Dj>, Matrix<double, Di, Dj>::\x1b[01;35m\x1b[KFlags & AlignedBit\x1b[m\x1b[K ? Aligned : Unaligned > HessianBlockType;\n'}
[21.342501] (orb_slam3_ros2_wrapper) StderrLine: {'line': b'      |                                                                          \x1b[01;35m\x1b[K~~~~~~^~~~~~~~~~~~\x1b[m\x1b[K\n'}
[21.342617] (orb_slam3_ros2_wrapper) StderrLine: {'line': b'In file included from \x1b[01m\x1b[K/usr/include/eigen3/Eigen/Core:161\x1b[m\x1b[K,\n'}
[21.342734] (orb_slam3_ros2_wrapper) StderrLine: {'line': b'                 from \x1b[01m\x1b[K/root/colcon_ws/src/orb_slam3_ros2_wrapper/include/orb_slam3_ros2_wrapper/type_conversion.hpp:10\x1b[m\x1b[K,\n'}
[21.342895] (orb_slam3_ros2_wrapper) StderrLine: {'line': b'                 from \x1b[01m\x1b[K/root/colcon_ws/src/orb_slam3_ros2_wrapper/src/rgbd/rgbd-slam-node.hpp:40\x1b[m\x1b[K,\n'}
[21.343012] (orb_slam3_ros2_wrapper) StderrLine: {'line': b'                 from \x1b[01m\x1b[K/root/colcon_ws/src/orb_slam3_ros2_wrapper/src/rgbd/rgbd.cpp:7\x1b[m\x1b[K:\n'}
[21.343121] (orb_slam3_ros2_wrapper) StderrLine: {'line': b'\x1b[01m\x1b[K/usr/include/eigen3/Eigen/src/Core/util/Constants.h:167:37:\x1b[m\x1b[K \x1b[01;36m\x1b[Knote: \x1b[m\x1b[Kdeclared here\n'}
[21.343232] (orb_slam3_ros2_wrapper) StderrLine: {'line': b'  167 | EIGEN_DEPRECATED const unsigned int \x1b[01;36m\x1b[KAlignedBit\x1b[m\x1b[K = 0x80;\n'}
[21.343345] (orb_slam3_ros2_wrapper) StderrLine: {'line': b'      |                                     \x1b[01;36m\x1b[K^~~~~~~~~~\x1b[m\x1b[K\n'}
[21.343463] (orb_slam3_ros2_wrapper) StderrLine: {'line': b'In file included from \x1b[01m\x1b[K/home/orb/ORB_SLAM3/Thirdparty/g2o/g2o/types/types_six_dof_expmap.h:38\x1b[m\x1b[K,\n'}
[21.343587] (orb_slam3_ros2_wrapper) StderrLine: {'line': b'                 from \x1b[01m\x1b[K/home/orb/ORB_SLAM3/include/Converter.h:26\x1b[m\x1b[K,\n'}
[21.343699] (orb_slam3_ros2_wrapper) StderrLine: {'line': b'                 from \x1b[01m\x1b[K/home/orb/ORB_SLAM3/include/Frame.h:33\x1b[m\x1b[K,\n'}
[21.343830] (orb_slam3_ros2_wrapper) StderrLine: {'line': b'                 from \x1b[01m\x1b[K/home/orb/ORB_SLAM3/include/KeyFrame.h:28\x1b[m\x1b[K,\n'}
[21.343954] (orb_slam3_ros2_wrapper) StderrLine: {'line': b'                 from \x1b[01m\x1b[K/home/orb/ORB_SLAM3/include/MapPoint.h:23\x1b[m\x1b[K,\n'}
[21.344065] (orb_slam3_ros2_wrapper) StderrLine: {'line': b'                 from \x1b[01m\x1b[K/root/colcon_ws/src/orb_slam3_ros2_wrapper/include/orb_slam3_ros2_wrapper/type_conversion.hpp:26\x1b[m\x1b[K,\n'}
[21.344191] (orb_slam3_ros2_wrapper) StderrLine: {'line': b'                 from \x1b[01m\x1b[K/root/colcon_ws/src/orb_slam3_ros2_wrapper/src/rgbd/rgbd-slam-node.hpp:40\x1b[m\x1b[K,\n'}
[21.344308] (orb_slam3_ros2_wrapper) StderrLine: {'line': b'                 from \x1b[01m\x1b[K/root/colcon_ws/src/orb_slam3_ros2_wrapper/src/rgbd/rgbd.cpp:7\x1b[m\x1b[K:\n'}
[21.344426] (orb_slam3_ros2_wrapper) StderrLine: {'line': b'\x1b[01m\x1b[K/home/orb/ORB_SLAM3/Thirdparty/g2o/g2o/types/../core/base_binary_edge.h:60:80:\x1b[m\x1b[K \x1b[01;35m\x1b[Kwarning: \x1b[m\x1b[K\xe2\x80\x98\x1b[01m\x1b[KEigen::AlignedBit\x1b[m\x1b[K\xe2\x80\x99 is deprecated [\x1b[01;35m\x1b[K-Wdeprecated-declarations\x1b[m\x1b[K]\n'}
[21.344544] (orb_slam3_ros2_wrapper) StderrLine: {'line': b'   60 |       typedef Eigen::Map<Matrix<double, Dj, Di>, Matrix<double, Dj, Di>::\x1b[01;35m\x1b[KFlags & AlignedBit\x1b[m\x1b[K ? Aligned : Unaligned > HessianBlockTransposedType;\n'}
[21.344662] (orb_slam3_ros2_wrapper) StderrLine: {'line': b'      |                                                                          \x1b[01;35m\x1b[K~~~~~~^~~~~~~~~~~~\x1b[m\x1b[K\n'}
[21.344772] (orb_slam3_ros2_wrapper) StderrLine: {'line': b'In file included from \x1b[01m\x1b[K/usr/include/eigen3/Eigen/Core:161\x1b[m\x1b[K,\n'}
[21.352069] (orb_slam3_ros2_wrapper) StderrLine: {'line': b'                 from \x1b[01m\x1b[K/root/colcon_ws/src/orb_slam3_ros2_wrapper/include/orb_slam3_ros2_wrapper/type_conversion.hpp:10\x1b[m\x1b[K,\n'}
[21.352216] (orb_slam3_ros2_wrapper) StderrLine: {'line': b'                 from \x1b[01m\x1b[K/root/colcon_ws/src/orb_slam3_ros2_wrapper/src/rgbd/rgbd-slam-node.hpp:40\x1b[m\x1b[K,\n'}
[21.352336] (orb_slam3_ros2_wrapper) StderrLine: {'line': b'                 from \x1b[01m\x1b[K/root/colcon_ws/src/orb_slam3_ros2_wrapper/src/rgbd/rgbd.cpp:7\x1b[m\x1b[K:\n'}
[21.352453] (orb_slam3_ros2_wrapper) StderrLine: {'line': b'\x1b[01m\x1b[K/usr/include/eigen3/Eigen/src/Core/util/Constants.h:167:37:\x1b[m\x1b[K \x1b[01;36m\x1b[Knote: \x1b[m\x1b[Kdeclared here\n'}
[21.352573] (orb_slam3_ros2_wrapper) StderrLine: {'line': b'  167 | EIGEN_DEPRECATED const unsigned int \x1b[01;36m\x1b[KAlignedBit\x1b[m\x1b[K = 0x80;\n'}
[21.352689] (orb_slam3_ros2_wrapper) StderrLine: {'line': b'      |                                     \x1b[01;36m\x1b[K^~~~~~~~~~\x1b[m\x1b[K\n'}
[21.352812] (orb_slam3_ros2_wrapper) StderrLine: {'line': b'In file included from \x1b[01m\x1b[K/home/orb/ORB_SLAM3/Thirdparty/g2o/g2o/types/types_six_dof_expmap.h:37\x1b[m\x1b[K,\n'}
[21.352943] (orb_slam3_ros2_wrapper) StderrLine: {'line': b'                 from \x1b[01m\x1b[K/home/orb/ORB_SLAM3/include/Converter.h:26\x1b[m\x1b[K,\n'}
[21.353060] (orb_slam3_ros2_wrapper) StderrLine: {'line': b'                 from \x1b[01m\x1b[K/home/orb/ORB_SLAM3/include/Frame.h:33\x1b[m\x1b[K,\n'}
[21.353176] (orb_slam3_ros2_wrapper) StderrLine: {'line': b'                 from \x1b[01m\x1b[K/home/orb/ORB_SLAM3/include/KeyFrame.h:28\x1b[m\x1b[K,\n'}
[21.353289] (orb_slam3_ros2_wrapper) StderrLine: {'line': b'                 from \x1b[01m\x1b[K/home/orb/ORB_SLAM3/include/MapPoint.h:23\x1b[m\x1b[K,\n'}
[21.353401] (orb_slam3_ros2_wrapper) StderrLine: {'line': b'                 from \x1b[01m\x1b[K/root/colcon_ws/src/orb_slam3_ros2_wrapper/include/orb_slam3_ros2_wrapper/type_conversion.hpp:26\x1b[m\x1b[K,\n'}
[21.353512] (orb_slam3_ros2_wrapper) StderrLine: {'line': b'                 from \x1b[01m\x1b[K/root/colcon_ws/src/orb_slam3_ros2_wrapper/tests/typeConversionsTests.cpp:5\x1b[m\x1b[K:\n'}
[21.353627] (orb_slam3_ros2_wrapper) StderrLine: {'line': b'/home/orb/ORB_SLAM3/Thirdparty/g2o/g2o/types/../core/base_vertex.h: In instantiation of \xe2\x80\x98\x1b[01m\x1b[Kclass g2o::BaseVertex<3, Eigen::Matrix<double, 3, 1> >\x1b[m\x1b[K\xe2\x80\x99:\n'}
[21.353744] (orb_slam3_ros2_wrapper) StderrLine: {'line': b'\x1b[01m\x1b[K/home/orb/ORB_SLAM3/Thirdparty/g2o/g2o/types/types_sba.h:40:35:\x1b[m\x1b[K   required from here\n'}
[21.353893] (orb_slam3_ros2_wrapper) StderrLine: {'line': b'\x1b[01m\x1b[K/home/orb/ORB_SLAM3/Thirdparty/g2o/g2o/types/../core/base_vertex.h:62:72:\x1b[m\x1b[K \x1b[01;35m\x1b[Kwarning: \x1b[m\x1b[K\xe2\x80\x98\x1b[01m\x1b[KEigen::AlignedBit\x1b[m\x1b[K\xe2\x80\x99 is deprecated [\x1b[01;35m\x1b[K-Wdeprecated-declarations\x1b[m\x1b[K]\n'}
[21.354015] (orb_slam3_ros2_wrapper) StderrLine: {'line': b'   62 |     typedef Eigen::Map<Matrix<double, D, D>, Matrix<double,D,D>::\x1b[01;35m\x1b[KFlags & AlignedBit\x1b[m\x1b[K ? Aligned : Unaligned >  HessianBlockType;\n'}
[21.354177] (orb_slam3_ros2_wrapper) StderrLine: {'line': b'      |                                                                  \x1b[01;35m\x1b[K~~~~~~^~~~~~~~~~~~\x1b[m\x1b[K\n'}
[21.354295] (orb_slam3_ros2_wrapper) StderrLine: {'line': b'In file included from \x1b[01m\x1b[K/usr/include/eigen3/Eigen/Core:161\x1b[m\x1b[K,\n'}
[21.354410] (orb_slam3_ros2_wrapper) StderrLine: {'line': b'                 from \x1b[01m\x1b[K/usr/include/eigen3/Eigen/Dense:1\x1b[m\x1b[K,\n'}
[21.354523] (orb_slam3_ros2_wrapper) StderrLine: {'line': b'                 from \x1b[01m\x1b[K/root/colcon_ws/src/orb_slam3_ros2_wrapper/tests/typeConversionsTests.cpp:3\x1b[m\x1b[K:\n'}
[21.354646] (orb_slam3_ros2_wrapper) StderrLine: {'line': b'\x1b[01m\x1b[K/usr/include/eigen3/Eigen/src/Core/util/Constants.h:167:37:\x1b[m\x1b[K \x1b[01;36m\x1b[Knote: \x1b[m\x1b[Kdeclared here\n'}
[21.354764] (orb_slam3_ros2_wrapper) StderrLine: {'line': b'  167 | EIGEN_DEPRECATED const unsigned int \x1b[01;36m\x1b[KAlignedBit\x1b[m\x1b[K = 0x80;\n'}
[21.354906] (orb_slam3_ros2_wrapper) StderrLine: {'line': b'      |                                     \x1b[01;36m\x1b[K^~~~~~~~~~\x1b[m\x1b[K\n'}
[21.412579] (-) TimerEvent: {}
[21.421093] (orb_slam3_ros2_wrapper) StderrLine: {'line': b'In file included from \x1b[01m\x1b[K/home/orb/ORB_SLAM3/Thirdparty/g2o/g2o/types/types_six_dof_expmap.h:37\x1b[m\x1b[K,\n'}
[21.421345] (orb_slam3_ros2_wrapper) StderrLine: {'line': b'                 from \x1b[01m\x1b[K/home/orb/ORB_SLAM3/include/Converter.h:26\x1b[m\x1b[K,\n'}
[21.421479] (orb_slam3_ros2_wrapper) StderrLine: {'line': b'                 from \x1b[01m\x1b[K/home/orb/ORB_SLAM3/include/Frame.h:33\x1b[m\x1b[K,\n'}
[21.421602] (orb_slam3_ros2_wrapper) StderrLine: {'line': b'                 from \x1b[01m\x1b[K/home/orb/ORB_SLAM3/include/KeyFrame.h:28\x1b[m\x1b[K,\n'}
[21.421722] (orb_slam3_ros2_wrapper) StderrLine: {'line': b'                 from \x1b[01m\x1b[K/home/orb/ORB_SLAM3/include/MapPoint.h:23\x1b[m\x1b[K,\n'}
[21.421860] (orb_slam3_ros2_wrapper) StderrLine: {'line': b'                 from \x1b[01m\x1b[K/root/colcon_ws/src/orb_slam3_ros2_wrapper/include/orb_slam3_ros2_wrapper/type_conversion.hpp:26\x1b[m\x1b[K,\n'}
[21.421981] (orb_slam3_ros2_wrapper) StderrLine: {'line': b'                 from \x1b[01m\x1b[K/root/colcon_ws/src/orb_slam3_ros2_wrapper/tests/typeConversionsTests.cpp:5\x1b[m\x1b[K:\n'}
[21.422096] (orb_slam3_ros2_wrapper) StderrLine: {'line': b'/home/orb/ORB_SLAM3/Thirdparty/g2o/g2o/types/../core/base_vertex.h: In instantiation of \xe2\x80\x98\x1b[01m\x1b[Kclass g2o::BaseVertex<6, g2o::SE3Quat>\x1b[m\x1b[K\xe2\x80\x99:\n'}
[21.422213] (orb_slam3_ros2_wrapper) StderrLine: {'line': b'\x1b[01m\x1b[K/home/orb/ORB_SLAM3/Thirdparty/g2o/g2o/types/types_six_dof_expmap.h:59:33:\x1b[m\x1b[K   required from here\n'}
[21.422324] (orb_slam3_ros2_wrapper) StderrLine: {'line': b'\x1b[01m\x1b[K/home/orb/ORB_SLAM3/Thirdparty/g2o/g2o/types/../core/base_vertex.h:62:72:\x1b[m\x1b[K \x1b[01;35m\x1b[Kwarning: \x1b[m\x1b[K\xe2\x80\x98\x1b[01m\x1b[KEigen::AlignedBit\x1b[m\x1b[K\xe2\x80\x99 is deprecated [\x1b[01;35m\x1b[K-Wdeprecated-declarations\x1b[m\x1b[K]\n'}
[21.422441] (orb_slam3_ros2_wrapper) StderrLine: {'line': b'   62 |     typedef Eigen::Map<Matrix<double, D, D>, Matrix<double,D,D>::\x1b[01;35m\x1b[KFlags & AlignedBit\x1b[m\x1b[K ? Aligned : Unaligned >  HessianBlockType;\n'}
[21.422561] (orb_slam3_ros2_wrapper) StderrLine: {'line': b'      |                                                                  \x1b[01;35m\x1b[K~~~~~~^~~~~~~~~~~~\x1b[m\x1b[K\n'}
[21.422686] (orb_slam3_ros2_wrapper) StderrLine: {'line': b'In file included from \x1b[01m\x1b[K/usr/include/eigen3/Eigen/Core:161\x1b[m\x1b[K,\n'}
[21.422810] (orb_slam3_ros2_wrapper) StderrLine: {'line': b'                 from \x1b[01m\x1b[K/usr/include/eigen3/Eigen/Dense:1\x1b[m\x1b[K,\n'}
[21.422941] (orb_slam3_ros2_wrapper) StderrLine: {'line': b'                 from \x1b[01m\x1b[K/root/colcon_ws/src/orb_slam3_ros2_wrapper/tests/typeConversionsTests.cpp:3\x1b[m\x1b[K:\n'}
[21.423059] (orb_slam3_ros2_wrapper) StderrLine: {'line': b'\x1b[01m\x1b[K/usr/include/eigen3/Eigen/src/Core/util/Constants.h:167:37:\x1b[m\x1b[K \x1b[01;36m\x1b[Knote: \x1b[m\x1b[Kdeclared here\n'}
[21.423176] (orb_slam3_ros2_wrapper) StderrLine: {'line': b'  167 | EIGEN_DEPRECATED const unsigned int \x1b[01;36m\x1b[KAlignedBit\x1b[m\x1b[K = 0x80;\n'}
[21.423292] (orb_slam3_ros2_wrapper) StderrLine: {'line': b'      |                                     \x1b[01;36m\x1b[K^~~~~~~~~~\x1b[m\x1b[K\n'}
[21.425164] (orb_slam3_ros2_wrapper) StderrLine: {'line': b'In file included from \x1b[01m\x1b[K/home/orb/ORB_SLAM3/Thirdparty/g2o/g2o/types/types_six_dof_expmap.h:37\x1b[m\x1b[K,\n'}
[21.425389] (orb_slam3_ros2_wrapper) StderrLine: {'line': b'                 from \x1b[01m\x1b[K/home/orb/ORB_SLAM3/include/Converter.h:26\x1b[m\x1b[K,\n'}
[21.425514] (orb_slam3_ros2_wrapper) StderrLine: {'line': b'                 from \x1b[01m\x1b[K/home/orb/ORB_SLAM3/include/Frame.h:33\x1b[m\x1b[K,\n'}
[21.425627] (orb_slam3_ros2_wrapper) StderrLine: {'line': b'                 from \x1b[01m\x1b[K/home/orb/ORB_SLAM3/include/KeyFrame.h:28\x1b[m\x1b[K,\n'}
[21.425744] (orb_slam3_ros2_wrapper) StderrLine: {'line': b'                 from \x1b[01m\x1b[K/home/orb/ORB_SLAM3/include/MapPoint.h:23\x1b[m\x1b[K,\n'}
[21.425905] (orb_slam3_ros2_wrapper) StderrLine: {'line': b'                 from \x1b[01m\x1b[K/home/orb/ORB_SLAM3/include/FrameDrawer.h:24\x1b[m\x1b[K,\n'}
[21.426032] (orb_slam3_ros2_wrapper) StderrLine: {'line': b'                 from \x1b[01m\x1b[K/home/orb/ORB_SLAM3/include/Viewer.h:23\x1b[m\x1b[K,\n'}
[21.426151] (orb_slam3_ros2_wrapper) StderrLine: {'line': b'                 from \x1b[01m\x1b[K/home/orb/ORB_SLAM3/include/Tracking.h:26\x1b[m\x1b[K,\n'}
[21.426266] (orb_slam3_ros2_wrapper) StderrLine: {'line': b'                 from \x1b[01m\x1b[K/home/orb/ORB_SLAM3/include/System.h:31\x1b[m\x1b[K,\n'}
[21.426381] (orb_slam3_ros2_wrapper) StderrLine: {'line': b'                 from \x1b[01m\x1b[K/root/colcon_ws/src/orb_slam3_ros2_wrapper/include/orb_slam3_ros2_wrapper/orb_slam3_interface.hpp:28\x1b[m\x1b[K,\n'}
[21.426499] (orb_slam3_ros2_wrapper) StderrLine: {'line': b'                 from \x1b[01m\x1b[K/root/colcon_ws/src/orb_slam3_ros2_wrapper/src/orb_slam3_interface.cpp:6\x1b[m\x1b[K:\n'}
[21.426614] (orb_slam3_ros2_wrapper) StderrLine: {'line': b'/home/orb/ORB_SLAM3/Thirdparty/g2o/g2o/types/../core/base_vertex.h: In instantiation of \xe2\x80\x98\x1b[01m\x1b[Kclass g2o::BaseVertex<7, g2o::Sim3>\x1b[m\x1b[K\xe2\x80\x99:\n'}
[21.426734] (orb_slam3_ros2_wrapper) StderrLine: {'line': b'\x1b[01m\x1b[K/home/orb/ORB_SLAM3/Thirdparty/g2o/g2o/types/types_seven_dof_expmap.h:48:35:\x1b[m\x1b[K   required from here\n'}
[21.426883] (orb_slam3_ros2_wrapper) StderrLine: {'line': b'\x1b[01m\x1b[K/home/orb/ORB_SLAM3/Thirdparty/g2o/g2o/types/../core/base_vertex.h:62:72:\x1b[m\x1b[K \x1b[01;35m\x1b[Kwarning: \x1b[m\x1b[K\xe2\x80\x98\x1b[01m\x1b[KEigen::AlignedBit\x1b[m\x1b[K\xe2\x80\x99 is deprecated [\x1b[01;35m\x1b[K-Wdeprecated-declarations\x1b[m\x1b[K]\n'}
[21.427009] (orb_slam3_ros2_wrapper) StderrLine: {'line': b'   62 |     typedef Eigen::Map<Matrix<double, D, D>, Matrix<double,D,D>::\x1b[01;35m\x1b[KFlags & AlignedBit\x1b[m\x1b[K ? Aligned : Unaligned >  HessianBlockType;\n'}
[21.427136] (orb_slam3_ros2_wrapper) StderrLine: {'line': b'      |                                                                  \x1b[01;35m\x1b[K~~~~~~^~~~~~~~~~~~\x1b[m\x1b[K\n'}
[21.427262] (orb_slam3_ros2_wrapper) StderrLine: {'line': b'In file included from \x1b[01m\x1b[K/usr/include/eigen3/Eigen/Core:161\x1b[m\x1b[K,\n'}
[21.427369] (orb_slam3_ros2_wrapper) StderrLine: {'line': b'                 from \x1b[01m\x1b[K/root/colcon_ws/src/orb_slam3_ros2_wrapper/include/orb_slam3_ros2_wrapper/orb_slam3_interface.hpp:12\x1b[m\x1b[K,\n'}
[21.427494] (orb_slam3_ros2_wrapper) StderrLine: {'line': b'                 from \x1b[01m\x1b[K/root/colcon_ws/src/orb_slam3_ros2_wrapper/src/orb_slam3_interface.cpp:6\x1b[m\x1b[K:\n'}
[21.427608] (orb_slam3_ros2_wrapper) StderrLine: {'line': b'\x1b[01m\x1b[K/usr/include/eigen3/Eigen/src/Core/util/Constants.h:167:37:\x1b[m\x1b[K \x1b[01;36m\x1b[Knote: \x1b[m\x1b[Kdeclared here\n'}
[21.427724] (orb_slam3_ros2_wrapper) StderrLine: {'line': b'  167 | EIGEN_DEPRECATED const unsigned int \x1b[01;36m\x1b[KAlignedBit\x1b[m\x1b[K = 0x80;\n'}
[21.427857] (orb_slam3_ros2_wrapper) StderrLine: {'line': b'      |                                     \x1b[01;36m\x1b[K^~~~~~~~~~\x1b[m\x1b[K\n'}
[21.437859] (orb_slam3_ros2_wrapper) StderrLine: {'line': b'In file included from \x1b[01m\x1b[K/home/orb/ORB_SLAM3/Thirdparty/g2o/g2o/types/types_six_dof_expmap.h:38\x1b[m\x1b[K,\n'}
[21.438114] (orb_slam3_ros2_wrapper) StderrLine: {'line': b'                 from \x1b[01m\x1b[K/home/orb/ORB_SLAM3/include/Converter.h:26\x1b[m\x1b[K,\n'}
[21.438235] (orb_slam3_ros2_wrapper) StderrLine: {'line': b'                 from \x1b[01m\x1b[K/home/orb/ORB_SLAM3/include/Frame.h:33\x1b[m\x1b[K,\n'}
[21.438350] (orb_slam3_ros2_wrapper) StderrLine: {'line': b'                 from \x1b[01m\x1b[K/home/orb/ORB_SLAM3/include/KeyFrame.h:28\x1b[m\x1b[K,\n'}
[21.438458] (orb_slam3_ros2_wrapper) StderrLine: {'line': b'                 from \x1b[01m\x1b[K/home/orb/ORB_SLAM3/include/MapPoint.h:23\x1b[m\x1b[K,\n'}
[21.438567] (orb_slam3_ros2_wrapper) StderrLine: {'line': b'                 from \x1b[01m\x1b[K/root/colcon_ws/src/orb_slam3_ros2_wrapper/include/orb_slam3_ros2_wrapper/type_conversion.hpp:26\x1b[m\x1b[K,\n'}
[21.438681] (orb_slam3_ros2_wrapper) StderrLine: {'line': b'                 from \x1b[01m\x1b[K/root/colcon_ws/src/orb_slam3_ros2_wrapper/src/rgbd/rgbd-slam-node.hpp:40\x1b[m\x1b[K,\n'}
[21.438816] (orb_slam3_ros2_wrapper) StderrLine: {'line': b'                 from \x1b[01m\x1b[K/root/colcon_ws/src/orb_slam3_ros2_wrapper/src/rgbd/rgbd.cpp:7\x1b[m\x1b[K:\n'}
[21.438943] (orb_slam3_ros2_wrapper) StderrLine: {'line': b'/home/orb/ORB_SLAM3/Thirdparty/g2o/g2o/types/../core/base_binary_edge.h: In instantiation of \xe2\x80\x98\x1b[01m\x1b[Kclass g2o::BaseBinaryEdge<2, Eigen::Matrix<double, 2, 1>, g2o::VertexSBAPointXYZ, g2o::VertexSim3Expmap>\x1b[m\x1b[K\xe2\x80\x99:\n'}
[21.439060] (orb_slam3_ros2_wrapper) StderrLine: {'line': b'\x1b[01m\x1b[K/home/orb/ORB_SLAM3/Thirdparty/g2o/g2o/types/types_seven_dof_expmap.h:130:36:\x1b[m\x1b[K   required from here\n'}
[21.439175] (orb_slam3_ros2_wrapper) StderrLine: {'line': b'\x1b[01m\x1b[K/home/orb/ORB_SLAM3/Thirdparty/g2o/g2o/types/../core/base_binary_edge.h:59:80:\x1b[m\x1b[K \x1b[01;35m\x1b[Kwarning: \x1b[m\x1b[K\xe2\x80\x98\x1b[01m\x1b[KEigen::AlignedBit\x1b[m\x1b[K\xe2\x80\x99 is deprecated [\x1b[01;35m\x1b[K-Wdeprecated-declarations\x1b[m\x1b[K]\n'}
[21.439292] (orb_slam3_ros2_wrapper) StderrLine: {'line': b'   59 |       typedef Eigen::Map<Matrix<double, Di, Dj>, Matrix<double, Di, Dj>::\x1b[01;35m\x1b[KFlags & AlignedBit\x1b[m\x1b[K ? Aligned : Unaligned > HessianBlockType;\n'}
[21.439403] (orb_slam3_ros2_wrapper) StderrLine: {'line': b'      |                                                                          \x1b[01;35m\x1b[K~~~~~~^~~~~~~~~~~~\x1b[m\x1b[K\n'}
[21.439516] (orb_slam3_ros2_wrapper) StderrLine: {'line': b'In file included from \x1b[01m\x1b[K/usr/include/eigen3/Eigen/Core:161\x1b[m\x1b[K,\n'}
[21.439635] (orb_slam3_ros2_wrapper) StderrLine: {'line': b'                 from \x1b[01m\x1b[K/root/colcon_ws/src/orb_slam3_ros2_wrapper/include/orb_slam3_ros2_wrapper/type_conversion.hpp:10\x1b[m\x1b[K,\n'}
[21.462389] (orb_slam3_ros2_wrapper) StderrLine: {'line': b'                 from \x1b[01m\x1b[K/root/colcon_ws/src/orb_slam3_ros2_wrapper/src/rgbd/rgbd-slam-node.hpp:40\x1b[m\x1b[K,\n'}
[21.462543] (orb_slam3_ros2_wrapper) StderrLine: {'line': b'                 from \x1b[01m\x1b[K/root/colcon_ws/src/orb_slam3_ros2_wrapper/src/rgbd/rgbd.cpp:7\x1b[m\x1b[K:\n'}
[21.462645] (orb_slam3_ros2_wrapper) StderrLine: {'line': b'\x1b[01m\x1b[K/usr/include/eigen3/Eigen/src/Core/util/Constants.h:167:37:\x1b[m\x1b[K \x1b[01;36m\x1b[Knote: \x1b[m\x1b[Kdeclared here\n'}
[21.462731] (orb_slam3_ros2_wrapper) StderrLine: {'line': b'  167 | EIGEN_DEPRECATED const unsigned int \x1b[01;36m\x1b[KAlignedBit\x1b[m\x1b[K = 0x80;\n'}
[21.462828] (orb_slam3_ros2_wrapper) StderrLine: {'line': b'      |                                     \x1b[01;36m\x1b[K^~~~~~~~~~\x1b[m\x1b[K\n'}
[21.490615] (orb_slam3_ros2_wrapper) StderrLine: {'line': b'In file included from \x1b[01m\x1b[K/home/orb/ORB_SLAM3/Thirdparty/g2o/g2o/types/types_six_dof_expmap.h:38\x1b[m\x1b[K,\n'}
[21.490882] (orb_slam3_ros2_wrapper) StderrLine: {'line': b'                 from \x1b[01m\x1b[K/home/orb/ORB_SLAM3/include/Converter.h:26\x1b[m\x1b[K,\n'}
[21.490993] (orb_slam3_ros2_wrapper) StderrLine: {'line': b'                 from \x1b[01m\x1b[K/home/orb/ORB_SLAM3/include/Frame.h:33\x1b[m\x1b[K,\n'}
[21.491087] (orb_slam3_ros2_wrapper) StderrLine: {'line': b'                 from \x1b[01m\x1b[K/home/orb/ORB_SLAM3/include/KeyFrame.h:28\x1b[m\x1b[K,\n'}
[21.491179] (orb_slam3_ros2_wrapper) StderrLine: {'line': b'                 from \x1b[01m\x1b[K/home/orb/ORB_SLAM3/include/MapPoint.h:23\x1b[m\x1b[K,\n'}
[21.491288] (orb_slam3_ros2_wrapper) StderrLine: {'line': b'                 from \x1b[01m\x1b[K/root/colcon_ws/src/orb_slam3_ros2_wrapper/include/orb_slam3_ros2_wrapper/type_conversion.hpp:26\x1b[m\x1b[K,\n'}
[21.491380] (orb_slam3_ros2_wrapper) StderrLine: {'line': b'                 from \x1b[01m\x1b[K/root/colcon_ws/src/orb_slam3_ros2_wrapper/tests/typeConversionsTests.cpp:5\x1b[m\x1b[K:\n'}
[21.491468] (orb_slam3_ros2_wrapper) StderrLine: {'line': b'/home/orb/ORB_SLAM3/Thirdparty/g2o/g2o/types/../core/base_binary_edge.h: In instantiation of \xe2\x80\x98\x1b[01m\x1b[Kclass g2o::BaseBinaryEdge<6, g2o::SE3Quat, g2o::VertexSE3Expmap, g2o::VertexSE3Expmap>\x1b[m\x1b[K\xe2\x80\x99:\n'}
[21.491559] (orb_slam3_ros2_wrapper) StderrLine: {'line': b'\x1b[01m\x1b[K/home/orb/ORB_SLAM3/Thirdparty/g2o/g2o/types/types_six_dof_expmap.h:83:24:\x1b[m\x1b[K   required from here\n'}
[21.491645] (orb_slam3_ros2_wrapper) StderrLine: {'line': b'\x1b[01m\x1b[K/home/orb/ORB_SLAM3/Thirdparty/g2o/g2o/types/../core/base_binary_edge.h:59:80:\x1b[m\x1b[K \x1b[01;35m\x1b[Kwarning: \x1b[m\x1b[K\xe2\x80\x98\x1b[01m\x1b[KEigen::AlignedBit\x1b[m\x1b[K\xe2\x80\x99 is deprecated [\x1b[01;35m\x1b[K-Wdeprecated-declarations\x1b[m\x1b[K]\n'}
[21.491741] (orb_slam3_ros2_wrapper) StderrLine: {'line': b'   59 |       typedef Eigen::Map<Matrix<double, Di, Dj>, Matrix<double, Di, Dj>::\x1b[01;35m\x1b[KFlags & AlignedBit\x1b[m\x1b[K ? Aligned : Unaligned > HessianBlockType;\n'}
[21.492259] (orb_slam3_ros2_wrapper) StderrLine: {'line': b'      |                                                                          \x1b[01;35m\x1b[K~~~~~~^~~~~~~~~~~~\x1b[m\x1b[K\n'}
[21.492374] (orb_slam3_ros2_wrapper) StderrLine: {'line': b'In file included from \x1b[01m\x1b[K/usr/include/eigen3/Eigen/Core:161\x1b[m\x1b[K,\n'}
[21.492466] (orb_slam3_ros2_wrapper) StderrLine: {'line': b'                 from \x1b[01m\x1b[K/usr/include/eigen3/Eigen/Dense:1\x1b[m\x1b[K,\n'}
[21.492630] (orb_slam3_ros2_wrapper) StderrLine: {'line': b'                 from \x1b[01m\x1b[K/root/colcon_ws/src/orb_slam3_ros2_wrapper/tests/typeConversionsTests.cpp:3\x1b[m\x1b[K:\n'}
[21.492746] (orb_slam3_ros2_wrapper) StderrLine: {'line': b'\x1b[01m\x1b[K/usr/include/eigen3/Eigen/src/Core/util/Constants.h:167:37:\x1b[m\x1b[K \x1b[01;36m\x1b[Knote: \x1b[m\x1b[Kdeclared here\n'}
[21.492858] (orb_slam3_ros2_wrapper) StderrLine: {'line': b'  167 | EIGEN_DEPRECATED const unsigned int \x1b[01;36m\x1b[KAlignedBit\x1b[m\x1b[K = 0x80;\n'}
[21.492962] (orb_slam3_ros2_wrapper) StderrLine: {'line': b'      |                                     \x1b[01;36m\x1b[K^~~~~~~~~~\x1b[m\x1b[K\n'}
[21.493052] (orb_slam3_ros2_wrapper) StderrLine: {'line': b'In file included from \x1b[01m\x1b[K/home/orb/ORB_SLAM3/Thirdparty/g2o/g2o/types/types_six_dof_expmap.h:38\x1b[m\x1b[K,\n'}
[21.493141] (orb_slam3_ros2_wrapper) StderrLine: {'line': b'                 from \x1b[01m\x1b[K/home/orb/ORB_SLAM3/include/Converter.h:26\x1b[m\x1b[K,\n'}
[21.493230] (orb_slam3_ros2_wrapper) StderrLine: {'line': b'                 from \x1b[01m\x1b[K/home/orb/ORB_SLAM3/include/Frame.h:33\x1b[m\x1b[K,\n'}
[21.493318] (orb_slam3_ros2_wrapper) StderrLine: {'line': b'                 from \x1b[01m\x1b[K/home/orb/ORB_SLAM3/include/KeyFrame.h:28\x1b[m\x1b[K,\n'}
[21.493413] (orb_slam3_ros2_wrapper) StderrLine: {'line': b'                 from \x1b[01m\x1b[K/home/orb/ORB_SLAM3/include/MapPoint.h:23\x1b[m\x1b[K,\n'}
[21.493514] (orb_slam3_ros2_wrapper) StderrLine: {'line': b'                 from \x1b[01m\x1b[K/root/colcon_ws/src/orb_slam3_ros2_wrapper/include/orb_slam3_ros2_wrapper/type_conversion.hpp:26\x1b[m\x1b[K,\n'}
[21.494376] (orb_slam3_ros2_wrapper) StderrLine: {'line': b'                 from \x1b[01m\x1b[K/root/colcon_ws/src/orb_slam3_ros2_wrapper/tests/typeConversionsTests.cpp:5\x1b[m\x1b[K:\n'}
[21.494802] (orb_slam3_ros2_wrapper) StderrLine: {'line': b'\x1b[01m\x1b[K/home/orb/ORB_SLAM3/Thirdparty/g2o/g2o/types/../core/base_binary_edge.h:60:80:\x1b[m\x1b[K \x1b[01;35m\x1b[Kwarning: \x1b[m\x1b[K\xe2\x80\x98\x1b[01m\x1b[KEigen::AlignedBit\x1b[m\x1b[K\xe2\x80\x99 is deprecated [\x1b[01;35m\x1b[K-Wdeprecated-declarations\x1b[m\x1b[K]\n'}
[21.494959] (orb_slam3_ros2_wrapper) StderrLine: {'line': b'   60 |       typedef Eigen::Map<Matrix<double, Dj, Di>, Matrix<double, Dj, Di>::\x1b[01;35m\x1b[KFlags & AlignedBit\x1b[m\x1b[K ? Aligned : Unaligned > HessianBlockTransposedType;\n'}
[21.495064] (orb_slam3_ros2_wrapper) StderrLine: {'line': b'      |                                                                          \x1b[01;35m\x1b[K~~~~~~^~~~~~~~~~~~\x1b[m\x1b[K\n'}
[21.495156] (orb_slam3_ros2_wrapper) StderrLine: {'line': b'In file included from \x1b[01m\x1b[K/usr/include/eigen3/Eigen/Core:161\x1b[m\x1b[K,\n'}
[21.495245] (orb_slam3_ros2_wrapper) StderrLine: {'line': b'                 from \x1b[01m\x1b[K/usr/include/eigen3/Eigen/Dense:1\x1b[m\x1b[K,\n'}
[21.495333] (orb_slam3_ros2_wrapper) StderrLine: {'line': b'                 from \x1b[01m\x1b[K/root/colcon_ws/src/orb_slam3_ros2_wrapper/tests/typeConversionsTests.cpp:3\x1b[m\x1b[K:\n'}
[21.495480] (orb_slam3_ros2_wrapper) StderrLine: {'line': b'\x1b[01m\x1b[K/usr/include/eigen3/Eigen/src/Core/util/Constants.h:167:37:\x1b[m\x1b[K \x1b[01;36m\x1b[Knote: \x1b[m\x1b[Kdeclared here\n'}
[21.495572] (orb_slam3_ros2_wrapper) StderrLine: {'line': b'  167 | EIGEN_DEPRECATED const unsigned int \x1b[01;36m\x1b[KAlignedBit\x1b[m\x1b[K = 0x80;\n'}
[21.495659] (orb_slam3_ros2_wrapper) StderrLine: {'line': b'      |                                     \x1b[01;36m\x1b[K^~~~~~~~~~\x1b[m\x1b[K\n'}
[21.495745] (orb_slam3_ros2_wrapper) StderrLine: {'line': b'In file included from \x1b[01m\x1b[K/home/orb/ORB_SLAM3/Thirdparty/g2o/g2o/types/types_six_dof_expmap.h:38\x1b[m\x1b[K,\n'}
[21.495846] (orb_slam3_ros2_wrapper) StderrLine: {'line': b'                 from \x1b[01m\x1b[K/home/orb/ORB_SLAM3/include/Converter.h:26\x1b[m\x1b[K,\n'}
[21.495934] (orb_slam3_ros2_wrapper) StderrLine: {'line': b'                 from \x1b[01m\x1b[K/home/orb/ORB_SLAM3/include/Frame.h:33\x1b[m\x1b[K,\n'}
[21.496021] (orb_slam3_ros2_wrapper) StderrLine: {'line': b'                 from \x1b[01m\x1b[K/home/orb/ORB_SLAM3/include/KeyFrame.h:28\x1b[m\x1b[K,\n'}
[21.496107] (orb_slam3_ros2_wrapper) StderrLine: {'line': b'                 from \x1b[01m\x1b[K/home/orb/ORB_SLAM3/include/MapPoint.h:23\x1b[m\x1b[K,\n'}
[21.496202] (orb_slam3_ros2_wrapper) StderrLine: {'line': b'                 from \x1b[01m\x1b[K/home/orb/ORB_SLAM3/include/FrameDrawer.h:24\x1b[m\x1b[K,\n'}
[21.496294] (orb_slam3_ros2_wrapper) StderrLine: {'line': b'                 from \x1b[01m\x1b[K/home/orb/ORB_SLAM3/include/Viewer.h:23\x1b[m\x1b[K,\n'}
[21.496379] (orb_slam3_ros2_wrapper) StderrLine: {'line': b'                 from \x1b[01m\x1b[K/home/orb/ORB_SLAM3/include/Tracking.h:26\x1b[m\x1b[K,\n'}
[21.496463] (orb_slam3_ros2_wrapper) StderrLine: {'line': b'                 from \x1b[01m\x1b[K/home/orb/ORB_SLAM3/include/System.h:31\x1b[m\x1b[K,\n'}
[21.496548] (orb_slam3_ros2_wrapper) StderrLine: {'line': b'                 from \x1b[01m\x1b[K/root/colcon_ws/src/orb_slam3_ros2_wrapper/include/orb_slam3_ros2_wrapper/orb_slam3_interface.hpp:28\x1b[m\x1b[K,\n'}
[21.496634] (orb_slam3_ros2_wrapper) StderrLine: {'line': b'                 from \x1b[01m\x1b[K/root/colcon_ws/src/orb_slam3_ros2_wrapper/src/orb_slam3_interface.cpp:6\x1b[m\x1b[K:\n'}
[21.496721] (orb_slam3_ros2_wrapper) StderrLine: {'line': b'/home/orb/ORB_SLAM3/Thirdparty/g2o/g2o/types/../core/base_binary_edge.h: In instantiation of \xe2\x80\x98\x1b[01m\x1b[Kclass g2o::BaseBinaryEdge<7, g2o::Sim3, g2o::VertexSim3Expmap, g2o::VertexSim3Expmap>\x1b[m\x1b[K\xe2\x80\x99:\n'}
[21.496824] (orb_slam3_ros2_wrapper) StderrLine: {'line': b'\x1b[01m\x1b[K/home/orb/ORB_SLAM3/Thirdparty/g2o/g2o/types/types_seven_dof_expmap.h:99:27:\x1b[m\x1b[K   required from here\n'}
[21.496917] (orb_slam3_ros2_wrapper) StderrLine: {'line': b'\x1b[01m\x1b[K/home/orb/ORB_SLAM3/Thirdparty/g2o/g2o/types/../core/base_binary_edge.h:59:80:\x1b[m\x1b[K \x1b[01;35m\x1b[Kwarning: \x1b[m\x1b[K\xe2\x80\x98\x1b[01m\x1b[KEigen::AlignedBit\x1b[m\x1b[K\xe2\x80\x99 is deprecated [\x1b[01;35m\x1b[K-Wdeprecated-declarations\x1b[m\x1b[K]\n'}
[21.497016] (orb_slam3_ros2_wrapper) StderrLine: {'line': b'   59 |       typedef Eigen::Map<Matrix<double, Di, Dj>, Matrix<double, Di, Dj>::\x1b[01;35m\x1b[KFlags & AlignedBit\x1b[m\x1b[K ? Aligned : Unaligned > HessianBlockType;\n'}
[21.497105] (orb_slam3_ros2_wrapper) StderrLine: {'line': b'      |                                                                          \x1b[01;35m\x1b[K~~~~~~^~~~~~~~~~~~\x1b[m\x1b[K\n'}
[21.497190] (orb_slam3_ros2_wrapper) StderrLine: {'line': b'In file included from \x1b[01m\x1b[K/usr/include/eigen3/Eigen/Core:161\x1b[m\x1b[K,\n'}
[21.497283] (orb_slam3_ros2_wrapper) StderrLine: {'line': b'                 from \x1b[01m\x1b[K/root/colcon_ws/src/orb_slam3_ros2_wrapper/include/orb_slam3_ros2_wrapper/orb_slam3_interface.hpp:12\x1b[m\x1b[K,\n'}
[21.497371] (orb_slam3_ros2_wrapper) StderrLine: {'line': b'                 from \x1b[01m\x1b[K/root/colcon_ws/src/orb_slam3_ros2_wrapper/src/orb_slam3_interface.cpp:6\x1b[m\x1b[K:\n'}
[21.497457] (orb_slam3_ros2_wrapper) StderrLine: {'line': b'\x1b[01m\x1b[K/usr/include/eigen3/Eigen/src/Core/util/Constants.h:167:37:\x1b[m\x1b[K \x1b[01;36m\x1b[Knote: \x1b[m\x1b[Kdeclared here\n'}
[21.497546] (orb_slam3_ros2_wrapper) StderrLine: {'line': b'  167 | EIGEN_DEPRECATED const unsigned int \x1b[01;36m\x1b[KAlignedBit\x1b[m\x1b[K = 0x80;\n'}
[21.497636] (orb_slam3_ros2_wrapper) StderrLine: {'line': b'      |                                     \x1b[01;36m\x1b[K^~~~~~~~~~\x1b[m\x1b[K\n'}
[21.498486] (orb_slam3_ros2_wrapper) StderrLine: {'line': b'In file included from \x1b[01m\x1b[K/home/orb/ORB_SLAM3/Thirdparty/g2o/g2o/types/types_six_dof_expmap.h:38\x1b[m\x1b[K,\n'}
[21.498610] (orb_slam3_ros2_wrapper) StderrLine: {'line': b'                 from \x1b[01m\x1b[K/home/orb/ORB_SLAM3/include/Converter.h:26\x1b[m\x1b[K,\n'}
[21.498710] (orb_slam3_ros2_wrapper) StderrLine: {'line': b'                 from \x1b[01m\x1b[K/home/orb/ORB_SLAM3/include/Frame.h:33\x1b[m\x1b[K,\n'}
[21.498829] (orb_slam3_ros2_wrapper) StderrLine: {'line': b'                 from \x1b[01m\x1b[K/home/orb/ORB_SLAM3/include/KeyFrame.h:28\x1b[m\x1b[K,\n'}
[21.498926] (orb_slam3_ros2_wrapper) StderrLine: {'line': b'                 from \x1b[01m\x1b[K/home/orb/ORB_SLAM3/include/MapPoint.h:23\x1b[m\x1b[K,\n'}
[21.499015] (orb_slam3_ros2_wrapper) StderrLine: {'line': b'                 from \x1b[01m\x1b[K/home/orb/ORB_SLAM3/include/FrameDrawer.h:24\x1b[m\x1b[K,\n'}
[21.499120] (orb_slam3_ros2_wrapper) StderrLine: {'line': b'                 from \x1b[01m\x1b[K/home/orb/ORB_SLAM3/include/Viewer.h:23\x1b[m\x1b[K,\n'}
[21.499209] (orb_slam3_ros2_wrapper) StderrLine: {'line': b'                 from \x1b[01m\x1b[K/home/orb/ORB_SLAM3/include/Tracking.h:26\x1b[m\x1b[K,\n'}
[21.499297] (orb_slam3_ros2_wrapper) StderrLine: {'line': b'                 from \x1b[01m\x1b[K/home/orb/ORB_SLAM3/include/System.h:31\x1b[m\x1b[K,\n'}
[21.499528] (orb_slam3_ros2_wrapper) StderrLine: {'line': b'                 from \x1b[01m\x1b[K/root/colcon_ws/src/orb_slam3_ros2_wrapper/include/orb_slam3_ros2_wrapper/orb_slam3_interface.hpp:28\x1b[m\x1b[K,\n'}
[21.499624] (orb_slam3_ros2_wrapper) StderrLine: {'line': b'                 from \x1b[01m\x1b[K/root/colcon_ws/src/orb_slam3_ros2_wrapper/src/orb_slam3_interface.cpp:6\x1b[m\x1b[K:\n'}
[21.499730] (orb_slam3_ros2_wrapper) StderrLine: {'line': b'\x1b[01m\x1b[K/home/orb/ORB_SLAM3/Thirdparty/g2o/g2o/types/../core/base_binary_edge.h:60:80:\x1b[m\x1b[K \x1b[01;35m\x1b[Kwarning: \x1b[m\x1b[K\xe2\x80\x98\x1b[01m\x1b[KEigen::AlignedBit\x1b[m\x1b[K\xe2\x80\x99 is deprecated [\x1b[01;35m\x1b[K-Wdeprecated-declarations\x1b[m\x1b[K]\n'}
[21.499848] (orb_slam3_ros2_wrapper) StderrLine: {'line': b'   60 |       typedef Eigen::Map<Matrix<double, Dj, Di>, Matrix<double, Dj, Di>::\x1b[01;35m\x1b[KFlags & AlignedBit\x1b[m\x1b[K ? Aligned : Unaligned > HessianBlockTransposedType;\n'}
[21.499945] (orb_slam3_ros2_wrapper) StderrLine: {'line': b'      |                                                                          \x1b[01;35m\x1b[K~~~~~~^~~~~~~~~~~~\x1b[m\x1b[K\n'}
[21.500037] (orb_slam3_ros2_wrapper) StderrLine: {'line': b'In file included from \x1b[01m\x1b[K/usr/include/eigen3/Eigen/Core:161\x1b[m\x1b[K,\n'}
[21.500128] (orb_slam3_ros2_wrapper) StderrLine: {'line': b'                 from \x1b[01m\x1b[K/root/colcon_ws/src/orb_slam3_ros2_wrapper/include/orb_slam3_ros2_wrapper/orb_slam3_interface.hpp:12\x1b[m\x1b[K,\n'}
[21.500220] (orb_slam3_ros2_wrapper) StderrLine: {'line': b'                 from \x1b[01m\x1b[K/root/colcon_ws/src/orb_slam3_ros2_wrapper/src/orb_slam3_interface.cpp:6\x1b[m\x1b[K:\n'}
[21.500320] (orb_slam3_ros2_wrapper) StderrLine: {'line': b'\x1b[01m\x1b[K/usr/include/eigen3/Eigen/src/Core/util/Constants.h:167:37:\x1b[m\x1b[K \x1b[01;36m\x1b[Knote: \x1b[m\x1b[Kdeclared here\n'}
[21.500409] (orb_slam3_ros2_wrapper) StderrLine: {'line': b'  167 | EIGEN_DEPRECATED const unsigned int \x1b[01;36m\x1b[KAlignedBit\x1b[m\x1b[K = 0x80;\n'}
[21.500498] (orb_slam3_ros2_wrapper) StderrLine: {'line': b'      |                                     \x1b[01;36m\x1b[K^~~~~~~~~~\x1b[m\x1b[K\n'}
[21.500584] (orb_slam3_ros2_wrapper) StderrLine: {'line': b'In file included from \x1b[01m\x1b[K/home/orb/ORB_SLAM3/Thirdparty/g2o/g2o/types/types_six_dof_expmap.h:38\x1b[m\x1b[K,\n'}
[21.500671] (orb_slam3_ros2_wrapper) StderrLine: {'line': b'                 from \x1b[01m\x1b[K/home/orb/ORB_SLAM3/include/Converter.h:26\x1b[m\x1b[K,\n'}
[21.500756] (orb_slam3_ros2_wrapper) StderrLine: {'line': b'                 from \x1b[01m\x1b[K/home/orb/ORB_SLAM3/include/Frame.h:33\x1b[m\x1b[K,\n'}
[21.500862] (orb_slam3_ros2_wrapper) StderrLine: {'line': b'                 from \x1b[01m\x1b[K/home/orb/ORB_SLAM3/include/KeyFrame.h:28\x1b[m\x1b[K,\n'}
[21.500953] (orb_slam3_ros2_wrapper) StderrLine: {'line': b'                 from \x1b[01m\x1b[K/home/orb/ORB_SLAM3/include/MapPoint.h:23\x1b[m\x1b[K,\n'}
[21.501040] (orb_slam3_ros2_wrapper) StderrLine: {'line': b'                 from \x1b[01m\x1b[K/root/colcon_ws/src/orb_slam3_ros2_wrapper/include/orb_slam3_ros2_wrapper/type_conversion.hpp:26\x1b[m\x1b[K,\n'}
[21.501129] (orb_slam3_ros2_wrapper) StderrLine: {'line': b'                 from \x1b[01m\x1b[K/root/colcon_ws/src/orb_slam3_ros2_wrapper/src/rgbd/rgbd-slam-node.hpp:40\x1b[m\x1b[K,\n'}
[21.501217] (orb_slam3_ros2_wrapper) StderrLine: {'line': b'                 from \x1b[01m\x1b[K/root/colcon_ws/src/orb_slam3_ros2_wrapper/src/rgbd/rgbd.cpp:7\x1b[m\x1b[K:\n'}
[21.501318] (orb_slam3_ros2_wrapper) StderrLine: {'line': b'\x1b[01m\x1b[K/home/orb/ORB_SLAM3/Thirdparty/g2o/g2o/types/../core/base_binary_edge.h:60:80:\x1b[m\x1b[K \x1b[01;35m\x1b[Kwarning: \x1b[m\x1b[K\xe2\x80\x98\x1b[01m\x1b[KEigen::AlignedBit\x1b[m\x1b[K\xe2\x80\x99 is deprecated [\x1b[01;35m\x1b[K-Wdeprecated-declarations\x1b[m\x1b[K]\n'}
[21.501414] (orb_slam3_ros2_wrapper) StderrLine: {'line': b'   60 |       typedef Eigen::Map<Matrix<double, Dj, Di>, Matrix<double, Dj, Di>::\x1b[01;35m\x1b[KFlags & AlignedBit\x1b[m\x1b[K ? Aligned : Unaligned > HessianBlockTransposedType;\n'}
[21.501515] (orb_slam3_ros2_wrapper) StderrLine: {'line': b'      |                                                                          \x1b[01;35m\x1b[K~~~~~~^~~~~~~~~~~~\x1b[m\x1b[K\n'}
[21.501605] (orb_slam3_ros2_wrapper) StderrLine: {'line': b'In file included from \x1b[01m\x1b[K/usr/include/eigen3/Eigen/Core:161\x1b[m\x1b[K,\n'}
[21.514077] (-) TimerEvent: {}
[21.514262] (orb_slam3_ros2_wrapper) StderrLine: {'line': b'                 from \x1b[01m\x1b[K/root/colcon_ws/src/orb_slam3_ros2_wrapper/include/orb_slam3_ros2_wrapper/type_conversion.hpp:10\x1b[m\x1b[K,\n'}
[21.514409] (orb_slam3_ros2_wrapper) StderrLine: {'line': b'                 from \x1b[01m\x1b[K/root/colcon_ws/src/orb_slam3_ros2_wrapper/src/rgbd/rgbd-slam-node.hpp:40\x1b[m\x1b[K,\n'}
[21.514513] (orb_slam3_ros2_wrapper) StderrLine: {'line': b'                 from \x1b[01m\x1b[K/root/colcon_ws/src/orb_slam3_ros2_wrapper/src/rgbd/rgbd.cpp:7\x1b[m\x1b[K:\n'}
[21.514614] (orb_slam3_ros2_wrapper) StderrLine: {'line': b'\x1b[01m\x1b[K/usr/include/eigen3/Eigen/src/Core/util/Constants.h:167:37:\x1b[m\x1b[K \x1b[01;36m\x1b[Knote: \x1b[m\x1b[Kdeclared here\n'}
[21.514717] (orb_slam3_ros2_wrapper) StderrLine: {'line': b'  167 | EIGEN_DEPRECATED const unsigned int \x1b[01;36m\x1b[KAlignedBit\x1b[m\x1b[K = 0x80;\n'}
[21.524912] (orb_slam3_ros2_wrapper) StderrLine: {'line': b'      |                                     \x1b[01;36m\x1b[K^~~~~~~~~~\x1b[m\x1b[K\n'}
[21.609064] (orb_slam3_ros2_wrapper) StderrLine: {'line': b'In file included from \x1b[01m\x1b[K/home/orb/ORB_SLAM3/Thirdparty/g2o/g2o/types/types_six_dof_expmap.h:38\x1b[m\x1b[K,\n'}
[21.609334] (orb_slam3_ros2_wrapper) StderrLine: {'line': b'                 from \x1b[01m\x1b[K/home/orb/ORB_SLAM3/include/Converter.h:26\x1b[m\x1b[K,\n'}
[21.609491] (orb_slam3_ros2_wrapper) StderrLine: {'line': b'                 from \x1b[01m\x1b[K/home/orb/ORB_SLAM3/include/Frame.h:33\x1b[m\x1b[K,\n'}
[21.609640] (orb_slam3_ros2_wrapper) StderrLine: {'line': b'                 from \x1b[01m\x1b[K/home/orb/ORB_SLAM3/include/KeyFrame.h:28\x1b[m\x1b[K,\n'}
[21.609790] (orb_slam3_ros2_wrapper) StderrLine: {'line': b'                 from \x1b[01m\x1b[K/home/orb/ORB_SLAM3/include/MapPoint.h:23\x1b[m\x1b[K,\n'}
[21.609944] (orb_slam3_ros2_wrapper) StderrLine: {'line': b'                 from \x1b[01m\x1b[K/home/orb/ORB_SLAM3/include/FrameDrawer.h:24\x1b[m\x1b[K,\n'}
[21.610088] (orb_slam3_ros2_wrapper) StderrLine: {'line': b'                 from \x1b[01m\x1b[K/home/orb/ORB_SLAM3/include/Viewer.h:23\x1b[m\x1b[K,\n'}
[21.610230] (orb_slam3_ros2_wrapper) StderrLine: {'line': b'                 from \x1b[01m\x1b[K/home/orb/ORB_SLAM3/include/Tracking.h:26\x1b[m\x1b[K,\n'}
[21.610372] (orb_slam3_ros2_wrapper) StderrLine: {'line': b'                 from \x1b[01m\x1b[K/home/orb/ORB_SLAM3/include/System.h:31\x1b[m\x1b[K,\n'}
[21.610513] (orb_slam3_ros2_wrapper) StderrLine: {'line': b'                 from \x1b[01m\x1b[K/root/colcon_ws/src/orb_slam3_ros2_wrapper/include/orb_slam3_ros2_wrapper/orb_slam3_interface.hpp:28\x1b[m\x1b[K,\n'}
[21.610660] (orb_slam3_ros2_wrapper) StderrLine: {'line': b'                 from \x1b[01m\x1b[K/root/colcon_ws/src/orb_slam3_ros2_wrapper/src/orb_slam3_interface.cpp:6\x1b[m\x1b[K:\n'}
[21.610813] (orb_slam3_ros2_wrapper) StderrLine: {'line': b'/home/orb/ORB_SLAM3/Thirdparty/g2o/g2o/types/../core/base_binary_edge.h: In instantiation of \xe2\x80\x98\x1b[01m\x1b[Kclass g2o::BaseBinaryEdge<2, Eigen::Matrix<double, 2, 1>, g2o::VertexSBAPointXYZ, g2o::VertexSim3Expmap>\x1b[m\x1b[K\xe2\x80\x99:\n'}
[21.610993] (orb_slam3_ros2_wrapper) StderrLine: {'line': b'\x1b[01m\x1b[K/home/orb/ORB_SLAM3/Thirdparty/g2o/g2o/types/types_seven_dof_expmap.h:130:36:\x1b[m\x1b[K   required from here\n'}
[21.611137] (orb_slam3_ros2_wrapper) StderrLine: {'line': b'\x1b[01m\x1b[K/home/orb/ORB_SLAM3/Thirdparty/g2o/g2o/types/../core/base_binary_edge.h:59:80:\x1b[m\x1b[K \x1b[01;35m\x1b[Kwarning: \x1b[m\x1b[K\xe2\x80\x98\x1b[01m\x1b[KEigen::AlignedBit\x1b[m\x1b[K\xe2\x80\x99 is deprecated [\x1b[01;35m\x1b[K-Wdeprecated-declarations\x1b[m\x1b[K]\n'}
[21.611291] (orb_slam3_ros2_wrapper) StderrLine: {'line': b'   59 |       typedef Eigen::Map<Matrix<double, Di, Dj>, Matrix<double, Di, Dj>::\x1b[01;35m\x1b[KFlags & AlignedBit\x1b[m\x1b[K ? Aligned : Unaligned > HessianBlockType;\n'}
[21.611437] (orb_slam3_ros2_wrapper) StderrLine: {'line': b'      |                                                                          \x1b[01;35m\x1b[K~~~~~~^~~~~~~~~~~~\x1b[m\x1b[K\n'}
[21.611582] (orb_slam3_ros2_wrapper) StderrLine: {'line': b'In file included from \x1b[01m\x1b[K/usr/include/eigen3/Eigen/Core:161\x1b[m\x1b[K,\n'}
[21.611731] (orb_slam3_ros2_wrapper) StderrLine: {'line': b'                 from \x1b[01m\x1b[K/root/colcon_ws/src/orb_slam3_ros2_wrapper/include/orb_slam3_ros2_wrapper/orb_slam3_interface.hpp:12\x1b[m\x1b[K,\n'}
[21.611898] (orb_slam3_ros2_wrapper) StderrLine: {'line': b'                 from \x1b[01m\x1b[K/root/colcon_ws/src/orb_slam3_ros2_wrapper/src/orb_slam3_interface.cpp:6\x1b[m\x1b[K:\n'}
[21.612046] (orb_slam3_ros2_wrapper) StderrLine: {'line': b'\x1b[01m\x1b[K/usr/include/eigen3/Eigen/src/Core/util/Constants.h:167:37:\x1b[m\x1b[K \x1b[01;36m\x1b[Knote: \x1b[m\x1b[Kdeclared here\n'}
[21.612190] (orb_slam3_ros2_wrapper) StderrLine: {'line': b'  167 | EIGEN_DEPRECATED const unsigned int \x1b[01;36m\x1b[KAlignedBit\x1b[m\x1b[K = 0x80;\n'}
[21.612335] (orb_slam3_ros2_wrapper) StderrLine: {'line': b'      |                                     \x1b[01;36m\x1b[K^~~~~~~~~~\x1b[m\x1b[K\n'}
[21.617866] (-) TimerEvent: {}
[21.645049] (orb_slam3_ros2_wrapper) StderrLine: {'line': b'In file included from \x1b[01m\x1b[K/home/orb/ORB_SLAM3/Thirdparty/g2o/g2o/types/types_six_dof_expmap.h:38\x1b[m\x1b[K,\n'}
[21.645307] (orb_slam3_ros2_wrapper) StderrLine: {'line': b'                 from \x1b[01m\x1b[K/home/orb/ORB_SLAM3/include/Converter.h:26\x1b[m\x1b[K,\n'}
[21.645445] (orb_slam3_ros2_wrapper) StderrLine: {'line': b'                 from \x1b[01m\x1b[K/home/orb/ORB_SLAM3/include/Frame.h:33\x1b[m\x1b[K,\n'}
[21.645563] (orb_slam3_ros2_wrapper) StderrLine: {'line': b'                 from \x1b[01m\x1b[K/home/orb/ORB_SLAM3/include/KeyFrame.h:28\x1b[m\x1b[K,\n'}
[21.645680] (orb_slam3_ros2_wrapper) StderrLine: {'line': b'                 from \x1b[01m\x1b[K/home/orb/ORB_SLAM3/include/MapPoint.h:23\x1b[m\x1b[K,\n'}
[21.645843] (orb_slam3_ros2_wrapper) StderrLine: {'line': b'                 from \x1b[01m\x1b[K/home/orb/ORB_SLAM3/include/FrameDrawer.h:24\x1b[m\x1b[K,\n'}
[21.645972] (orb_slam3_ros2_wrapper) StderrLine: {'line': b'                 from \x1b[01m\x1b[K/home/orb/ORB_SLAM3/include/Viewer.h:23\x1b[m\x1b[K,\n'}
[21.646089] (orb_slam3_ros2_wrapper) StderrLine: {'line': b'                 from \x1b[01m\x1b[K/home/orb/ORB_SLAM3/include/Tracking.h:26\x1b[m\x1b[K,\n'}
[21.646204] (orb_slam3_ros2_wrapper) StderrLine: {'line': b'                 from \x1b[01m\x1b[K/home/orb/ORB_SLAM3/include/System.h:31\x1b[m\x1b[K,\n'}
[21.646320] (orb_slam3_ros2_wrapper) StderrLine: {'line': b'                 from \x1b[01m\x1b[K/root/colcon_ws/src/orb_slam3_ros2_wrapper/include/orb_slam3_ros2_wrapper/orb_slam3_interface.hpp:28\x1b[m\x1b[K,\n'}
[21.646459] (orb_slam3_ros2_wrapper) StderrLine: {'line': b'                 from \x1b[01m\x1b[K/root/colcon_ws/src/orb_slam3_ros2_wrapper/src/orb_slam3_interface.cpp:6\x1b[m\x1b[K:\n'}
[21.646562] (orb_slam3_ros2_wrapper) StderrLine: {'line': b'\x1b[01m\x1b[K/home/orb/ORB_SLAM3/Thirdparty/g2o/g2o/types/../core/base_binary_edge.h:60:80:\x1b[m\x1b[K \x1b[01;35m\x1b[Kwarning: \x1b[m\x1b[K\xe2\x80\x98\x1b[01m\x1b[KEigen::AlignedBit\x1b[m\x1b[K\xe2\x80\x99 is deprecated [\x1b[01;35m\x1b[K-Wdeprecated-declarations\x1b[m\x1b[K]\n'}
[21.646687] (orb_slam3_ros2_wrapper) StderrLine: {'line': b'   60 |       typedef Eigen::Map<Matrix<double, Dj, Di>, Matrix<double, Dj, Di>::\x1b[01;35m\x1b[KFlags & AlignedBit\x1b[m\x1b[K ? Aligned : Unaligned > HessianBlockTransposedType;\n'}
[21.646820] (orb_slam3_ros2_wrapper) StderrLine: {'line': b'      |                                                                          \x1b[01;35m\x1b[K~~~~~~^~~~~~~~~~~~\x1b[m\x1b[K\n'}
[21.646956] (orb_slam3_ros2_wrapper) StderrLine: {'line': b'In file included from \x1b[01m\x1b[K/usr/include/eigen3/Eigen/Core:161\x1b[m\x1b[K,\n'}
[21.647074] (orb_slam3_ros2_wrapper) StderrLine: {'line': b'                 from \x1b[01m\x1b[K/root/colcon_ws/src/orb_slam3_ros2_wrapper/include/orb_slam3_ros2_wrapper/orb_slam3_interface.hpp:12\x1b[m\x1b[K,\n'}
[21.647185] (orb_slam3_ros2_wrapper) StderrLine: {'line': b'                 from \x1b[01m\x1b[K/root/colcon_ws/src/orb_slam3_ros2_wrapper/src/orb_slam3_interface.cpp:6\x1b[m\x1b[K:\n'}
[21.647303] (orb_slam3_ros2_wrapper) StderrLine: {'line': b'\x1b[01m\x1b[K/usr/include/eigen3/Eigen/src/Core/util/Constants.h:167:37:\x1b[m\x1b[K \x1b[01;36m\x1b[Knote: \x1b[m\x1b[Kdeclared here\n'}
[21.647422] (orb_slam3_ros2_wrapper) StderrLine: {'line': b'  167 | EIGEN_DEPRECATED const unsigned int \x1b[01;36m\x1b[KAlignedBit\x1b[m\x1b[K = 0x80;\n'}
[21.647535] (orb_slam3_ros2_wrapper) StderrLine: {'line': b'      |                                     \x1b[01;36m\x1b[K^~~~~~~~~~\x1b[m\x1b[K\n'}
[21.696129] (orb_slam3_ros2_wrapper) StderrLine: {'line': b'In file included from \x1b[01m\x1b[K/home/orb/ORB_SLAM3/Thirdparty/g2o/g2o/types/types_six_dof_expmap.h:38\x1b[m\x1b[K,\n'}
[21.696370] (orb_slam3_ros2_wrapper) StderrLine: {'line': b'                 from \x1b[01m\x1b[K/home/orb/ORB_SLAM3/include/Converter.h:26\x1b[m\x1b[K,\n'}
[21.696503] (orb_slam3_ros2_wrapper) StderrLine: {'line': b'                 from \x1b[01m\x1b[K/home/orb/ORB_SLAM3/include/Frame.h:33\x1b[m\x1b[K,\n'}
[21.696619] (orb_slam3_ros2_wrapper) StderrLine: {'line': b'                 from \x1b[01m\x1b[K/home/orb/ORB_SLAM3/include/KeyFrame.h:28\x1b[m\x1b[K,\n'}
[21.696727] (orb_slam3_ros2_wrapper) StderrLine: {'line': b'                 from \x1b[01m\x1b[K/home/orb/ORB_SLAM3/include/MapPoint.h:23\x1b[m\x1b[K,\n'}
[21.697977] (orb_slam3_ros2_wrapper) StderrLine: {'line': b'                 from \x1b[01m\x1b[K/root/colcon_ws/src/orb_slam3_ros2_wrapper/include/orb_slam3_ros2_wrapper/type_conversion.hpp:26\x1b[m\x1b[K,\n'}
[21.698149] (orb_slam3_ros2_wrapper) StderrLine: {'line': b'                 from \x1b[01m\x1b[K/root/colcon_ws/src/orb_slam3_ros2_wrapper/tests/typeConversionsTests.cpp:5\x1b[m\x1b[K:\n'}
[21.698272] (orb_slam3_ros2_wrapper) StderrLine: {'line': b'/home/orb/ORB_SLAM3/Thirdparty/g2o/g2o/types/../core/base_binary_edge.h: In instantiation of \xe2\x80\x98\x1b[01m\x1b[Kclass g2o::BaseBinaryEdge<2, Eigen::Matrix<double, 2, 1>, g2o::VertexSBAPointXYZ, g2o::VertexSE3Expmap>\x1b[m\x1b[K\xe2\x80\x99:\n'}
[21.698403] (orb_slam3_ros2_wrapper) StderrLine: {'line': b'\x1b[01m\x1b[K/home/orb/ORB_SLAM3/Thirdparty/g2o/g2o/types/types_six_dof_expmap.h:114:35:\x1b[m\x1b[K   required from here\n'}
[21.698517] (orb_slam3_ros2_wrapper) StderrLine: {'line': b'\x1b[01m\x1b[K/home/orb/ORB_SLAM3/Thirdparty/g2o/g2o/types/../core/base_binary_edge.h:59:80:\x1b[m\x1b[K \x1b[01;35m\x1b[Kwarning: \x1b[m\x1b[K\xe2\x80\x98\x1b[01m\x1b[KEigen::AlignedBit\x1b[m\x1b[K\xe2\x80\x99 is deprecated [\x1b[01;35m\x1b[K-Wdeprecated-declarations\x1b[m\x1b[K]\n'}
[21.698632] (orb_slam3_ros2_wrapper) StderrLine: {'line': b'   59 |       typedef Eigen::Map<Matrix<double, Di, Dj>, Matrix<double, Di, Dj>::\x1b[01;35m\x1b[KFlags & AlignedBit\x1b[m\x1b[K ? Aligned : Unaligned > HessianBlockType;\n'}
[21.698747] (orb_slam3_ros2_wrapper) StderrLine: {'line': b'      |                                                                          \x1b[01;35m\x1b[K~~~~~~^~~~~~~~~~~~\x1b[m\x1b[K\n'}
[21.698892] (orb_slam3_ros2_wrapper) StderrLine: {'line': b'In file included from \x1b[01m\x1b[K/usr/include/eigen3/Eigen/Core:161\x1b[m\x1b[K,\n'}
[21.699010] (orb_slam3_ros2_wrapper) StderrLine: {'line': b'                 from \x1b[01m\x1b[K/usr/include/eigen3/Eigen/Dense:1\x1b[m\x1b[K,\n'}
[21.699116] (orb_slam3_ros2_wrapper) StderrLine: {'line': b'                 from \x1b[01m\x1b[K/root/colcon_ws/src/orb_slam3_ros2_wrapper/tests/typeConversionsTests.cpp:3\x1b[m\x1b[K:\n'}
[21.699217] (orb_slam3_ros2_wrapper) StderrLine: {'line': b'\x1b[01m\x1b[K/usr/include/eigen3/Eigen/src/Core/util/Constants.h:167:37:\x1b[m\x1b[K \x1b[01;36m\x1b[Knote: \x1b[m\x1b[Kdeclared here\n'}
[21.699327] (orb_slam3_ros2_wrapper) StderrLine: {'line': b'  167 | EIGEN_DEPRECATED const unsigned int \x1b[01;36m\x1b[KAlignedBit\x1b[m\x1b[K = 0x80;\n'}
[21.699439] (orb_slam3_ros2_wrapper) StderrLine: {'line': b'      |                                     \x1b[01;36m\x1b[K^~~~~~~~~~\x1b[m\x1b[K\n'}
[21.721864] (-) TimerEvent: {}
[21.730545] (orb_slam3_ros2_wrapper) StderrLine: {'line': b'In file included from \x1b[01m\x1b[K/home/orb/ORB_SLAM3/Thirdparty/g2o/g2o/types/types_six_dof_expmap.h:38\x1b[m\x1b[K,\n'}
[21.730809] (orb_slam3_ros2_wrapper) StderrLine: {'line': b'                 from \x1b[01m\x1b[K/home/orb/ORB_SLAM3/include/Converter.h:26\x1b[m\x1b[K,\n'}
[21.730948] (orb_slam3_ros2_wrapper) StderrLine: {'line': b'                 from \x1b[01m\x1b[K/home/orb/ORB_SLAM3/include/Frame.h:33\x1b[m\x1b[K,\n'}
[21.731052] (orb_slam3_ros2_wrapper) StderrLine: {'line': b'                 from \x1b[01m\x1b[K/home/orb/ORB_SLAM3/include/KeyFrame.h:28\x1b[m\x1b[K,\n'}
[21.731161] (orb_slam3_ros2_wrapper) StderrLine: {'line': b'                 from \x1b[01m\x1b[K/home/orb/ORB_SLAM3/include/MapPoint.h:23\x1b[m\x1b[K,\n'}
[21.731274] (orb_slam3_ros2_wrapper) StderrLine: {'line': b'                 from \x1b[01m\x1b[K/root/colcon_ws/src/orb_slam3_ros2_wrapper/include/orb_slam3_ros2_wrapper/type_conversion.hpp:26\x1b[m\x1b[K,\n'}
[21.731388] (orb_slam3_ros2_wrapper) StderrLine: {'line': b'                 from \x1b[01m\x1b[K/root/colcon_ws/src/orb_slam3_ros2_wrapper/tests/typeConversionsTests.cpp:5\x1b[m\x1b[K:\n'}
[21.731505] (orb_slam3_ros2_wrapper) StderrLine: {'line': b'\x1b[01m\x1b[K/home/orb/ORB_SLAM3/Thirdparty/g2o/g2o/types/../core/base_binary_edge.h:60:80:\x1b[m\x1b[K \x1b[01;35m\x1b[Kwarning: \x1b[m\x1b[K\xe2\x80\x98\x1b[01m\x1b[KEigen::AlignedBit\x1b[m\x1b[K\xe2\x80\x99 is deprecated [\x1b[01;35m\x1b[K-Wdeprecated-declarations\x1b[m\x1b[K]\n'}
[21.731636] (orb_slam3_ros2_wrapper) StderrLine: {'line': b'   60 |       typedef Eigen::Map<Matrix<double, Dj, Di>, Matrix<double, Dj, Di>::\x1b[01;35m\x1b[KFlags & AlignedBit\x1b[m\x1b[K ? Aligned : Unaligned > HessianBlockTransposedType;\n'}
[21.731774] (orb_slam3_ros2_wrapper) StderrLine: {'line': b'      |                                                                          \x1b[01;35m\x1b[K~~~~~~^~~~~~~~~~~~\x1b[m\x1b[K\n'}
[21.731915] (orb_slam3_ros2_wrapper) StderrLine: {'line': b'In file included from \x1b[01m\x1b[K/usr/include/eigen3/Eigen/Core:161\x1b[m\x1b[K,\n'}
[21.732048] (orb_slam3_ros2_wrapper) StderrLine: {'line': b'                 from \x1b[01m\x1b[K/usr/include/eigen3/Eigen/Dense:1\x1b[m\x1b[K,\n'}
[21.732167] (orb_slam3_ros2_wrapper) StderrLine: {'line': b'                 from \x1b[01m\x1b[K/root/colcon_ws/src/orb_slam3_ros2_wrapper/tests/typeConversionsTests.cpp:3\x1b[m\x1b[K:\n'}
[21.732283] (orb_slam3_ros2_wrapper) StderrLine: {'line': b'\x1b[01m\x1b[K/usr/include/eigen3/Eigen/src/Core/util/Constants.h:167:37:\x1b[m\x1b[K \x1b[01;36m\x1b[Knote: \x1b[m\x1b[Kdeclared here\n'}
[21.732402] (orb_slam3_ros2_wrapper) StderrLine: {'line': b'  167 | EIGEN_DEPRECATED const unsigned int \x1b[01;36m\x1b[KAlignedBit\x1b[m\x1b[K = 0x80;\n'}
[21.732793] (orb_slam3_ros2_wrapper) StderrLine: {'line': b'      |                                     \x1b[01;36m\x1b[K^~~~~~~~~~\x1b[m\x1b[K\n'}
[21.821980] (-) TimerEvent: {}
[21.838673] (orb_slam3_ros2_wrapper) StderrLine: {'line': b'In file included from \x1b[01m\x1b[K/home/orb/ORB_SLAM3/Thirdparty/g2o/g2o/types/types_six_dof_expmap.h:38\x1b[m\x1b[K,\n'}
[21.838930] (orb_slam3_ros2_wrapper) StderrLine: {'line': b'                 from \x1b[01m\x1b[K/home/orb/ORB_SLAM3/include/Converter.h:26\x1b[m\x1b[K,\n'}
[21.839037] (orb_slam3_ros2_wrapper) StderrLine: {'line': b'                 from \x1b[01m\x1b[K/home/orb/ORB_SLAM3/include/Frame.h:33\x1b[m\x1b[K,\n'}
[21.839126] (orb_slam3_ros2_wrapper) StderrLine: {'line': b'                 from \x1b[01m\x1b[K/home/orb/ORB_SLAM3/include/KeyFrame.h:28\x1b[m\x1b[K,\n'}
[21.839213] (orb_slam3_ros2_wrapper) StderrLine: {'line': b'                 from \x1b[01m\x1b[K/home/orb/ORB_SLAM3/include/MapPoint.h:23\x1b[m\x1b[K,\n'}
[21.839298] (orb_slam3_ros2_wrapper) StderrLine: {'line': b'                 from \x1b[01m\x1b[K/root/colcon_ws/src/orb_slam3_ros2_wrapper/include/orb_slam3_ros2_wrapper/type_conversion.hpp:26\x1b[m\x1b[K,\n'}
[21.839385] (orb_slam3_ros2_wrapper) StderrLine: {'line': b'                 from \x1b[01m\x1b[K/root/colcon_ws/src/orb_slam3_ros2_wrapper/tests/typeConversionsTests.cpp:5\x1b[m\x1b[K:\n'}
[21.839471] (orb_slam3_ros2_wrapper) StderrLine: {'line': b'/home/orb/ORB_SLAM3/Thirdparty/g2o/g2o/types/../core/base_binary_edge.h: In instantiation of \xe2\x80\x98\x1b[01m\x1b[Kclass g2o::BaseBinaryEdge<3, Eigen::Matrix<double, 3, 1>, g2o::VertexSBAPointXYZ, g2o::VertexSE3Expmap>\x1b[m\x1b[K\xe2\x80\x99:\n'}
[21.839575] (orb_slam3_ros2_wrapper) StderrLine: {'line': b'\x1b[01m\x1b[K/home/orb/ORB_SLAM3/Thirdparty/g2o/g2o/types/types_six_dof_expmap.h:146:41:\x1b[m\x1b[K   required from here\n'}
[21.839662] (orb_slam3_ros2_wrapper) StderrLine: {'line': b'\x1b[01m\x1b[K/home/orb/ORB_SLAM3/Thirdparty/g2o/g2o/types/../core/base_binary_edge.h:59:80:\x1b[m\x1b[K \x1b[01;35m\x1b[Kwarning: \x1b[m\x1b[K\xe2\x80\x98\x1b[01m\x1b[KEigen::AlignedBit\x1b[m\x1b[K\xe2\x80\x99 is deprecated [\x1b[01;35m\x1b[K-Wdeprecated-declarations\x1b[m\x1b[K]\n'}
[21.839751] (orb_slam3_ros2_wrapper) StderrLine: {'line': b'   59 |       typedef Eigen::Map<Matrix<double, Di, Dj>, Matrix<double, Di, Dj>::\x1b[01;35m\x1b[KFlags & AlignedBit\x1b[m\x1b[K ? Aligned : Unaligned > HessianBlockType;\n'}
[21.839858] (orb_slam3_ros2_wrapper) StderrLine: {'line': b'      |                                                                          \x1b[01;35m\x1b[K~~~~~~^~~~~~~~~~~~\x1b[m\x1b[K\n'}
[21.840186] (orb_slam3_ros2_wrapper) StderrLine: {'line': b'In file included from \x1b[01m\x1b[K/usr/include/eigen3/Eigen/Core:161\x1b[m\x1b[K,\n'}
[21.840290] (orb_slam3_ros2_wrapper) StderrLine: {'line': b'                 from \x1b[01m\x1b[K/usr/include/eigen3/Eigen/Dense:1\x1b[m\x1b[K,\n'}
[21.840379] (orb_slam3_ros2_wrapper) StderrLine: {'line': b'                 from \x1b[01m\x1b[K/root/colcon_ws/src/orb_slam3_ros2_wrapper/tests/typeConversionsTests.cpp:3\x1b[m\x1b[K:\n'}
[21.840467] (orb_slam3_ros2_wrapper) StderrLine: {'line': b'\x1b[01m\x1b[K/usr/include/eigen3/Eigen/src/Core/util/Constants.h:167:37:\x1b[m\x1b[K \x1b[01;36m\x1b[Knote: \x1b[m\x1b[Kdeclared here\n'}
[21.840552] (orb_slam3_ros2_wrapper) StderrLine: {'line': b'  167 | EIGEN_DEPRECATED const unsigned int \x1b[01;36m\x1b[KAlignedBit\x1b[m\x1b[K = 0x80;\n'}
[21.840641] (orb_slam3_ros2_wrapper) StderrLine: {'line': b'      |                                     \x1b[01;36m\x1b[K^~~~~~~~~~\x1b[m\x1b[K\n'}
[21.840726] (orb_slam3_ros2_wrapper) StderrLine: {'line': b'In file included from \x1b[01m\x1b[K/home/orb/ORB_SLAM3/Thirdparty/g2o/g2o/types/types_six_dof_expmap.h:38\x1b[m\x1b[K,\n'}
[21.840827] (orb_slam3_ros2_wrapper) StderrLine: {'line': b'                 from \x1b[01m\x1b[K/home/orb/ORB_SLAM3/include/Converter.h:26\x1b[m\x1b[K,\n'}
[21.840920] (orb_slam3_ros2_wrapper) StderrLine: {'line': b'                 from \x1b[01m\x1b[K/home/orb/ORB_SLAM3/include/Frame.h:33\x1b[m\x1b[K,\n'}
[21.841004] (orb_slam3_ros2_wrapper) StderrLine: {'line': b'                 from \x1b[01m\x1b[K/home/orb/ORB_SLAM3/include/KeyFrame.h:28\x1b[m\x1b[K,\n'}
[21.841142] (orb_slam3_ros2_wrapper) StderrLine: {'line': b'                 from \x1b[01m\x1b[K/home/orb/ORB_SLAM3/include/MapPoint.h:23\x1b[m\x1b[K,\n'}
[21.841232] (orb_slam3_ros2_wrapper) StderrLine: {'line': b'                 from \x1b[01m\x1b[K/root/colcon_ws/src/orb_slam3_ros2_wrapper/include/orb_slam3_ros2_wrapper/type_conversion.hpp:26\x1b[m\x1b[K,\n'}
[21.841317] (orb_slam3_ros2_wrapper) StderrLine: {'line': b'                 from \x1b[01m\x1b[K/root/colcon_ws/src/orb_slam3_ros2_wrapper/tests/typeConversionsTests.cpp:5\x1b[m\x1b[K:\n'}
[21.841402] (orb_slam3_ros2_wrapper) StderrLine: {'line': b'\x1b[01m\x1b[K/home/orb/ORB_SLAM3/Thirdparty/g2o/g2o/types/../core/base_binary_edge.h:60:80:\x1b[m\x1b[K \x1b[01;35m\x1b[Kwarning: \x1b[m\x1b[K\xe2\x80\x98\x1b[01m\x1b[KEigen::AlignedBit\x1b[m\x1b[K\xe2\x80\x99 is deprecated [\x1b[01;35m\x1b[K-Wdeprecated-declarations\x1b[m\x1b[K]\n'}
[21.841490] (orb_slam3_ros2_wrapper) StderrLine: {'line': b'   60 |       typedef Eigen::Map<Matrix<double, Dj, Di>, Matrix<double, Dj, Di>::\x1b[01;35m\x1b[KFlags & AlignedBit\x1b[m\x1b[K ? Aligned : Unaligned > HessianBlockTransposedType;\n'}
[21.841576] (orb_slam3_ros2_wrapper) StderrLine: {'line': b'      |                                                                          \x1b[01;35m\x1b[K~~~~~~^~~~~~~~~~~~\x1b[m\x1b[K\n'}
[21.841660] (orb_slam3_ros2_wrapper) StderrLine: {'line': b'In file included from \x1b[01m\x1b[K/usr/include/eigen3/Eigen/Core:161\x1b[m\x1b[K,\n'}
[21.841756] (orb_slam3_ros2_wrapper) StderrLine: {'line': b'                 from \x1b[01m\x1b[K/usr/include/eigen3/Eigen/Dense:1\x1b[m\x1b[K,\n'}
[21.841859] (orb_slam3_ros2_wrapper) StderrLine: {'line': b'                 from \x1b[01m\x1b[K/root/colcon_ws/src/orb_slam3_ros2_wrapper/tests/typeConversionsTests.cpp:3\x1b[m\x1b[K:\n'}
[21.841946] (orb_slam3_ros2_wrapper) StderrLine: {'line': b'\x1b[01m\x1b[K/usr/include/eigen3/Eigen/src/Core/util/Constants.h:167:37:\x1b[m\x1b[K \x1b[01;36m\x1b[Knote: \x1b[m\x1b[Kdeclared here\n'}
[21.842030] (orb_slam3_ros2_wrapper) StderrLine: {'line': b'  167 | EIGEN_DEPRECATED const unsigned int \x1b[01;36m\x1b[KAlignedBit\x1b[m\x1b[K = 0x80;\n'}
[21.842113] (orb_slam3_ros2_wrapper) StderrLine: {'line': b'      |                                     \x1b[01;36m\x1b[K^~~~~~~~~~\x1b[m\x1b[K\n'}
[21.922363] (-) TimerEvent: {}
[22.024882] (-) TimerEvent: {}
[22.125234] (-) TimerEvent: {}
[22.174764] (orb_slam3_ros2_wrapper) StderrLine: {'line': b'In file included from \x1b[01m\x1b[K/home/orb/ORB_SLAM3/Thirdparty/g2o/g2o/types/types_six_dof_expmap.h:37\x1b[m\x1b[K,\n'}
[22.175062] (orb_slam3_ros2_wrapper) StderrLine: {'line': b'                 from \x1b[01m\x1b[K/home/orb/ORB_SLAM3/include/Converter.h:26\x1b[m\x1b[K,\n'}
[22.175199] (orb_slam3_ros2_wrapper) StderrLine: {'line': b'                 from \x1b[01m\x1b[K/home/orb/ORB_SLAM3/include/Frame.h:33\x1b[m\x1b[K,\n'}
[22.175319] (orb_slam3_ros2_wrapper) StderrLine: {'line': b'                 from \x1b[01m\x1b[K/home/orb/ORB_SLAM3/include/KeyFrame.h:28\x1b[m\x1b[K,\n'}
[22.175436] (orb_slam3_ros2_wrapper) StderrLine: {'line': b'                 from \x1b[01m\x1b[K/home/orb/ORB_SLAM3/include/MapPoint.h:23\x1b[m\x1b[K,\n'}
[22.175553] (orb_slam3_ros2_wrapper) StderrLine: {'line': b'                 from \x1b[01m\x1b[K/root/colcon_ws/src/orb_slam3_ros2_wrapper/include/orb_slam3_ros2_wrapper/type_conversion.hpp:26\x1b[m\x1b[K,\n'}
[22.175669] (orb_slam3_ros2_wrapper) StderrLine: {'line': b'                 from \x1b[01m\x1b[K/root/colcon_ws/src/orb_slam3_ros2_wrapper/src/rgbd/rgbd-slam-node.hpp:40\x1b[m\x1b[K,\n'}
[22.175791] (orb_slam3_ros2_wrapper) StderrLine: {'line': b'                 from \x1b[01m\x1b[K/root/colcon_ws/src/orb_slam3_ros2_wrapper/src/rgbd/rgbd-slam-node.cpp:6\x1b[m\x1b[K:\n'}
[22.175919] (orb_slam3_ros2_wrapper) StderrLine: {'line': b'/home/orb/ORB_SLAM3/Thirdparty/g2o/g2o/types/../core/base_vertex.h: In instantiation of \xe2\x80\x98\x1b[01m\x1b[Kclass g2o::BaseVertex<7, g2o::Sim3>\x1b[m\x1b[K\xe2\x80\x99:\n'}
[22.176056] (orb_slam3_ros2_wrapper) StderrLine: {'line': b'\x1b[01m\x1b[K/home/orb/ORB_SLAM3/Thirdparty/g2o/g2o/types/types_seven_dof_expmap.h:48:35:\x1b[m\x1b[K   required from here\n'}
[22.176177] (orb_slam3_ros2_wrapper) StderrLine: {'line': b'\x1b[01m\x1b[K/home/orb/ORB_SLAM3/Thirdparty/g2o/g2o/types/../core/base_vertex.h:62:72:\x1b[m\x1b[K \x1b[01;35m\x1b[Kwarning: \x1b[m\x1b[K\xe2\x80\x98\x1b[01m\x1b[KEigen::AlignedBit\x1b[m\x1b[K\xe2\x80\x99 is deprecated [\x1b[01;35m\x1b[K-Wdeprecated-declarations\x1b[m\x1b[K]\n'}
[22.176295] (orb_slam3_ros2_wrapper) StderrLine: {'line': b'   62 |     typedef Eigen::Map<Matrix<double, D, D>, Matrix<double,D,D>::\x1b[01;35m\x1b[KFlags & AlignedBit\x1b[m\x1b[K ? Aligned : Unaligned >  HessianBlockType;\n'}
[22.176409] (orb_slam3_ros2_wrapper) StderrLine: {'line': b'      |                                                                  \x1b[01;35m\x1b[K~~~~~~^~~~~~~~~~~~\x1b[m\x1b[K\n'}
[22.176519] (orb_slam3_ros2_wrapper) StderrLine: {'line': b'In file included from \x1b[01m\x1b[K/usr/include/eigen3/Eigen/Core:161\x1b[m\x1b[K,\n'}
[22.176627] (orb_slam3_ros2_wrapper) StderrLine: {'line': b'                 from \x1b[01m\x1b[K/root/colcon_ws/src/orb_slam3_ros2_wrapper/include/orb_slam3_ros2_wrapper/type_conversion.hpp:10\x1b[m\x1b[K,\n'}
[22.176739] (orb_slam3_ros2_wrapper) StderrLine: {'line': b'                 from \x1b[01m\x1b[K/root/colcon_ws/src/orb_slam3_ros2_wrapper/src/rgbd/rgbd-slam-node.hpp:40\x1b[m\x1b[K,\n'}
[22.176870] (orb_slam3_ros2_wrapper) StderrLine: {'line': b'                 from \x1b[01m\x1b[K/root/colcon_ws/src/orb_slam3_ros2_wrapper/src/rgbd/rgbd-slam-node.cpp:6\x1b[m\x1b[K:\n'}
[22.176992] (orb_slam3_ros2_wrapper) StderrLine: {'line': b'\x1b[01m\x1b[K/usr/include/eigen3/Eigen/src/Core/util/Constants.h:167:37:\x1b[m\x1b[K \x1b[01;36m\x1b[Knote: \x1b[m\x1b[Kdeclared here\n'}
[22.177106] (orb_slam3_ros2_wrapper) StderrLine: {'line': b'  167 | EIGEN_DEPRECATED const unsigned int \x1b[01;36m\x1b[KAlignedBit\x1b[m\x1b[K = 0x80;\n'}
[22.177219] (orb_slam3_ros2_wrapper) StderrLine: {'line': b'      |                                     \x1b[01;36m\x1b[K^~~~~~~~~~\x1b[m\x1b[K\n'}
[22.225347] (-) TimerEvent: {}
[22.238042] (orb_slam3_ros2_wrapper) StderrLine: {'line': b'In file included from \x1b[01m\x1b[K/home/orb/ORB_SLAM3/Thirdparty/g2o/g2o/types/types_six_dof_expmap.h:38\x1b[m\x1b[K,\n'}
[22.238498] (orb_slam3_ros2_wrapper) StderrLine: {'line': b'                 from \x1b[01m\x1b[K/home/orb/ORB_SLAM3/include/Converter.h:26\x1b[m\x1b[K,\n'}
[22.238636] (orb_slam3_ros2_wrapper) StderrLine: {'line': b'                 from \x1b[01m\x1b[K/home/orb/ORB_SLAM3/include/Frame.h:33\x1b[m\x1b[K,\n'}
[22.238757] (orb_slam3_ros2_wrapper) StderrLine: {'line': b'                 from \x1b[01m\x1b[K/home/orb/ORB_SLAM3/include/KeyFrame.h:28\x1b[m\x1b[K,\n'}
[22.238904] (orb_slam3_ros2_wrapper) StderrLine: {'line': b'                 from \x1b[01m\x1b[K/home/orb/ORB_SLAM3/include/MapPoint.h:23\x1b[m\x1b[K,\n'}
[22.239019] (orb_slam3_ros2_wrapper) StderrLine: {'line': b'                 from \x1b[01m\x1b[K/root/colcon_ws/src/orb_slam3_ros2_wrapper/include/orb_slam3_ros2_wrapper/type_conversion.hpp:26\x1b[m\x1b[K,\n'}
[22.239132] (orb_slam3_ros2_wrapper) StderrLine: {'line': b'                 from \x1b[01m\x1b[K/root/colcon_ws/src/orb_slam3_ros2_wrapper/src/rgbd/rgbd-slam-node.hpp:40\x1b[m\x1b[K,\n'}
[22.239242] (orb_slam3_ros2_wrapper) StderrLine: {'line': b'                 from \x1b[01m\x1b[K/root/colcon_ws/src/orb_slam3_ros2_wrapper/src/rgbd/rgbd-slam-node.cpp:6\x1b[m\x1b[K:\n'}
[22.239351] (orb_slam3_ros2_wrapper) StderrLine: {'line': b'/home/orb/ORB_SLAM3/Thirdparty/g2o/g2o/types/../core/base_binary_edge.h: In instantiation of \xe2\x80\x98\x1b[01m\x1b[Kclass g2o::BaseBinaryEdge<7, g2o::Sim3, g2o::VertexSim3Expmap, g2o::VertexSim3Expmap>\x1b[m\x1b[K\xe2\x80\x99:\n'}
[22.239462] (orb_slam3_ros2_wrapper) StderrLine: {'line': b'\x1b[01m\x1b[K/home/orb/ORB_SLAM3/Thirdparty/g2o/g2o/types/types_seven_dof_expmap.h:99:27:\x1b[m\x1b[K   required from here\n'}
[22.239571] (orb_slam3_ros2_wrapper) StderrLine: {'line': b'\x1b[01m\x1b[K/home/orb/ORB_SLAM3/Thirdparty/g2o/g2o/types/../core/base_binary_edge.h:59:80:\x1b[m\x1b[K \x1b[01;35m\x1b[Kwarning: \x1b[m\x1b[K\xe2\x80\x98\x1b[01m\x1b[KEigen::AlignedBit\x1b[m\x1b[K\xe2\x80\x99 is deprecated [\x1b[01;35m\x1b[K-Wdeprecated-declarations\x1b[m\x1b[K]\n'}
[22.239697] (orb_slam3_ros2_wrapper) StderrLine: {'line': b'   59 |       typedef Eigen::Map<Matrix<double, Di, Dj>, Matrix<double, Di, Dj>::\x1b[01;35m\x1b[KFlags & AlignedBit\x1b[m\x1b[K ? Aligned : Unaligned > HessianBlockType;\n'}
[22.239838] (orb_slam3_ros2_wrapper) StderrLine: {'line': b'      |                                                                          \x1b[01;35m\x1b[K~~~~~~^~~~~~~~~~~~\x1b[m\x1b[K\n'}
[22.239957] (orb_slam3_ros2_wrapper) StderrLine: {'line': b'In file included from \x1b[01m\x1b[K/usr/include/eigen3/Eigen/Core:161\x1b[m\x1b[K,\n'}
[22.240069] (orb_slam3_ros2_wrapper) StderrLine: {'line': b'                 from \x1b[01m\x1b[K/root/colcon_ws/src/orb_slam3_ros2_wrapper/include/orb_slam3_ros2_wrapper/type_conversion.hpp:10\x1b[m\x1b[K,\n'}
[22.240188] (orb_slam3_ros2_wrapper) StderrLine: {'line': b'                 from \x1b[01m\x1b[K/root/colcon_ws/src/orb_slam3_ros2_wrapper/src/rgbd/rgbd-slam-node.hpp:40\x1b[m\x1b[K,\n'}
[22.240308] (orb_slam3_ros2_wrapper) StderrLine: {'line': b'                 from \x1b[01m\x1b[K/root/colcon_ws/src/orb_slam3_ros2_wrapper/src/rgbd/rgbd-slam-node.cpp:6\x1b[m\x1b[K:\n'}
[22.240420] (orb_slam3_ros2_wrapper) StderrLine: {'line': b'\x1b[01m\x1b[K/usr/include/eigen3/Eigen/src/Core/util/Constants.h:167:37:\x1b[m\x1b[K \x1b[01;36m\x1b[Knote: \x1b[m\x1b[Kdeclared here\n'}
[22.240531] (orb_slam3_ros2_wrapper) StderrLine: {'line': b'  167 | EIGEN_DEPRECATED const unsigned int \x1b[01;36m\x1b[KAlignedBit\x1b[m\x1b[K = 0x80;\n'}
[22.240641] (orb_slam3_ros2_wrapper) StderrLine: {'line': b'      |                                     \x1b[01;36m\x1b[K^~~~~~~~~~\x1b[m\x1b[K\n'}
[22.240752] (orb_slam3_ros2_wrapper) StderrLine: {'line': b'In file included from \x1b[01m\x1b[K/home/orb/ORB_SLAM3/Thirdparty/g2o/g2o/types/types_six_dof_expmap.h:38\x1b[m\x1b[K,\n'}
[22.240896] (orb_slam3_ros2_wrapper) StderrLine: {'line': b'                 from \x1b[01m\x1b[K/home/orb/ORB_SLAM3/include/Converter.h:26\x1b[m\x1b[K,\n'}
[22.241011] (orb_slam3_ros2_wrapper) StderrLine: {'line': b'                 from \x1b[01m\x1b[K/home/orb/ORB_SLAM3/include/Frame.h:33\x1b[m\x1b[K,\n'}
[22.241132] (orb_slam3_ros2_wrapper) StderrLine: {'line': b'                 from \x1b[01m\x1b[K/home/orb/ORB_SLAM3/include/KeyFrame.h:28\x1b[m\x1b[K,\n'}
[22.241239] (orb_slam3_ros2_wrapper) StderrLine: {'line': b'                 from \x1b[01m\x1b[K/home/orb/ORB_SLAM3/include/MapPoint.h:23\x1b[m\x1b[K,\n'}
[22.241346] (orb_slam3_ros2_wrapper) StderrLine: {'line': b'                 from \x1b[01m\x1b[K/root/colcon_ws/src/orb_slam3_ros2_wrapper/include/orb_slam3_ros2_wrapper/type_conversion.hpp:26\x1b[m\x1b[K,\n'}
[22.241452] (orb_slam3_ros2_wrapper) StderrLine: {'line': b'                 from \x1b[01m\x1b[K/root/colcon_ws/src/orb_slam3_ros2_wrapper/src/rgbd/rgbd-slam-node.hpp:40\x1b[m\x1b[K,\n'}
[22.241560] (orb_slam3_ros2_wrapper) StderrLine: {'line': b'                 from \x1b[01m\x1b[K/root/colcon_ws/src/orb_slam3_ros2_wrapper/src/rgbd/rgbd-slam-node.cpp:6\x1b[m\x1b[K:\n'}
[22.241669] (orb_slam3_ros2_wrapper) StderrLine: {'line': b'\x1b[01m\x1b[K/home/orb/ORB_SLAM3/Thirdparty/g2o/g2o/types/../core/base_binary_edge.h:60:80:\x1b[m\x1b[K \x1b[01;35m\x1b[Kwarning: \x1b[m\x1b[K\xe2\x80\x98\x1b[01m\x1b[KEigen::AlignedBit\x1b[m\x1b[K\xe2\x80\x99 is deprecated [\x1b[01;35m\x1b[K-Wdeprecated-declarations\x1b[m\x1b[K]\n'}
[22.241794] (orb_slam3_ros2_wrapper) StderrLine: {'line': b'   60 |       typedef Eigen::Map<Matrix<double, Dj, Di>, Matrix<double, Dj, Di>::\x1b[01;35m\x1b[KFlags & AlignedBit\x1b[m\x1b[K ? Aligned : Unaligned > HessianBlockTransposedType;\n'}
[22.241921] (orb_slam3_ros2_wrapper) StderrLine: {'line': b'      |                                                                          \x1b[01;35m\x1b[K~~~~~~^~~~~~~~~~~~\x1b[m\x1b[K\n'}
[22.242040] (orb_slam3_ros2_wrapper) StderrLine: {'line': b'In file included from \x1b[01m\x1b[K/usr/include/eigen3/Eigen/Core:161\x1b[m\x1b[K,\n'}
[22.242148] (orb_slam3_ros2_wrapper) StderrLine: {'line': b'                 from \x1b[01m\x1b[K/root/colcon_ws/src/orb_slam3_ros2_wrapper/include/orb_slam3_ros2_wrapper/type_conversion.hpp:10\x1b[m\x1b[K,\n'}
[22.242257] (orb_slam3_ros2_wrapper) StderrLine: {'line': b'                 from \x1b[01m\x1b[K/root/colcon_ws/src/orb_slam3_ros2_wrapper/src/rgbd/rgbd-slam-node.hpp:40\x1b[m\x1b[K,\n'}
[22.242364] (orb_slam3_ros2_wrapper) StderrLine: {'line': b'                 from \x1b[01m\x1b[K/root/colcon_ws/src/orb_slam3_ros2_wrapper/src/rgbd/rgbd-slam-node.cpp:6\x1b[m\x1b[K:\n'}
[22.242469] (orb_slam3_ros2_wrapper) StderrLine: {'line': b'\x1b[01m\x1b[K/usr/include/eigen3/Eigen/src/Core/util/Constants.h:167:37:\x1b[m\x1b[K \x1b[01;36m\x1b[Knote: \x1b[m\x1b[Kdeclared here\n'}
[22.242577] (orb_slam3_ros2_wrapper) StderrLine: {'line': b'  167 | EIGEN_DEPRECATED const unsigned int \x1b[01;36m\x1b[KAlignedBit\x1b[m\x1b[K = 0x80;\n'}
[22.242683] (orb_slam3_ros2_wrapper) StderrLine: {'line': b'      |                                     \x1b[01;36m\x1b[K^~~~~~~~~~\x1b[m\x1b[K\n'}
[22.306765] (orb_slam3_ros2_wrapper) StderrLine: {'line': b'In file included from \x1b[01m\x1b[K/home/orb/ORB_SLAM3/Thirdparty/g2o/g2o/types/types_six_dof_expmap.h:37\x1b[m\x1b[K,\n'}
[22.307314] (orb_slam3_ros2_wrapper) StderrLine: {'line': b'                 from \x1b[01m\x1b[K/home/orb/ORB_SLAM3/include/Converter.h:26\x1b[m\x1b[K,\n'}
[22.307457] (orb_slam3_ros2_wrapper) StderrLine: {'line': b'                 from \x1b[01m\x1b[K/home/orb/ORB_SLAM3/include/Frame.h:33\x1b[m\x1b[K,\n'}
[22.307571] (orb_slam3_ros2_wrapper) StderrLine: {'line': b'                 from \x1b[01m\x1b[K/home/orb/ORB_SLAM3/include/KeyFrame.h:28\x1b[m\x1b[K,\n'}
[22.307681] (orb_slam3_ros2_wrapper) StderrLine: {'line': b'                 from \x1b[01m\x1b[K/home/orb/ORB_SLAM3/include/MapPoint.h:23\x1b[m\x1b[K,\n'}
[22.307797] (orb_slam3_ros2_wrapper) StderrLine: {'line': b'                 from \x1b[01m\x1b[K/root/colcon_ws/src/orb_slam3_ros2_wrapper/include/orb_slam3_ros2_wrapper/type_conversion.hpp:26\x1b[m\x1b[K,\n'}
[22.307918] (orb_slam3_ros2_wrapper) StderrLine: {'line': b'                 from \x1b[01m\x1b[K/root/colcon_ws/src/orb_slam3_ros2_wrapper/tests/typeConversionsTests.cpp:5\x1b[m\x1b[K:\n'}
[22.308027] (orb_slam3_ros2_wrapper) StderrLine: {'line': b'/home/orb/ORB_SLAM3/Thirdparty/g2o/g2o/types/../core/base_vertex.h: In instantiation of \xe2\x80\x98\x1b[01m\x1b[Kclass g2o::BaseVertex<7, g2o::Sim3>\x1b[m\x1b[K\xe2\x80\x99:\n'}
[22.308133] (orb_slam3_ros2_wrapper) StderrLine: {'line': b'\x1b[01m\x1b[K/home/orb/ORB_SLAM3/Thirdparty/g2o/g2o/types/types_seven_dof_expmap.h:48:35:\x1b[m\x1b[K   required from here\n'}
[22.308237] (orb_slam3_ros2_wrapper) StderrLine: {'line': b'\x1b[01m\x1b[K/home/orb/ORB_SLAM3/Thirdparty/g2o/g2o/types/../core/base_vertex.h:62:72:\x1b[m\x1b[K \x1b[01;35m\x1b[Kwarning: \x1b[m\x1b[K\xe2\x80\x98\x1b[01m\x1b[KEigen::AlignedBit\x1b[m\x1b[K\xe2\x80\x99 is deprecated [\x1b[01;35m\x1b[K-Wdeprecated-declarations\x1b[m\x1b[K]\n'}
[22.308343] (orb_slam3_ros2_wrapper) StderrLine: {'line': b'   62 |     typedef Eigen::Map<Matrix<double, D, D>, Matrix<double,D,D>::\x1b[01;35m\x1b[KFlags & AlignedBit\x1b[m\x1b[K ? Aligned : Unaligned >  HessianBlockType;\n'}
[22.308449] (orb_slam3_ros2_wrapper) StderrLine: {'line': b'      |                                                                  \x1b[01;35m\x1b[K~~~~~~^~~~~~~~~~~~\x1b[m\x1b[K\n'}
[22.308571] (orb_slam3_ros2_wrapper) StderrLine: {'line': b'In file included from \x1b[01m\x1b[K/usr/include/eigen3/Eigen/Core:161\x1b[m\x1b[K,\n'}
[22.308676] (orb_slam3_ros2_wrapper) StderrLine: {'line': b'                 from \x1b[01m\x1b[K/usr/include/eigen3/Eigen/Dense:1\x1b[m\x1b[K,\n'}
[22.308794] (orb_slam3_ros2_wrapper) StderrLine: {'line': b'                 from \x1b[01m\x1b[K/root/colcon_ws/src/orb_slam3_ros2_wrapper/tests/typeConversionsTests.cpp:3\x1b[m\x1b[K:\n'}
[22.308925] (orb_slam3_ros2_wrapper) StderrLine: {'line': b'\x1b[01m\x1b[K/usr/include/eigen3/Eigen/src/Core/util/Constants.h:167:37:\x1b[m\x1b[K \x1b[01;36m\x1b[Knote: \x1b[m\x1b[Kdeclared here\n'}
[22.309042] (orb_slam3_ros2_wrapper) StderrLine: {'line': b'  167 | EIGEN_DEPRECATED const unsigned int \x1b[01;36m\x1b[KAlignedBit\x1b[m\x1b[K = 0x80;\n'}
[22.309147] (orb_slam3_ros2_wrapper) StderrLine: {'line': b'      |                                     \x1b[01;36m\x1b[K^~~~~~~~~~\x1b[m\x1b[K\n'}
[22.325464] (-) TimerEvent: {}
[22.341441] (orb_slam3_ros2_wrapper) StderrLine: {'line': b'In file included from \x1b[01m\x1b[K/home/orb/ORB_SLAM3/Thirdparty/g2o/g2o/types/types_six_dof_expmap.h:38\x1b[m\x1b[K,\n'}
[22.341686] (orb_slam3_ros2_wrapper) StderrLine: {'line': b'                 from \x1b[01m\x1b[K/home/orb/ORB_SLAM3/include/Converter.h:26\x1b[m\x1b[K,\n'}
[22.341819] (orb_slam3_ros2_wrapper) StderrLine: {'line': b'                 from \x1b[01m\x1b[K/home/orb/ORB_SLAM3/include/Frame.h:33\x1b[m\x1b[K,\n'}
[22.341945] (orb_slam3_ros2_wrapper) StderrLine: {'line': b'                 from \x1b[01m\x1b[K/home/orb/ORB_SLAM3/include/KeyFrame.h:28\x1b[m\x1b[K,\n'}
[22.342055] (orb_slam3_ros2_wrapper) StderrLine: {'line': b'                 from \x1b[01m\x1b[K/home/orb/ORB_SLAM3/include/MapPoint.h:23\x1b[m\x1b[K,\n'}
[22.342167] (orb_slam3_ros2_wrapper) StderrLine: {'line': b'                 from \x1b[01m\x1b[K/root/colcon_ws/src/orb_slam3_ros2_wrapper/include/orb_slam3_ros2_wrapper/type_conversion.hpp:26\x1b[m\x1b[K,\n'}
[22.342279] (orb_slam3_ros2_wrapper) StderrLine: {'line': b'                 from \x1b[01m\x1b[K/root/colcon_ws/src/orb_slam3_ros2_wrapper/src/rgbd/rgbd-slam-node.hpp:40\x1b[m\x1b[K,\n'}
[22.342391] (orb_slam3_ros2_wrapper) StderrLine: {'line': b'                 from \x1b[01m\x1b[K/root/colcon_ws/src/orb_slam3_ros2_wrapper/src/rgbd/rgbd-slam-node.cpp:6\x1b[m\x1b[K:\n'}
[22.342506] (orb_slam3_ros2_wrapper) StderrLine: {'line': b'/home/orb/ORB_SLAM3/Thirdparty/g2o/g2o/types/../core/base_binary_edge.h: In instantiation of \xe2\x80\x98\x1b[01m\x1b[Kclass g2o::BaseBinaryEdge<2, Eigen::Matrix<double, 2, 1>, g2o::VertexSBAPointXYZ, g2o::VertexSim3Expmap>\x1b[m\x1b[K\xe2\x80\x99:\n'}
[22.342624] (orb_slam3_ros2_wrapper) StderrLine: {'line': b'\x1b[01m\x1b[K/home/orb/ORB_SLAM3/Thirdparty/g2o/g2o/types/types_seven_dof_expmap.h:130:36:\x1b[m\x1b[K   required from here\n'}
[22.342734] (orb_slam3_ros2_wrapper) StderrLine: {'line': b'\x1b[01m\x1b[K/home/orb/ORB_SLAM3/Thirdparty/g2o/g2o/types/../core/base_binary_edge.h:59:80:\x1b[m\x1b[K \x1b[01;35m\x1b[Kwarning: \x1b[m\x1b[K\xe2\x80\x98\x1b[01m\x1b[KEigen::AlignedBit\x1b[m\x1b[K\xe2\x80\x99 is deprecated [\x1b[01;35m\x1b[K-Wdeprecated-declarations\x1b[m\x1b[K]\n'}
[22.342867] (orb_slam3_ros2_wrapper) StderrLine: {'line': b'   59 |       typedef Eigen::Map<Matrix<double, Di, Dj>, Matrix<double, Di, Dj>::\x1b[01;35m\x1b[KFlags & AlignedBit\x1b[m\x1b[K ? Aligned : Unaligned > HessianBlockType;\n'}
[22.342985] (orb_slam3_ros2_wrapper) StderrLine: {'line': b'      |                                                                          \x1b[01;35m\x1b[K~~~~~~^~~~~~~~~~~~\x1b[m\x1b[K\n'}
[22.343096] (orb_slam3_ros2_wrapper) StderrLine: {'line': b'In file included from \x1b[01m\x1b[K/usr/include/eigen3/Eigen/Core:161\x1b[m\x1b[K,\n'}
[22.343208] (orb_slam3_ros2_wrapper) StderrLine: {'line': b'                 from \x1b[01m\x1b[K/root/colcon_ws/src/orb_slam3_ros2_wrapper/include/orb_slam3_ros2_wrapper/type_conversion.hpp:10\x1b[m\x1b[K,\n'}
[22.343319] (orb_slam3_ros2_wrapper) StderrLine: {'line': b'                 from \x1b[01m\x1b[K/root/colcon_ws/src/orb_slam3_ros2_wrapper/src/rgbd/rgbd-slam-node.hpp:40\x1b[m\x1b[K,\n'}
[22.343428] (orb_slam3_ros2_wrapper) StderrLine: {'line': b'                 from \x1b[01m\x1b[K/root/colcon_ws/src/orb_slam3_ros2_wrapper/src/rgbd/rgbd-slam-node.cpp:6\x1b[m\x1b[K:\n'}
[22.343536] (orb_slam3_ros2_wrapper) StderrLine: {'line': b'\x1b[01m\x1b[K/usr/include/eigen3/Eigen/src/Core/util/Constants.h:167:37:\x1b[m\x1b[K \x1b[01;36m\x1b[Knote: \x1b[m\x1b[Kdeclared here\n'}
[22.343659] (orb_slam3_ros2_wrapper) StderrLine: {'line': b'  167 | EIGEN_DEPRECATED const unsigned int \x1b[01;36m\x1b[KAlignedBit\x1b[m\x1b[K = 0x80;\n'}
[22.343774] (orb_slam3_ros2_wrapper) StderrLine: {'line': b'      |                                     \x1b[01;36m\x1b[K^~~~~~~~~~\x1b[m\x1b[K\n'}
[22.374259] (orb_slam3_ros2_wrapper) StderrLine: {'line': b'In file included from \x1b[01m\x1b[K/home/orb/ORB_SLAM3/Thirdparty/g2o/g2o/types/types_six_dof_expmap.h:38\x1b[m\x1b[K,\n'}
[22.374503] (orb_slam3_ros2_wrapper) StderrLine: {'line': b'                 from \x1b[01m\x1b[K/home/orb/ORB_SLAM3/include/Converter.h:26\x1b[m\x1b[K,\n'}
[22.374646] (orb_slam3_ros2_wrapper) StderrLine: {'line': b'                 from \x1b[01m\x1b[K/home/orb/ORB_SLAM3/include/Frame.h:33\x1b[m\x1b[K,\n'}
[22.374776] (orb_slam3_ros2_wrapper) StderrLine: {'line': b'                 from \x1b[01m\x1b[K/home/orb/ORB_SLAM3/include/KeyFrame.h:28\x1b[m\x1b[K,\n'}
[22.374925] (orb_slam3_ros2_wrapper) StderrLine: {'line': b'                 from \x1b[01m\x1b[K/home/orb/ORB_SLAM3/include/MapPoint.h:23\x1b[m\x1b[K,\n'}
[22.375296] (orb_slam3_ros2_wrapper) StderrLine: {'line': b'                 from \x1b[01m\x1b[K/root/colcon_ws/src/orb_slam3_ros2_wrapper/include/orb_slam3_ros2_wrapper/type_conversion.hpp:26\x1b[m\x1b[K,\n'}
[22.375429] (orb_slam3_ros2_wrapper) StderrLine: {'line': b'                 from \x1b[01m\x1b[K/root/colcon_ws/src/orb_slam3_ros2_wrapper/tests/typeConversionsTests.cpp:5\x1b[m\x1b[K:\n'}
[22.375543] (orb_slam3_ros2_wrapper) StderrLine: {'line': b'/home/orb/ORB_SLAM3/Thirdparty/g2o/g2o/types/../core/base_binary_edge.h: In instantiation of \xe2\x80\x98\x1b[01m\x1b[Kclass g2o::BaseBinaryEdge<7, g2o::Sim3, g2o::VertexSim3Expmap, g2o::VertexSim3Expmap>\x1b[m\x1b[K\xe2\x80\x99:\n'}
[22.375658] (orb_slam3_ros2_wrapper) StderrLine: {'line': b'\x1b[01m\x1b[K/home/orb/ORB_SLAM3/Thirdparty/g2o/g2o/types/types_seven_dof_expmap.h:99:27:\x1b[m\x1b[K   required from here\n'}
[22.382273] (orb_slam3_ros2_wrapper) StderrLine: {'line': b'\x1b[01m\x1b[K/home/orb/ORB_SLAM3/Thirdparty/g2o/g2o/types/../core/base_binary_edge.h:59:80:\x1b[m\x1b[K \x1b[01;35m\x1b[Kwarning: \x1b[m\x1b[K\xe2\x80\x98\x1b[01m\x1b[KEigen::AlignedBit\x1b[m\x1b[K\xe2\x80\x99 is deprecated [\x1b[01;35m\x1b[K-Wdeprecated-declarations\x1b[m\x1b[K]\n'}
[22.382511] (orb_slam3_ros2_wrapper) StderrLine: {'line': b'   59 |       typedef Eigen::Map<Matrix<double, Di, Dj>, Matrix<double, Di, Dj>::\x1b[01;35m\x1b[KFlags & AlignedBit\x1b[m\x1b[K ? Aligned : Unaligned > HessianBlockType;\n'}
[22.382644] (orb_slam3_ros2_wrapper) StderrLine: {'line': b'      |                                                                          \x1b[01;35m\x1b[K~~~~~~^~~~~~~~~~~~\x1b[m\x1b[K\n'}
[22.382771] (orb_slam3_ros2_wrapper) StderrLine: {'line': b'In file included from \x1b[01m\x1b[K/usr/include/eigen3/Eigen/Core:161\x1b[m\x1b[K,\n'}
[22.382908] (orb_slam3_ros2_wrapper) StderrLine: {'line': b'                 from \x1b[01m\x1b[K/usr/include/eigen3/Eigen/Dense:1\x1b[m\x1b[K,\n'}
[22.383045] (orb_slam3_ros2_wrapper) StderrLine: {'line': b'                 from \x1b[01m\x1b[K/root/colcon_ws/src/orb_slam3_ros2_wrapper/tests/typeConversionsTests.cpp:3\x1b[m\x1b[K:\n'}
[22.383160] (orb_slam3_ros2_wrapper) StderrLine: {'line': b'\x1b[01m\x1b[K/usr/include/eigen3/Eigen/src/Core/util/Constants.h:167:37:\x1b[m\x1b[K \x1b[01;36m\x1b[Knote: \x1b[m\x1b[Kdeclared here\n'}
[22.383274] (orb_slam3_ros2_wrapper) StderrLine: {'line': b'  167 | EIGEN_DEPRECATED const unsigned int \x1b[01;36m\x1b[KAlignedBit\x1b[m\x1b[K = 0x80;\n'}
[22.383386] (orb_slam3_ros2_wrapper) StderrLine: {'line': b'      |                                     \x1b[01;36m\x1b[K^~~~~~~~~~\x1b[m\x1b[K\n'}
[22.383502] (orb_slam3_ros2_wrapper) StderrLine: {'line': b'In file included from \x1b[01m\x1b[K/home/orb/ORB_SLAM3/Thirdparty/g2o/g2o/types/types_six_dof_expmap.h:38\x1b[m\x1b[K,\n'}
[22.383619] (orb_slam3_ros2_wrapper) StderrLine: {'line': b'                 from \x1b[01m\x1b[K/home/orb/ORB_SLAM3/include/Converter.h:26\x1b[m\x1b[K,\n'}
[22.383982] (orb_slam3_ros2_wrapper) StderrLine: {'line': b'                 from \x1b[01m\x1b[K/home/orb/ORB_SLAM3/include/Frame.h:33\x1b[m\x1b[K,\n'}
[22.384101] (orb_slam3_ros2_wrapper) StderrLine: {'line': b'                 from \x1b[01m\x1b[K/home/orb/ORB_SLAM3/include/KeyFrame.h:28\x1b[m\x1b[K,\n'}
[22.384212] (orb_slam3_ros2_wrapper) StderrLine: {'line': b'                 from \x1b[01m\x1b[K/home/orb/ORB_SLAM3/include/MapPoint.h:23\x1b[m\x1b[K,\n'}
[22.384321] (orb_slam3_ros2_wrapper) StderrLine: {'line': b'                 from \x1b[01m\x1b[K/root/colcon_ws/src/orb_slam3_ros2_wrapper/include/orb_slam3_ros2_wrapper/type_conversion.hpp:26\x1b[m\x1b[K,\n'}
[22.384431] (orb_slam3_ros2_wrapper) StderrLine: {'line': b'                 from \x1b[01m\x1b[K/root/colcon_ws/src/orb_slam3_ros2_wrapper/tests/typeConversionsTests.cpp:5\x1b[m\x1b[K:\n'}
[22.384540] (orb_slam3_ros2_wrapper) StderrLine: {'line': b'\x1b[01m\x1b[K/home/orb/ORB_SLAM3/Thirdparty/g2o/g2o/types/../core/base_binary_edge.h:60:80:\x1b[m\x1b[K \x1b[01;35m\x1b[Kwarning: \x1b[m\x1b[K\xe2\x80\x98\x1b[01m\x1b[KEigen::AlignedBit\x1b[m\x1b[K\xe2\x80\x99 is deprecated [\x1b[01;35m\x1b[K-Wdeprecated-declarations\x1b[m\x1b[K]\n'}
[22.384658] (orb_slam3_ros2_wrapper) StderrLine: {'line': b'   60 |       typedef Eigen::Map<Matrix<double, Dj, Di>, Matrix<double, Dj, Di>::\x1b[01;35m\x1b[KFlags & AlignedBit\x1b[m\x1b[K ? Aligned : Unaligned > HessianBlockTransposedType;\n'}
[22.384772] (orb_slam3_ros2_wrapper) StderrLine: {'line': b'      |                                                                          \x1b[01;35m\x1b[K~~~~~~^~~~~~~~~~~~\x1b[m\x1b[K\n'}
[22.384905] (orb_slam3_ros2_wrapper) StderrLine: {'line': b'In file included from \x1b[01m\x1b[K/usr/include/eigen3/Eigen/Core:161\x1b[m\x1b[K,\n'}
[22.385018] (orb_slam3_ros2_wrapper) StderrLine: {'line': b'                 from \x1b[01m\x1b[K/usr/include/eigen3/Eigen/Dense:1\x1b[m\x1b[K,\n'}
[22.385126] (orb_slam3_ros2_wrapper) StderrLine: {'line': b'                 from \x1b[01m\x1b[K/root/colcon_ws/src/orb_slam3_ros2_wrapper/tests/typeConversionsTests.cpp:3\x1b[m\x1b[K:\n'}
[22.385238] (orb_slam3_ros2_wrapper) StderrLine: {'line': b'\x1b[01m\x1b[K/usr/include/eigen3/Eigen/src/Core/util/Constants.h:167:37:\x1b[m\x1b[K \x1b[01;36m\x1b[Knote: \x1b[m\x1b[Kdeclared here\n'}
[22.385349] (orb_slam3_ros2_wrapper) StderrLine: {'line': b'  167 | EIGEN_DEPRECATED const unsigned int \x1b[01;36m\x1b[KAlignedBit\x1b[m\x1b[K = 0x80;\n'}
[22.385459] (orb_slam3_ros2_wrapper) StderrLine: {'line': b'      |                                     \x1b[01;36m\x1b[K^~~~~~~~~~\x1b[m\x1b[K\n'}
[22.385568] (orb_slam3_ros2_wrapper) StderrLine: {'line': b'In file included from \x1b[01m\x1b[K/home/orb/ORB_SLAM3/Thirdparty/g2o/g2o/types/types_six_dof_expmap.h:38\x1b[m\x1b[K,\n'}
[22.385680] (orb_slam3_ros2_wrapper) StderrLine: {'line': b'                 from \x1b[01m\x1b[K/home/orb/ORB_SLAM3/include/Converter.h:26\x1b[m\x1b[K,\n'}
[22.385805] (orb_slam3_ros2_wrapper) StderrLine: {'line': b'                 from \x1b[01m\x1b[K/home/orb/ORB_SLAM3/include/Frame.h:33\x1b[m\x1b[K,\n'}
[22.385933] (orb_slam3_ros2_wrapper) StderrLine: {'line': b'                 from \x1b[01m\x1b[K/home/orb/ORB_SLAM3/include/KeyFrame.h:28\x1b[m\x1b[K,\n'}
[22.386116] (orb_slam3_ros2_wrapper) StderrLine: {'line': b'                 from \x1b[01m\x1b[K/home/orb/ORB_SLAM3/include/MapPoint.h:23\x1b[m\x1b[K,\n'}
[22.386296] (orb_slam3_ros2_wrapper) StderrLine: {'line': b'                 from \x1b[01m\x1b[K/root/colcon_ws/src/orb_slam3_ros2_wrapper/include/orb_slam3_ros2_wrapper/type_conversion.hpp:26\x1b[m\x1b[K,\n'}
[22.386434] (orb_slam3_ros2_wrapper) StderrLine: {'line': b'                 from \x1b[01m\x1b[K/root/colcon_ws/src/orb_slam3_ros2_wrapper/src/rgbd/rgbd-slam-node.hpp:40\x1b[m\x1b[K,\n'}
[22.386546] (orb_slam3_ros2_wrapper) StderrLine: {'line': b'                 from \x1b[01m\x1b[K/root/colcon_ws/src/orb_slam3_ros2_wrapper/src/rgbd/rgbd-slam-node.cpp:6\x1b[m\x1b[K:\n'}
[22.386654] (orb_slam3_ros2_wrapper) StderrLine: {'line': b'\x1b[01m\x1b[K/home/orb/ORB_SLAM3/Thirdparty/g2o/g2o/types/../core/base_binary_edge.h:60:80:\x1b[m\x1b[K \x1b[01;35m\x1b[Kwarning: \x1b[m\x1b[K\xe2\x80\x98\x1b[01m\x1b[KEigen::AlignedBit\x1b[m\x1b[K\xe2\x80\x99 is deprecated [\x1b[01;35m\x1b[K-Wdeprecated-declarations\x1b[m\x1b[K]\n'}
[22.386796] (orb_slam3_ros2_wrapper) StderrLine: {'line': b'   60 |       typedef Eigen::Map<Matrix<double, Dj, Di>, Matrix<double, Dj, Di>::\x1b[01;35m\x1b[KFlags & AlignedBit\x1b[m\x1b[K ? Aligned : Unaligned > HessianBlockTransposedType;\n'}
[22.386922] (orb_slam3_ros2_wrapper) StderrLine: {'line': b'      |                                                                          \x1b[01;35m\x1b[K~~~~~~^~~~~~~~~~~~\x1b[m\x1b[K\n'}
[22.387032] (orb_slam3_ros2_wrapper) StderrLine: {'line': b'In file included from \x1b[01m\x1b[K/usr/include/eigen3/Eigen/Core:161\x1b[m\x1b[K,\n'}
[22.387142] (orb_slam3_ros2_wrapper) StderrLine: {'line': b'                 from \x1b[01m\x1b[K/root/colcon_ws/src/orb_slam3_ros2_wrapper/include/orb_slam3_ros2_wrapper/type_conversion.hpp:10\x1b[m\x1b[K,\n'}
[22.387255] (orb_slam3_ros2_wrapper) StderrLine: {'line': b'                 from \x1b[01m\x1b[K/root/colcon_ws/src/orb_slam3_ros2_wrapper/src/rgbd/rgbd-slam-node.hpp:40\x1b[m\x1b[K,\n'}
[22.387378] (orb_slam3_ros2_wrapper) StderrLine: {'line': b'                 from \x1b[01m\x1b[K/root/colcon_ws/src/orb_slam3_ros2_wrapper/src/rgbd/rgbd-slam-node.cpp:6\x1b[m\x1b[K:\n'}
[22.387498] (orb_slam3_ros2_wrapper) StderrLine: {'line': b'\x1b[01m\x1b[K/usr/include/eigen3/Eigen/src/Core/util/Constants.h:167:37:\x1b[m\x1b[K \x1b[01;36m\x1b[Knote: \x1b[m\x1b[Kdeclared here\n'}
[22.387609] (orb_slam3_ros2_wrapper) StderrLine: {'line': b'  167 | EIGEN_DEPRECATED const unsigned int \x1b[01;36m\x1b[KAlignedBit\x1b[m\x1b[K = 0x80;\n'}
[22.387718] (orb_slam3_ros2_wrapper) StderrLine: {'line': b'      |                                     \x1b[01;36m\x1b[K^~~~~~~~~~\x1b[m\x1b[K\n'}
[22.425590] (-) TimerEvent: {}
[22.471816] (orb_slam3_ros2_wrapper) StderrLine: {'line': b'In file included from \x1b[01m\x1b[K/home/orb/ORB_SLAM3/Thirdparty/g2o/g2o/types/types_six_dof_expmap.h:38\x1b[m\x1b[K,\n'}
[22.471985] (orb_slam3_ros2_wrapper) StderrLine: {'line': b'                 from \x1b[01m\x1b[K/home/orb/ORB_SLAM3/include/Converter.h:26\x1b[m\x1b[K,\n'}
[22.472054] (orb_slam3_ros2_wrapper) StderrLine: {'line': b'                 from \x1b[01m\x1b[K/home/orb/ORB_SLAM3/include/Frame.h:33\x1b[m\x1b[K,\n'}
[22.472113] (orb_slam3_ros2_wrapper) StderrLine: {'line': b'                 from \x1b[01m\x1b[K/home/orb/ORB_SLAM3/include/KeyFrame.h:28\x1b[m\x1b[K,\n'}
[22.472169] (orb_slam3_ros2_wrapper) StderrLine: {'line': b'                 from \x1b[01m\x1b[K/home/orb/ORB_SLAM3/include/MapPoint.h:23\x1b[m\x1b[K,\n'}
[22.472225] (orb_slam3_ros2_wrapper) StderrLine: {'line': b'                 from \x1b[01m\x1b[K/root/colcon_ws/src/orb_slam3_ros2_wrapper/include/orb_slam3_ros2_wrapper/type_conversion.hpp:26\x1b[m\x1b[K,\n'}
[22.472282] (orb_slam3_ros2_wrapper) StderrLine: {'line': b'                 from \x1b[01m\x1b[K/root/colcon_ws/src/orb_slam3_ros2_wrapper/tests/typeConversionsTests.cpp:5\x1b[m\x1b[K:\n'}
[22.472360] (orb_slam3_ros2_wrapper) StderrLine: {'line': b'/home/orb/ORB_SLAM3/Thirdparty/g2o/g2o/types/../core/base_binary_edge.h: In instantiation of \xe2\x80\x98\x1b[01m\x1b[Kclass g2o::BaseBinaryEdge<2, Eigen::Matrix<double, 2, 1>, g2o::VertexSBAPointXYZ, g2o::VertexSim3Expmap>\x1b[m\x1b[K\xe2\x80\x99:\n'}
[22.472459] (orb_slam3_ros2_wrapper) StderrLine: {'line': b'\x1b[01m\x1b[K/home/orb/ORB_SLAM3/Thirdparty/g2o/g2o/types/types_seven_dof_expmap.h:130:36:\x1b[m\x1b[K   required from here\n'}
[22.472555] (orb_slam3_ros2_wrapper) StderrLine: {'line': b'\x1b[01m\x1b[K/home/orb/ORB_SLAM3/Thirdparty/g2o/g2o/types/../core/base_binary_edge.h:59:80:\x1b[m\x1b[K \x1b[01;35m\x1b[Kwarning: \x1b[m\x1b[K\xe2\x80\x98\x1b[01m\x1b[KEigen::AlignedBit\x1b[m\x1b[K\xe2\x80\x99 is deprecated [\x1b[01;35m\x1b[K-Wdeprecated-declarations\x1b[m\x1b[K]\n'}
[22.472626] (orb_slam3_ros2_wrapper) StderrLine: {'line': b'   59 |       typedef Eigen::Map<Matrix<double, Di, Dj>, Matrix<double, Di, Dj>::\x1b[01;35m\x1b[KFlags & AlignedBit\x1b[m\x1b[K ? Aligned : Unaligned > HessianBlockType;\n'}
[22.472684] (orb_slam3_ros2_wrapper) StderrLine: {'line': b'      |                                                                          \x1b[01;35m\x1b[K~~~~~~^~~~~~~~~~~~\x1b[m\x1b[K\n'}
[22.472740] (orb_slam3_ros2_wrapper) StderrLine: {'line': b'In file included from \x1b[01m\x1b[K/usr/include/eigen3/Eigen/Core:161\x1b[m\x1b[K,\n'}
[22.472810] (orb_slam3_ros2_wrapper) StderrLine: {'line': b'                 from \x1b[01m\x1b[K/usr/include/eigen3/Eigen/Dense:1\x1b[m\x1b[K,\n'}
[22.472876] (orb_slam3_ros2_wrapper) StderrLine: {'line': b'                 from \x1b[01m\x1b[K/root/colcon_ws/src/orb_slam3_ros2_wrapper/tests/typeConversionsTests.cpp:3\x1b[m\x1b[K:\n'}
[22.472932] (orb_slam3_ros2_wrapper) StderrLine: {'line': b'\x1b[01m\x1b[K/usr/include/eigen3/Eigen/src/Core/util/Constants.h:167:37:\x1b[m\x1b[K \x1b[01;36m\x1b[Knote: \x1b[m\x1b[Kdeclared here\n'}
[22.472989] (orb_slam3_ros2_wrapper) StderrLine: {'line': b'  167 | EIGEN_DEPRECATED const unsigned int \x1b[01;36m\x1b[KAlignedBit\x1b[m\x1b[K = 0x80;\n'}
[22.473044] (orb_slam3_ros2_wrapper) StderrLine: {'line': b'      |                                     \x1b[01;36m\x1b[K^~~~~~~~~~\x1b[m\x1b[K\n'}
[22.506074] (orb_slam3_ros2_wrapper) StderrLine: {'line': b'In file included from \x1b[01m\x1b[K/home/orb/ORB_SLAM3/Thirdparty/g2o/g2o/types/types_six_dof_expmap.h:38\x1b[m\x1b[K,\n'}
[22.506338] (orb_slam3_ros2_wrapper) StderrLine: {'line': b'                 from \x1b[01m\x1b[K/home/orb/ORB_SLAM3/include/Converter.h:26\x1b[m\x1b[K,\n'}
[22.506475] (orb_slam3_ros2_wrapper) StderrLine: {'line': b'                 from \x1b[01m\x1b[K/home/orb/ORB_SLAM3/include/Frame.h:33\x1b[m\x1b[K,\n'}
[22.506602] (orb_slam3_ros2_wrapper) StderrLine: {'line': b'                 from \x1b[01m\x1b[K/home/orb/ORB_SLAM3/include/KeyFrame.h:28\x1b[m\x1b[K,\n'}
[22.506720] (orb_slam3_ros2_wrapper) StderrLine: {'line': b'                 from \x1b[01m\x1b[K/home/orb/ORB_SLAM3/include/MapPoint.h:23\x1b[m\x1b[K,\n'}
[22.506856] (orb_slam3_ros2_wrapper) StderrLine: {'line': b'                 from \x1b[01m\x1b[K/root/colcon_ws/src/orb_slam3_ros2_wrapper/include/orb_slam3_ros2_wrapper/type_conversion.hpp:26\x1b[m\x1b[K,\n'}
[22.506935] (orb_slam3_ros2_wrapper) StderrLine: {'line': b'                 from \x1b[01m\x1b[K/root/colcon_ws/src/orb_slam3_ros2_wrapper/tests/typeConversionsTests.cpp:5\x1b[m\x1b[K:\n'}
[22.507003] (orb_slam3_ros2_wrapper) StderrLine: {'line': b'\x1b[01m\x1b[K/home/orb/ORB_SLAM3/Thirdparty/g2o/g2o/types/../core/base_binary_edge.h:60:80:\x1b[m\x1b[K \x1b[01;35m\x1b[Kwarning: \x1b[m\x1b[K\xe2\x80\x98\x1b[01m\x1b[KEigen::AlignedBit\x1b[m\x1b[K\xe2\x80\x99 is deprecated [\x1b[01;35m\x1b[K-Wdeprecated-declarations\x1b[m\x1b[K]\n'}
[22.507078] (orb_slam3_ros2_wrapper) StderrLine: {'line': b'   60 |       typedef Eigen::Map<Matrix<double, Dj, Di>, Matrix<double, Dj, Di>::\x1b[01;35m\x1b[KFlags & AlignedBit\x1b[m\x1b[K ? Aligned : Unaligned > HessianBlockTransposedType;\n'}
[22.507190] (orb_slam3_ros2_wrapper) StderrLine: {'line': b'      |                                                                          \x1b[01;35m\x1b[K~~~~~~^~~~~~~~~~~~\x1b[m\x1b[K\n'}
[22.507265] (orb_slam3_ros2_wrapper) StderrLine: {'line': b'In file included from \x1b[01m\x1b[K/usr/include/eigen3/Eigen/Core:161\x1b[m\x1b[K,\n'}
[22.507323] (orb_slam3_ros2_wrapper) StderrLine: {'line': b'                 from \x1b[01m\x1b[K/usr/include/eigen3/Eigen/Dense:1\x1b[m\x1b[K,\n'}
[22.507379] (orb_slam3_ros2_wrapper) StderrLine: {'line': b'                 from \x1b[01m\x1b[K/root/colcon_ws/src/orb_slam3_ros2_wrapper/tests/typeConversionsTests.cpp:3\x1b[m\x1b[K:\n'}
[22.507450] (orb_slam3_ros2_wrapper) StderrLine: {'line': b'\x1b[01m\x1b[K/usr/include/eigen3/Eigen/src/Core/util/Constants.h:167:37:\x1b[m\x1b[K \x1b[01;36m\x1b[Knote: \x1b[m\x1b[Kdeclared here\n'}
[22.507508] (orb_slam3_ros2_wrapper) StderrLine: {'line': b'  167 | EIGEN_DEPRECATED const unsigned int \x1b[01;36m\x1b[KAlignedBit\x1b[m\x1b[K = 0x80;\n'}
[22.507629] (orb_slam3_ros2_wrapper) StderrLine: {'line': b'      |                                     \x1b[01;36m\x1b[K^~~~~~~~~~\x1b[m\x1b[K\n'}
[22.525726] (-) TimerEvent: {}
[22.626059] (-) TimerEvent: {}
[22.726716] (-) TimerEvent: {}
[22.802819] (orb_slam3_ros2_wrapper) StderrLine: {'line': b'In file included from \x1b[01m\x1b[K/home/orb/ORB_SLAM3/include/Atlas.h:26\x1b[m\x1b[K,\n'}
[22.803422] (orb_slam3_ros2_wrapper) StderrLine: {'line': b'                 from \x1b[01m\x1b[K/home/orb/ORB_SLAM3/include/FrameDrawer.h:25\x1b[m\x1b[K,\n'}
[22.803596] (orb_slam3_ros2_wrapper) StderrLine: {'line': b'                 from \x1b[01m\x1b[K/home/orb/ORB_SLAM3/include/Viewer.h:23\x1b[m\x1b[K,\n'}
[22.803712] (orb_slam3_ros2_wrapper) StderrLine: {'line': b'                 from \x1b[01m\x1b[K/home/orb/ORB_SLAM3/include/Tracking.h:26\x1b[m\x1b[K,\n'}
[22.803833] (orb_slam3_ros2_wrapper) StderrLine: {'line': b'                 from \x1b[01m\x1b[K/home/orb/ORB_SLAM3/include/System.h:31\x1b[m\x1b[K,\n'}
[22.803942] (orb_slam3_ros2_wrapper) StderrLine: {'line': b'                 from \x1b[01m\x1b[K/root/colcon_ws/src/orb_slam3_ros2_wrapper/include/orb_slam3_ros2_wrapper/orb_slam3_interface.hpp:28\x1b[m\x1b[K,\n'}
[22.804056] (orb_slam3_ros2_wrapper) StderrLine: {'line': b'                 from \x1b[01m\x1b[K/root/colcon_ws/src/orb_slam3_ros2_wrapper/src/orb_slam3_interface.cpp:6\x1b[m\x1b[K:\n'}
[22.804159] (orb_slam3_ros2_wrapper) StderrLine: {'line': b'\x1b[01m\x1b[K/home/orb/ORB_SLAM3/include/CameraModels/Pinhole.h:\x1b[m\x1b[K In member function \xe2\x80\x98\x1b[01m\x1b[Kvirtual bool ORB_SLAM3::Pinhole::matchAndtriangulate(const cv::KeyPoint&, const cv::KeyPoint&, ORB_SLAM3::GeometricCamera*, Sophus::SE3f&, Sophus::SE3f&, float, float, Eigen::Vector3f&)\x1b[m\x1b[K\xe2\x80\x99:\n'}
[22.806324] (orb_slam3_ros2_wrapper) StderrLine: {'line': b'\x1b[01m\x1b[K/home/orb/ORB_SLAM3/include/CameraModels/Pinhole.h:83:54:\x1b[m\x1b[K \x1b[01;35m\x1b[Kwarning: \x1b[m\x1b[Kunused parameter \xe2\x80\x98\x1b[01m\x1b[Kkp1\x1b[m\x1b[K\xe2\x80\x99 [\x1b[01;35m\x1b[K-Wunused-parameter\x1b[m\x1b[K]\n'}
[22.806945] (orb_slam3_ros2_wrapper) StderrLine: {'line': b'   83 |         bool matchAndtriangulate(\x1b[01;35m\x1b[Kconst cv::KeyPoint& kp1\x1b[m\x1b[K, const cv::KeyPoint& kp2, GeometricCamera* pOther,\n'}
[22.807108] (orb_slam3_ros2_wrapper) StderrLine: {'line': b'      |                                  \x1b[01;35m\x1b[K~~~~~~~~~~~~~~~~~~~~^~~\x1b[m\x1b[K\n'}
[22.807829] (orb_slam3_ros2_wrapper) StderrLine: {'line': b'\x1b[01m\x1b[K/home/orb/ORB_SLAM3/include/CameraModels/Pinhole.h:83:79:\x1b[m\x1b[K \x1b[01;35m\x1b[Kwarning: \x1b[m\x1b[Kunused parameter \xe2\x80\x98\x1b[01m\x1b[Kkp2\x1b[m\x1b[K\xe2\x80\x99 [\x1b[01;35m\x1b[K-Wunused-parameter\x1b[m\x1b[K]\n'}
[22.808109] (orb_slam3_ros2_wrapper) StderrLine: {'line': b'   83 |         bool matchAndtriangulate(const cv::KeyPoint& kp1, \x1b[01;35m\x1b[Kconst cv::KeyPoint& kp2\x1b[m\x1b[K, GeometricCamera* pOther,\n'}
[22.809219] (orb_slam3_ros2_wrapper) StderrLine: {'line': b'      |                                                           \x1b[01;35m\x1b[K~~~~~~~~~~~~~~~~~~~~^~~\x1b[m\x1b[K\n'}
[22.809426] (orb_slam3_ros2_wrapper) StderrLine: {'line': b'\x1b[01m\x1b[K/home/orb/ORB_SLAM3/include/CameraModels/Pinhole.h:83:101:\x1b[m\x1b[K \x1b[01;35m\x1b[Kwarning: \x1b[m\x1b[Kunused parameter \xe2\x80\x98\x1b[01m\x1b[KpOther\x1b[m\x1b[K\xe2\x80\x99 [\x1b[01;35m\x1b[K-Wunused-parameter\x1b[m\x1b[K]\n'}
[22.809547] (orb_slam3_ros2_wrapper) StderrLine: {'line': b'   83 |         bool matchAndtriangulate(const cv::KeyPoint& kp1, const cv::KeyPoint& kp2, \x1b[01;35m\x1b[KGeometricCamera* pOther\x1b[m\x1b[K,\n'}
[22.809650] (orb_slam3_ros2_wrapper) StderrLine: {'line': b'      |                                                                                    \x1b[01;35m\x1b[K~~~~~~~~~~~~~~~~~^~~~~~\x1b[m\x1b[K\n'}
[22.809765] (orb_slam3_ros2_wrapper) StderrLine: {'line': b'\x1b[01m\x1b[K/home/orb/ORB_SLAM3/include/CameraModels/Pinhole.h:84:48:\x1b[m\x1b[K \x1b[01;35m\x1b[Kwarning: \x1b[m\x1b[Kunused parameter \xe2\x80\x98\x1b[01m\x1b[KTcw1\x1b[m\x1b[K\xe2\x80\x99 [\x1b[01;35m\x1b[K-Wunused-parameter\x1b[m\x1b[K]\n'}
[22.809915] (orb_slam3_ros2_wrapper) StderrLine: {'line': b'   84 |                                  \x1b[01;35m\x1b[KSophus::SE3f& Tcw1\x1b[m\x1b[K, Sophus::SE3f& Tcw2,\n'}
[22.810038] (orb_slam3_ros2_wrapper) StderrLine: {'line': b'      |                                  \x1b[01;35m\x1b[K~~~~~~~~~~~~~~^~~~\x1b[m\x1b[K\n'}
[22.810144] (orb_slam3_ros2_wrapper) StderrLine: {'line': b'\x1b[01m\x1b[K/home/orb/ORB_SLAM3/include/CameraModels/Pinhole.h:84:68:\x1b[m\x1b[K \x1b[01;35m\x1b[Kwarning: \x1b[m\x1b[Kunused parameter \xe2\x80\x98\x1b[01m\x1b[KTcw2\x1b[m\x1b[K\xe2\x80\x99 [\x1b[01;35m\x1b[K-Wunused-parameter\x1b[m\x1b[K]\n'}
[22.810419] (orb_slam3_ros2_wrapper) StderrLine: {'line': b'   84 |                                  Sophus::SE3f& Tcw1, \x1b[01;35m\x1b[KSophus::SE3f& Tcw2\x1b[m\x1b[K,\n'}
[22.810537] (orb_slam3_ros2_wrapper) StderrLine: {'line': b'      |                                                      \x1b[01;35m\x1b[K~~~~~~~~~~~~~~^~~~\x1b[m\x1b[K\n'}
[22.810648] (orb_slam3_ros2_wrapper) StderrLine: {'line': b'\x1b[01m\x1b[K/home/orb/ORB_SLAM3/include/CameraModels/Pinhole.h:85:46:\x1b[m\x1b[K \x1b[01;35m\x1b[Kwarning: \x1b[m\x1b[Kunused parameter \xe2\x80\x98\x1b[01m\x1b[KsigmaLevel1\x1b[m\x1b[K\xe2\x80\x99 [\x1b[01;35m\x1b[K-Wunused-parameter\x1b[m\x1b[K]\n'}
[22.810761] (orb_slam3_ros2_wrapper) StderrLine: {'line': b'   85 |                                  \x1b[01;35m\x1b[Kconst float sigmaLevel1\x1b[m\x1b[K, const float sigmaLevel2,\n'}
[22.810893] (orb_slam3_ros2_wrapper) StderrLine: {'line': b'      |                                  \x1b[01;35m\x1b[K~~~~~~~~~~~~^~~~~~~~~~~\x1b[m\x1b[K\n'}
[22.811005] (orb_slam3_ros2_wrapper) StderrLine: {'line': b'\x1b[01m\x1b[K/home/orb/ORB_SLAM3/include/CameraModels/Pinhole.h:85:71:\x1b[m\x1b[K \x1b[01;35m\x1b[Kwarning: \x1b[m\x1b[Kunused parameter \xe2\x80\x98\x1b[01m\x1b[KsigmaLevel2\x1b[m\x1b[K\xe2\x80\x99 [\x1b[01;35m\x1b[K-Wunused-parameter\x1b[m\x1b[K]\n'}
[22.811113] (orb_slam3_ros2_wrapper) StderrLine: {'line': b'   85 |                                  const float sigmaLevel1, \x1b[01;35m\x1b[Kconst float sigmaLevel2\x1b[m\x1b[K,\n'}
[22.811234] (orb_slam3_ros2_wrapper) StderrLine: {'line': b'      |                                                           \x1b[01;35m\x1b[K~~~~~~~~~~~~^~~~~~~~~~~\x1b[m\x1b[K\n'}
[22.811348] (orb_slam3_ros2_wrapper) StderrLine: {'line': b'\x1b[01m\x1b[K/home/orb/ORB_SLAM3/include/CameraModels/Pinhole.h:86:51:\x1b[m\x1b[K \x1b[01;35m\x1b[Kwarning: \x1b[m\x1b[Kunused parameter \xe2\x80\x98\x1b[01m\x1b[Kx3Dtriangulated\x1b[m\x1b[K\xe2\x80\x99 [\x1b[01;35m\x1b[K-Wunused-parameter\x1b[m\x1b[K]\n'}
[22.811465] (orb_slam3_ros2_wrapper) StderrLine: {'line': b'   86 |                                  \x1b[01;35m\x1b[KEigen::Vector3f& x3Dtriangulated\x1b[m\x1b[K) { return false;}\n'}
[22.811580] (orb_slam3_ros2_wrapper) StderrLine: {'line': b'      |                                  \x1b[01;35m\x1b[K~~~~~~~~~~~~~~~~~^~~~~~~~~~~~~~~\x1b[m\x1b[K\n'}
[22.811695] (orb_slam3_ros2_wrapper) StderrLine: {'line': b'In file included from \x1b[01m\x1b[K/home/orb/ORB_SLAM3/include/Atlas.h:27\x1b[m\x1b[K,\n'}
[22.811840] (orb_slam3_ros2_wrapper) StderrLine: {'line': b'                 from \x1b[01m\x1b[K/home/orb/ORB_SLAM3/include/FrameDrawer.h:25\x1b[m\x1b[K,\n'}
[22.811963] (orb_slam3_ros2_wrapper) StderrLine: {'line': b'                 from \x1b[01m\x1b[K/home/orb/ORB_SLAM3/include/Viewer.h:23\x1b[m\x1b[K,\n'}
[22.812072] (orb_slam3_ros2_wrapper) StderrLine: {'line': b'                 from \x1b[01m\x1b[K/home/orb/ORB_SLAM3/include/Tracking.h:26\x1b[m\x1b[K,\n'}
[22.812179] (orb_slam3_ros2_wrapper) StderrLine: {'line': b'                 from \x1b[01m\x1b[K/home/orb/ORB_SLAM3/include/System.h:31\x1b[m\x1b[K,\n'}
[22.812285] (orb_slam3_ros2_wrapper) StderrLine: {'line': b'                 from \x1b[01m\x1b[K/root/colcon_ws/src/orb_slam3_ros2_wrapper/include/orb_slam3_ros2_wrapper/orb_slam3_interface.hpp:28\x1b[m\x1b[K,\n'}
[22.812412] (orb_slam3_ros2_wrapper) StderrLine: {'line': b'                 from \x1b[01m\x1b[K/root/colcon_ws/src/orb_slam3_ros2_wrapper/src/orb_slam3_interface.cpp:6\x1b[m\x1b[K:\n'}
[22.812508] (orb_slam3_ros2_wrapper) StderrLine: {'line': b'\x1b[01m\x1b[K/home/orb/ORB_SLAM3/include/CameraModels/KannalaBrandt8.h:\x1b[m\x1b[K In constructor \xe2\x80\x98\x1b[01m\x1b[KORB_SLAM3::KannalaBrandt8::KannalaBrandt8(std::vector<float>)\x1b[m\x1b[K\xe2\x80\x99:\n'}
[22.812609] (orb_slam3_ros2_wrapper) StderrLine: {'line': b'\x1b[01m\x1b[K/home/orb/ORB_SLAM3/include/CameraModels/KannalaBrandt8.h:102:21:\x1b[m\x1b[K \x1b[01;35m\x1b[Kwarning: \x1b[m\x1b[K\xe2\x80\x98\x1b[01m\x1b[KORB_SLAM3::KannalaBrandt8::precision\x1b[m\x1b[K\xe2\x80\x99 will be initialized after [\x1b[01;35m\x1b[K-Wreorder\x1b[m\x1b[K]\n'}
[22.812711] (orb_slam3_ros2_wrapper) StderrLine: {'line': b'  102 |         const float \x1b[01;35m\x1b[Kprecision\x1b[m\x1b[K;\n'}
[22.812825] (orb_slam3_ros2_wrapper) StderrLine: {'line': b'      |                     \x1b[01;35m\x1b[K^~~~~~~~~\x1b[m\x1b[K\n'}
[22.812933] (orb_slam3_ros2_wrapper) StderrLine: {'line': b'\x1b[01m\x1b[K/home/orb/ORB_SLAM3/include/CameraModels/KannalaBrandt8.h:88:26:\x1b[m\x1b[K \x1b[01;35m\x1b[Kwarning: \x1b[m\x1b[K  \xe2\x80\x98\x1b[01m\x1b[Kstd::vector<int> ORB_SLAM3::KannalaBrandt8::mvLappingArea\x1b[m\x1b[K\xe2\x80\x99 [\x1b[01;35m\x1b[K-Wreorder\x1b[m\x1b[K]\n'}
[22.813041] (orb_slam3_ros2_wrapper) StderrLine: {'line': b'   88 |         std::vector<int> \x1b[01;35m\x1b[KmvLappingArea\x1b[m\x1b[K;\n'}
[22.813141] (orb_slam3_ros2_wrapper) StderrLine: {'line': b'      |                          \x1b[01;35m\x1b[K^~~~~~~~~~~~~\x1b[m\x1b[K\n'}
[22.813241] (orb_slam3_ros2_wrapper) StderrLine: {'line': b'In file included from \x1b[01m\x1b[K/home/orb/ORB_SLAM3/include/Atlas.h:27\x1b[m\x1b[K,\n'}
[22.813343] (orb_slam3_ros2_wrapper) StderrLine: {'line': b'                 from \x1b[01m\x1b[K/home/orb/ORB_SLAM3/include/FrameDrawer.h:25\x1b[m\x1b[K,\n'}
[22.813446] (orb_slam3_ros2_wrapper) StderrLine: {'line': b'                 from \x1b[01m\x1b[K/home/orb/ORB_SLAM3/include/Viewer.h:23\x1b[m\x1b[K,\n'}
[22.813547] (orb_slam3_ros2_wrapper) StderrLine: {'line': b'                 from \x1b[01m\x1b[K/home/orb/ORB_SLAM3/include/Tracking.h:26\x1b[m\x1b[K,\n'}
[22.813652] (orb_slam3_ros2_wrapper) StderrLine: {'line': b'                 from \x1b[01m\x1b[K/home/orb/ORB_SLAM3/include/System.h:31\x1b[m\x1b[K,\n'}
[22.813759] (orb_slam3_ros2_wrapper) StderrLine: {'line': b'                 from \x1b[01m\x1b[K/root/colcon_ws/src/orb_slam3_ros2_wrapper/include/orb_slam3_ros2_wrapper/orb_slam3_interface.hpp:28\x1b[m\x1b[K,\n'}
[22.814139] (orb_slam3_ros2_wrapper) StderrLine: {'line': b'                 from \x1b[01m\x1b[K/root/colcon_ws/src/orb_slam3_ros2_wrapper/src/orb_slam3_interface.cpp:6\x1b[m\x1b[K:\n'}
[22.814282] (orb_slam3_ros2_wrapper) StderrLine: {'line': b'\x1b[01m\x1b[K/home/orb/ORB_SLAM3/include/CameraModels/KannalaBrandt8.h:47:9:\x1b[m\x1b[K \x1b[01;35m\x1b[Kwarning: \x1b[m\x1b[K  when initialized here [\x1b[01;35m\x1b[K-Wreorder\x1b[m\x1b[K]\n'}
[22.814406] (orb_slam3_ros2_wrapper) StderrLine: {'line': b'   47 |         \x1b[01;35m\x1b[KKannalaBrandt8\x1b[m\x1b[K(const std::vector<float> _vParameters) : GeometricCamera(_vParameters), precision(1e-6), mvLappingArea(2,0) ,tvr(nullptr) {\n'}
[22.814534] (orb_slam3_ros2_wrapper) StderrLine: {'line': b'      |         \x1b[01;35m\x1b[K^~~~~~~~~~~~~~\x1b[m\x1b[K\n'}
[22.814658] (orb_slam3_ros2_wrapper) StderrLine: {'line': b'In file included from \x1b[01m\x1b[K/home/orb/ORB_SLAM3/include/Atlas.h:27\x1b[m\x1b[K,\n'}
[22.814769] (orb_slam3_ros2_wrapper) StderrLine: {'line': b'                 from \x1b[01m\x1b[K/home/orb/ORB_SLAM3/include/FrameDrawer.h:25\x1b[m\x1b[K,\n'}
[22.814906] (orb_slam3_ros2_wrapper) StderrLine: {'line': b'                 from \x1b[01m\x1b[K/home/orb/ORB_SLAM3/include/Viewer.h:23\x1b[m\x1b[K,\n'}
[22.815036] (orb_slam3_ros2_wrapper) StderrLine: {'line': b'                 from \x1b[01m\x1b[K/home/orb/ORB_SLAM3/include/Tracking.h:26\x1b[m\x1b[K,\n'}
[22.815152] (orb_slam3_ros2_wrapper) StderrLine: {'line': b'                 from \x1b[01m\x1b[K/home/orb/ORB_SLAM3/include/System.h:31\x1b[m\x1b[K,\n'}
[22.815261] (orb_slam3_ros2_wrapper) StderrLine: {'line': b'                 from \x1b[01m\x1b[K/root/colcon_ws/src/orb_slam3_ros2_wrapper/include/orb_slam3_ros2_wrapper/orb_slam3_interface.hpp:28\x1b[m\x1b[K,\n'}
[22.815371] (orb_slam3_ros2_wrapper) StderrLine: {'line': b'                 from \x1b[01m\x1b[K/root/colcon_ws/src/orb_slam3_ros2_wrapper/src/orb_slam3_interface.cpp:6\x1b[m\x1b[K:\n'}
[22.815492] (orb_slam3_ros2_wrapper) StderrLine: {'line': b'\x1b[01m\x1b[K/home/orb/ORB_SLAM3/include/CameraModels/KannalaBrandt8.h:\x1b[m\x1b[K In constructor \xe2\x80\x98\x1b[01m\x1b[KORB_SLAM3::KannalaBrandt8::KannalaBrandt8(std::vector<float>, float)\x1b[m\x1b[K\xe2\x80\x99:\n'}
[22.815635] (orb_slam3_ros2_wrapper) StderrLine: {'line': b'\x1b[01m\x1b[K/home/orb/ORB_SLAM3/include/CameraModels/KannalaBrandt8.h:102:21:\x1b[m\x1b[K \x1b[01;35m\x1b[Kwarning: \x1b[m\x1b[K\xe2\x80\x98\x1b[01m\x1b[KORB_SLAM3::KannalaBrandt8::precision\x1b[m\x1b[K\xe2\x80\x99 will be initialized after [\x1b[01;35m\x1b[K-Wreorder\x1b[m\x1b[K]\n'}
[22.815757] (orb_slam3_ros2_wrapper) StderrLine: {'line': b'  102 |         const float \x1b[01;35m\x1b[Kprecision\x1b[m\x1b[K;\n'}
[22.815897] (orb_slam3_ros2_wrapper) StderrLine: {'line': b'      |                     \x1b[01;35m\x1b[K^~~~~~~~~\x1b[m\x1b[K\n'}
[22.816018] (orb_slam3_ros2_wrapper) StderrLine: {'line': b'\x1b[01m\x1b[K/home/orb/ORB_SLAM3/include/CameraModels/KannalaBrandt8.h:88:26:\x1b[m\x1b[K \x1b[01;35m\x1b[Kwarning: \x1b[m\x1b[K  \xe2\x80\x98\x1b[01m\x1b[Kstd::vector<int> ORB_SLAM3::KannalaBrandt8::mvLappingArea\x1b[m\x1b[K\xe2\x80\x99 [\x1b[01;35m\x1b[K-Wreorder\x1b[m\x1b[K]\n'}
[22.816138] (orb_slam3_ros2_wrapper) StderrLine: {'line': b'   88 |         std::vector<int> \x1b[01;35m\x1b[KmvLappingArea\x1b[m\x1b[K;\n'}
[22.816258] (orb_slam3_ros2_wrapper) StderrLine: {'line': b'      |                          \x1b[01;35m\x1b[K^~~~~~~~~~~~~\x1b[m\x1b[K\n'}
[22.816378] (orb_slam3_ros2_wrapper) StderrLine: {'line': b'\x1b[01m\x1b[K/home/orb/ORB_SLAM3/include/CameraModels/KannalaBrandt8.h:53:9:\x1b[m\x1b[K \x1b[01;35m\x1b[Kwarning: \x1b[m\x1b[K  when initialized here [\x1b[01;35m\x1b[K-Wreorder\x1b[m\x1b[K]\n'}
[22.816513] (orb_slam3_ros2_wrapper) StderrLine: {'line': b'   53 |         \x1b[01;35m\x1b[KKannalaBrandt8\x1b[m\x1b[K(const std::vector<float> _vParameters, const float _precision) : GeometricCamera(_vParameters),\n'}
[22.816626] (orb_slam3_ros2_wrapper) StderrLine: {'line': b'      |         \x1b[01;35m\x1b[K^~~~~~~~~~~~~~\x1b[m\x1b[K\n'}
[22.816737] (orb_slam3_ros2_wrapper) StderrLine: {'line': b'\x1b[01m\x1b[K/home/orb/ORB_SLAM3/include/CameraModels/KannalaBrandt8.h:\x1b[m\x1b[K In constructor \xe2\x80\x98\x1b[01m\x1b[KORB_SLAM3::KannalaBrandt8::KannalaBrandt8(ORB_SLAM3::KannalaBrandt8*)\x1b[m\x1b[K\xe2\x80\x99:\n'}
[22.816877] (orb_slam3_ros2_wrapper) StderrLine: {'line': b'\x1b[01m\x1b[K/home/orb/ORB_SLAM3/include/CameraModels/KannalaBrandt8.h:102:21:\x1b[m\x1b[K \x1b[01;35m\x1b[Kwarning: \x1b[m\x1b[K\xe2\x80\x98\x1b[01m\x1b[KORB_SLAM3::KannalaBrandt8::precision\x1b[m\x1b[K\xe2\x80\x99 will be initialized after [\x1b[01;35m\x1b[K-Wreorder\x1b[m\x1b[K]\n'}
[22.817008] (orb_slam3_ros2_wrapper) StderrLine: {'line': b'  102 |         const float \x1b[01;35m\x1b[Kprecision\x1b[m\x1b[K;\n'}
[22.817121] (orb_slam3_ros2_wrapper) StderrLine: {'line': b'      |                     \x1b[01;35m\x1b[K^~~~~~~~~\x1b[m\x1b[K\n'}
[22.817232] (orb_slam3_ros2_wrapper) StderrLine: {'line': b'\x1b[01m\x1b[K/home/orb/ORB_SLAM3/include/CameraModels/KannalaBrandt8.h:88:26:\x1b[m\x1b[K \x1b[01;35m\x1b[Kwarning: \x1b[m\x1b[K  \xe2\x80\x98\x1b[01m\x1b[Kstd::vector<int> ORB_SLAM3::KannalaBrandt8::mvLappingArea\x1b[m\x1b[K\xe2\x80\x99 [\x1b[01;35m\x1b[K-Wreorder\x1b[m\x1b[K]\n'}
[22.817346] (orb_slam3_ros2_wrapper) StderrLine: {'line': b'   88 |         std::vector<int> \x1b[01;35m\x1b[KmvLappingArea\x1b[m\x1b[K;\n'}
[22.817463] (orb_slam3_ros2_wrapper) StderrLine: {'line': b'      |                          \x1b[01;35m\x1b[K^~~~~~~~~~~~~\x1b[m\x1b[K\n'}
[22.817575] (orb_slam3_ros2_wrapper) StderrLine: {'line': b'\x1b[01m\x1b[K/home/orb/ORB_SLAM3/include/CameraModels/KannalaBrandt8.h:59:9:\x1b[m\x1b[K \x1b[01;35m\x1b[Kwarning: \x1b[m\x1b[K  when initialized here [\x1b[01;35m\x1b[K-Wreorder\x1b[m\x1b[K]\n'}
[22.817692] (orb_slam3_ros2_wrapper) StderrLine: {'line': b'   59 |         \x1b[01;35m\x1b[KKannalaBrandt8\x1b[m\x1b[K(KannalaBrandt8* pKannala) : GeometricCamera(pKannala->mvParameters), precision(pKannala->precision), mvLappingArea(2,0) ,tvr(nullptr) {\n'}
[22.817819] (orb_slam3_ros2_wrapper) StderrLine: {'line': b'      |         \x1b[01;35m\x1b[K^~~~~~~~~~~~~~\x1b[m\x1b[K\n'}
[22.827347] (-) TimerEvent: {}
[22.866086] (orb_slam3_ros2_wrapper) StderrLine: {'line': b'In file included from \x1b[01m\x1b[K/home/orb/ORB_SLAM3/include/Atlas.h:26\x1b[m\x1b[K,\n'}
[22.866317] (orb_slam3_ros2_wrapper) StderrLine: {'line': b'                 from \x1b[01m\x1b[K/home/orb/ORB_SLAM3/include/FrameDrawer.h:25\x1b[m\x1b[K,\n'}
[22.866453] (orb_slam3_ros2_wrapper) StderrLine: {'line': b'                 from \x1b[01m\x1b[K/home/orb/ORB_SLAM3/include/Viewer.h:23\x1b[m\x1b[K,\n'}
[22.866577] (orb_slam3_ros2_wrapper) StderrLine: {'line': b'                 from \x1b[01m\x1b[K/home/orb/ORB_SLAM3/include/Tracking.h:26\x1b[m\x1b[K,\n'}
[22.866686] (orb_slam3_ros2_wrapper) StderrLine: {'line': b'                 from \x1b[01m\x1b[K/home/orb/ORB_SLAM3/include/System.h:31\x1b[m\x1b[K,\n'}
[22.866810] (orb_slam3_ros2_wrapper) StderrLine: {'line': b'                 from \x1b[01m\x1b[K/root/colcon_ws/src/orb_slam3_ros2_wrapper/include/orb_slam3_ros2_wrapper/orb_slam3_interface.hpp:28\x1b[m\x1b[K,\n'}
[22.866932] (orb_slam3_ros2_wrapper) StderrLine: {'line': b'                 from \x1b[01m\x1b[K/root/colcon_ws/src/orb_slam3_ros2_wrapper/src/rgbd/rgbd-slam-node.hpp:41\x1b[m\x1b[K,\n'}
[22.867043] (orb_slam3_ros2_wrapper) StderrLine: {'line': b'                 from \x1b[01m\x1b[K/root/colcon_ws/src/orb_slam3_ros2_wrapper/src/rgbd/rgbd.cpp:7\x1b[m\x1b[K:\n'}
[22.867149] (orb_slam3_ros2_wrapper) StderrLine: {'line': b'\x1b[01m\x1b[K/home/orb/ORB_SLAM3/include/CameraModels/Pinhole.h:\x1b[m\x1b[K In member function \xe2\x80\x98\x1b[01m\x1b[Kvirtual bool ORB_SLAM3::Pinhole::matchAndtriangulate(const cv::KeyPoint&, const cv::KeyPoint&, ORB_SLAM3::GeometricCamera*, Sophus::SE3f&, Sophus::SE3f&, float, float, Eigen::Vector3f&)\x1b[m\x1b[K\xe2\x80\x99:\n'}
[22.867264] (orb_slam3_ros2_wrapper) StderrLine: {'line': b'\x1b[01m\x1b[K/home/orb/ORB_SLAM3/include/CameraModels/Pinhole.h:83:54:\x1b[m\x1b[K \x1b[01;35m\x1b[Kwarning: \x1b[m\x1b[Kunused parameter \xe2\x80\x98\x1b[01m\x1b[Kkp1\x1b[m\x1b[K\xe2\x80\x99 [\x1b[01;35m\x1b[K-Wunused-parameter\x1b[m\x1b[K]\n'}
[22.867373] (orb_slam3_ros2_wrapper) StderrLine: {'line': b'   83 |         bool matchAndtriangulate(\x1b[01;35m\x1b[Kconst cv::KeyPoint& kp1\x1b[m\x1b[K, const cv::KeyPoint& kp2, GeometricCamera* pOther,\n'}
[22.867483] (orb_slam3_ros2_wrapper) StderrLine: {'line': b'      |                                  \x1b[01;35m\x1b[K~~~~~~~~~~~~~~~~~~~~^~~\x1b[m\x1b[K\n'}
[22.867606] (orb_slam3_ros2_wrapper) StderrLine: {'line': b'\x1b[01m\x1b[K/home/orb/ORB_SLAM3/include/CameraModels/Pinhole.h:83:79:\x1b[m\x1b[K \x1b[01;35m\x1b[Kwarning: \x1b[m\x1b[Kunused parameter \xe2\x80\x98\x1b[01m\x1b[Kkp2\x1b[m\x1b[K\xe2\x80\x99 [\x1b[01;35m\x1b[K-Wunused-parameter\x1b[m\x1b[K]\n'}
[22.867721] (orb_slam3_ros2_wrapper) StderrLine: {'line': b'   83 |         bool matchAndtriangulate(const cv::KeyPoint& kp1, \x1b[01;35m\x1b[Kconst cv::KeyPoint& kp2\x1b[m\x1b[K, GeometricCamera* pOther,\n'}
[22.867874] (orb_slam3_ros2_wrapper) StderrLine: {'line': b'      |                                                           \x1b[01;35m\x1b[K~~~~~~~~~~~~~~~~~~~~^~~\x1b[m\x1b[K\n'}
[22.868001] (orb_slam3_ros2_wrapper) StderrLine: {'line': b'\x1b[01m\x1b[K/home/orb/ORB_SLAM3/include/CameraModels/Pinhole.h:83:101:\x1b[m\x1b[K \x1b[01;35m\x1b[Kwarning: \x1b[m\x1b[Kunused parameter \xe2\x80\x98\x1b[01m\x1b[KpOther\x1b[m\x1b[K\xe2\x80\x99 [\x1b[01;35m\x1b[K-Wunused-parameter\x1b[m\x1b[K]\n'}
[22.868129] (orb_slam3_ros2_wrapper) StderrLine: {'line': b'   83 |         bool matchAndtriangulate(const cv::KeyPoint& kp1, const cv::KeyPoint& kp2, \x1b[01;35m\x1b[KGeometricCamera* pOther\x1b[m\x1b[K,\n'}
[22.868245] (orb_slam3_ros2_wrapper) StderrLine: {'line': b'      |                                                                                    \x1b[01;35m\x1b[K~~~~~~~~~~~~~~~~~^~~~~~\x1b[m\x1b[K\n'}
[22.868349] (orb_slam3_ros2_wrapper) StderrLine: {'line': b'\x1b[01m\x1b[K/home/orb/ORB_SLAM3/include/CameraModels/Pinhole.h:84:48:\x1b[m\x1b[K \x1b[01;35m\x1b[Kwarning: \x1b[m\x1b[Kunused parameter \xe2\x80\x98\x1b[01m\x1b[KTcw1\x1b[m\x1b[K\xe2\x80\x99 [\x1b[01;35m\x1b[K-Wunused-parameter\x1b[m\x1b[K]\n'}
[22.868461] (orb_slam3_ros2_wrapper) StderrLine: {'line': b'   84 |                                  \x1b[01;35m\x1b[KSophus::SE3f& Tcw1\x1b[m\x1b[K, Sophus::SE3f& Tcw2,\n'}
[22.868575] (orb_slam3_ros2_wrapper) StderrLine: {'line': b'      |                                  \x1b[01;35m\x1b[K~~~~~~~~~~~~~~^~~~\x1b[m\x1b[K\n'}
[22.868682] (orb_slam3_ros2_wrapper) StderrLine: {'line': b'\x1b[01m\x1b[K/home/orb/ORB_SLAM3/include/CameraModels/Pinhole.h:84:68:\x1b[m\x1b[K \x1b[01;35m\x1b[Kwarning: \x1b[m\x1b[Kunused parameter \xe2\x80\x98\x1b[01m\x1b[KTcw2\x1b[m\x1b[K\xe2\x80\x99 [\x1b[01;35m\x1b[K-Wunused-parameter\x1b[m\x1b[K]\n'}
[22.868822] (orb_slam3_ros2_wrapper) StderrLine: {'line': b'   84 |                                  Sophus::SE3f& Tcw1, \x1b[01;35m\x1b[KSophus::SE3f& Tcw2\x1b[m\x1b[K,\n'}
[22.868953] (orb_slam3_ros2_wrapper) StderrLine: {'line': b'      |                                                      \x1b[01;35m\x1b[K~~~~~~~~~~~~~~^~~~\x1b[m\x1b[K\n'}
[22.869066] (orb_slam3_ros2_wrapper) StderrLine: {'line': b'\x1b[01m\x1b[K/home/orb/ORB_SLAM3/include/CameraModels/Pinhole.h:85:46:\x1b[m\x1b[K \x1b[01;35m\x1b[Kwarning: \x1b[m\x1b[Kunused parameter \xe2\x80\x98\x1b[01m\x1b[KsigmaLevel1\x1b[m\x1b[K\xe2\x80\x99 [\x1b[01;35m\x1b[K-Wunused-parameter\x1b[m\x1b[K]\n'}
[22.869189] (orb_slam3_ros2_wrapper) StderrLine: {'line': b'   85 |                                  \x1b[01;35m\x1b[Kconst float sigmaLevel1\x1b[m\x1b[K, const float sigmaLevel2,\n'}
[22.869299] (orb_slam3_ros2_wrapper) StderrLine: {'line': b'      |                                  \x1b[01;35m\x1b[K~~~~~~~~~~~~^~~~~~~~~~~\x1b[m\x1b[K\n'}
[22.869411] (orb_slam3_ros2_wrapper) StderrLine: {'line': b'\x1b[01m\x1b[K/home/orb/ORB_SLAM3/include/CameraModels/Pinhole.h:85:71:\x1b[m\x1b[K \x1b[01;35m\x1b[Kwarning: \x1b[m\x1b[Kunused parameter \xe2\x80\x98\x1b[01m\x1b[KsigmaLevel2\x1b[m\x1b[K\xe2\x80\x99 [\x1b[01;35m\x1b[K-Wunused-parameter\x1b[m\x1b[K]\n'}
[22.869517] (orb_slam3_ros2_wrapper) StderrLine: {'line': b'   85 |                                  const float sigmaLevel1, \x1b[01;35m\x1b[Kconst float sigmaLevel2\x1b[m\x1b[K,\n'}
[22.869621] (orb_slam3_ros2_wrapper) StderrLine: {'line': b'      |                                                           \x1b[01;35m\x1b[K~~~~~~~~~~~~^~~~~~~~~~~\x1b[m\x1b[K\n'}
[22.869728] (orb_slam3_ros2_wrapper) StderrLine: {'line': b'\x1b[01m\x1b[K/home/orb/ORB_SLAM3/include/CameraModels/Pinhole.h:86:51:\x1b[m\x1b[K \x1b[01;35m\x1b[Kwarning: \x1b[m\x1b[Kunused parameter \xe2\x80\x98\x1b[01m\x1b[Kx3Dtriangulated\x1b[m\x1b[K\xe2\x80\x99 [\x1b[01;35m\x1b[K-Wunused-parameter\x1b[m\x1b[K]\n'}
[22.870226] (orb_slam3_ros2_wrapper) StderrLine: {'line': b'   86 |                                  \x1b[01;35m\x1b[KEigen::Vector3f& x3Dtriangulated\x1b[m\x1b[K) { return false;}\n'}
[22.870353] (orb_slam3_ros2_wrapper) StderrLine: {'line': b'      |                                  \x1b[01;35m\x1b[K~~~~~~~~~~~~~~~~~^~~~~~~~~~~~~~~\x1b[m\x1b[K\n'}
[22.870468] (orb_slam3_ros2_wrapper) StderrLine: {'line': b'In file included from \x1b[01m\x1b[K/home/orb/ORB_SLAM3/include/Atlas.h:27\x1b[m\x1b[K,\n'}
[22.870589] (orb_slam3_ros2_wrapper) StderrLine: {'line': b'                 from \x1b[01m\x1b[K/home/orb/ORB_SLAM3/include/FrameDrawer.h:25\x1b[m\x1b[K,\n'}
[22.870704] (orb_slam3_ros2_wrapper) StderrLine: {'line': b'                 from \x1b[01m\x1b[K/home/orb/ORB_SLAM3/include/Viewer.h:23\x1b[m\x1b[K,\n'}
[22.870828] (orb_slam3_ros2_wrapper) StderrLine: {'line': b'                 from \x1b[01m\x1b[K/home/orb/ORB_SLAM3/include/Tracking.h:26\x1b[m\x1b[K,\n'}
[22.870950] (orb_slam3_ros2_wrapper) StderrLine: {'line': b'                 from \x1b[01m\x1b[K/home/orb/ORB_SLAM3/include/System.h:31\x1b[m\x1b[K,\n'}
[22.871060] (orb_slam3_ros2_wrapper) StderrLine: {'line': b'                 from \x1b[01m\x1b[K/root/colcon_ws/src/orb_slam3_ros2_wrapper/include/orb_slam3_ros2_wrapper/orb_slam3_interface.hpp:28\x1b[m\x1b[K,\n'}
[22.871171] (orb_slam3_ros2_wrapper) StderrLine: {'line': b'                 from \x1b[01m\x1b[K/root/colcon_ws/src/orb_slam3_ros2_wrapper/src/rgbd/rgbd-slam-node.hpp:41\x1b[m\x1b[K,\n'}
[22.871281] (orb_slam3_ros2_wrapper) StderrLine: {'line': b'                 from \x1b[01m\x1b[K/root/colcon_ws/src/orb_slam3_ros2_wrapper/src/rgbd/rgbd.cpp:7\x1b[m\x1b[K:\n'}
[22.871391] (orb_slam3_ros2_wrapper) StderrLine: {'line': b'\x1b[01m\x1b[K/home/orb/ORB_SLAM3/include/CameraModels/KannalaBrandt8.h:\x1b[m\x1b[K In constructor \xe2\x80\x98\x1b[01m\x1b[KORB_SLAM3::KannalaBrandt8::KannalaBrandt8(std::vector<float>)\x1b[m\x1b[K\xe2\x80\x99:\n'}
[22.871507] (orb_slam3_ros2_wrapper) StderrLine: {'line': b'\x1b[01m\x1b[K/home/orb/ORB_SLAM3/include/CameraModels/KannalaBrandt8.h:102:21:\x1b[m\x1b[K \x1b[01;35m\x1b[Kwarning: \x1b[m\x1b[K\xe2\x80\x98\x1b[01m\x1b[KORB_SLAM3::KannalaBrandt8::precision\x1b[m\x1b[K\xe2\x80\x99 will be initialized after [\x1b[01;35m\x1b[K-Wreorder\x1b[m\x1b[K]\n'}
[22.871633] (orb_slam3_ros2_wrapper) StderrLine: {'line': b'  102 |         const float \x1b[01;35m\x1b[Kprecision\x1b[m\x1b[K;\n'}
[22.871743] (orb_slam3_ros2_wrapper) StderrLine: {'line': b'      |                     \x1b[01;35m\x1b[K^~~~~~~~~\x1b[m\x1b[K\n'}
[22.871874] (orb_slam3_ros2_wrapper) StderrLine: {'line': b'\x1b[01m\x1b[K/home/orb/ORB_SLAM3/include/CameraModels/KannalaBrandt8.h:88:26:\x1b[m\x1b[K \x1b[01;35m\x1b[Kwarning: \x1b[m\x1b[K  \xe2\x80\x98\x1b[01m\x1b[Kstd::vector<int> ORB_SLAM3::KannalaBrandt8::mvLappingArea\x1b[m\x1b[K\xe2\x80\x99 [\x1b[01;35m\x1b[K-Wreorder\x1b[m\x1b[K]\n'}
[22.871989] (orb_slam3_ros2_wrapper) StderrLine: {'line': b'   88 |         std::vector<int> \x1b[01;35m\x1b[KmvLappingArea\x1b[m\x1b[K;\n'}
[22.872099] (orb_slam3_ros2_wrapper) StderrLine: {'line': b'      |                          \x1b[01;35m\x1b[K^~~~~~~~~~~~~\x1b[m\x1b[K\n'}
[22.872209] (orb_slam3_ros2_wrapper) StderrLine: {'line': b'In file included from \x1b[01m\x1b[K/home/orb/ORB_SLAM3/include/Atlas.h:27\x1b[m\x1b[K,\n'}
[22.872319] (orb_slam3_ros2_wrapper) StderrLine: {'line': b'                 from \x1b[01m\x1b[K/home/orb/ORB_SLAM3/include/FrameDrawer.h:25\x1b[m\x1b[K,\n'}
[22.872426] (orb_slam3_ros2_wrapper) StderrLine: {'line': b'                 from \x1b[01m\x1b[K/home/orb/ORB_SLAM3/include/Viewer.h:23\x1b[m\x1b[K,\n'}
[22.872538] (orb_slam3_ros2_wrapper) StderrLine: {'line': b'                 from \x1b[01m\x1b[K/home/orb/ORB_SLAM3/include/Tracking.h:26\x1b[m\x1b[K,\n'}
[22.872646] (orb_slam3_ros2_wrapper) StderrLine: {'line': b'                 from \x1b[01m\x1b[K/home/orb/ORB_SLAM3/include/System.h:31\x1b[m\x1b[K,\n'}
[22.872754] (orb_slam3_ros2_wrapper) StderrLine: {'line': b'                 from \x1b[01m\x1b[K/root/colcon_ws/src/orb_slam3_ros2_wrapper/include/orb_slam3_ros2_wrapper/orb_slam3_interface.hpp:28\x1b[m\x1b[K,\n'}
[22.872886] (orb_slam3_ros2_wrapper) StderrLine: {'line': b'                 from \x1b[01m\x1b[K/root/colcon_ws/src/orb_slam3_ros2_wrapper/src/rgbd/rgbd-slam-node.hpp:41\x1b[m\x1b[K,\n'}
[22.873000] (orb_slam3_ros2_wrapper) StderrLine: {'line': b'                 from \x1b[01m\x1b[K/root/colcon_ws/src/orb_slam3_ros2_wrapper/src/rgbd/rgbd.cpp:7\x1b[m\x1b[K:\n'}
[22.873125] (orb_slam3_ros2_wrapper) StderrLine: {'line': b'\x1b[01m\x1b[K/home/orb/ORB_SLAM3/include/CameraModels/KannalaBrandt8.h:47:9:\x1b[m\x1b[K \x1b[01;35m\x1b[Kwarning: \x1b[m\x1b[K  when initialized here [\x1b[01;35m\x1b[K-Wreorder\x1b[m\x1b[K]\n'}
[22.873238] (orb_slam3_ros2_wrapper) StderrLine: {'line': b'   47 |         \x1b[01;35m\x1b[KKannalaBrandt8\x1b[m\x1b[K(const std::vector<float> _vParameters) : GeometricCamera(_vParameters), precision(1e-6), mvLappingArea(2,0) ,tvr(nullptr) {\n'}
[22.873360] (orb_slam3_ros2_wrapper) StderrLine: {'line': b'      |         \x1b[01;35m\x1b[K^~~~~~~~~~~~~~\x1b[m\x1b[K\n'}
[22.873469] (orb_slam3_ros2_wrapper) StderrLine: {'line': b'In file included from \x1b[01m\x1b[K/home/orb/ORB_SLAM3/include/Atlas.h:27\x1b[m\x1b[K,\n'}
[22.873579] (orb_slam3_ros2_wrapper) StderrLine: {'line': b'                 from \x1b[01m\x1b[K/home/orb/ORB_SLAM3/include/FrameDrawer.h:25\x1b[m\x1b[K,\n'}
[22.873698] (orb_slam3_ros2_wrapper) StderrLine: {'line': b'                 from \x1b[01m\x1b[K/home/orb/ORB_SLAM3/include/Viewer.h:23\x1b[m\x1b[K,\n'}
[22.873812] (orb_slam3_ros2_wrapper) StderrLine: {'line': b'                 from \x1b[01m\x1b[K/home/orb/ORB_SLAM3/include/Tracking.h:26\x1b[m\x1b[K,\n'}
[22.873941] (orb_slam3_ros2_wrapper) StderrLine: {'line': b'                 from \x1b[01m\x1b[K/home/orb/ORB_SLAM3/include/System.h:31\x1b[m\x1b[K,\n'}
[22.874052] (orb_slam3_ros2_wrapper) StderrLine: {'line': b'                 from \x1b[01m\x1b[K/root/colcon_ws/src/orb_slam3_ros2_wrapper/include/orb_slam3_ros2_wrapper/orb_slam3_interface.hpp:28\x1b[m\x1b[K,\n'}
[22.874163] (orb_slam3_ros2_wrapper) StderrLine: {'line': b'                 from \x1b[01m\x1b[K/root/colcon_ws/src/orb_slam3_ros2_wrapper/src/rgbd/rgbd-slam-node.hpp:41\x1b[m\x1b[K,\n'}
[22.874270] (orb_slam3_ros2_wrapper) StderrLine: {'line': b'                 from \x1b[01m\x1b[K/root/colcon_ws/src/orb_slam3_ros2_wrapper/src/rgbd/rgbd.cpp:7\x1b[m\x1b[K:\n'}
[22.874404] (orb_slam3_ros2_wrapper) StderrLine: {'line': b'\x1b[01m\x1b[K/home/orb/ORB_SLAM3/include/CameraModels/KannalaBrandt8.h:\x1b[m\x1b[K In constructor \xe2\x80\x98\x1b[01m\x1b[KORB_SLAM3::KannalaBrandt8::KannalaBrandt8(std::vector<float>, float)\x1b[m\x1b[K\xe2\x80\x99:\n'}
[22.874530] (orb_slam3_ros2_wrapper) StderrLine: {'line': b'\x1b[01m\x1b[K/home/orb/ORB_SLAM3/include/CameraModels/KannalaBrandt8.h:102:21:\x1b[m\x1b[K \x1b[01;35m\x1b[Kwarning: \x1b[m\x1b[K\xe2\x80\x98\x1b[01m\x1b[KORB_SLAM3::KannalaBrandt8::precision\x1b[m\x1b[K\xe2\x80\x99 will be initialized after [\x1b[01;35m\x1b[K-Wreorder\x1b[m\x1b[K]\n'}
[22.874653] (orb_slam3_ros2_wrapper) StderrLine: {'line': b'  102 |         const float \x1b[01;35m\x1b[Kprecision\x1b[m\x1b[K;\n'}
[22.874778] (orb_slam3_ros2_wrapper) StderrLine: {'line': b'      |                     \x1b[01;35m\x1b[K^~~~~~~~~\x1b[m\x1b[K\n'}
[22.874928] (orb_slam3_ros2_wrapper) StderrLine: {'line': b'\x1b[01m\x1b[K/home/orb/ORB_SLAM3/include/CameraModels/KannalaBrandt8.h:88:26:\x1b[m\x1b[K \x1b[01;35m\x1b[Kwarning: \x1b[m\x1b[K  \xe2\x80\x98\x1b[01m\x1b[Kstd::vector<int> ORB_SLAM3::KannalaBrandt8::mvLappingArea\x1b[m\x1b[K\xe2\x80\x99 [\x1b[01;35m\x1b[K-Wreorder\x1b[m\x1b[K]\n'}
[22.875049] (orb_slam3_ros2_wrapper) StderrLine: {'line': b'   88 |         std::vector<int> \x1b[01;35m\x1b[KmvLappingArea\x1b[m\x1b[K;\n'}
[22.875161] (orb_slam3_ros2_wrapper) StderrLine: {'line': b'      |                          \x1b[01;35m\x1b[K^~~~~~~~~~~~~\x1b[m\x1b[K\n'}
[22.875271] (orb_slam3_ros2_wrapper) StderrLine: {'line': b'\x1b[01m\x1b[K/home/orb/ORB_SLAM3/include/CameraModels/KannalaBrandt8.h:53:9:\x1b[m\x1b[K \x1b[01;35m\x1b[Kwarning: \x1b[m\x1b[K  when initialized here [\x1b[01;35m\x1b[K-Wreorder\x1b[m\x1b[K]\n'}
[22.875386] (orb_slam3_ros2_wrapper) StderrLine: {'line': b'   53 |         \x1b[01;35m\x1b[KKannalaBrandt8\x1b[m\x1b[K(const std::vector<float> _vParameters, const float _precision) : GeometricCamera(_vParameters),\n'}
[22.875500] (orb_slam3_ros2_wrapper) StderrLine: {'line': b'      |         \x1b[01;35m\x1b[K^~~~~~~~~~~~~~\x1b[m\x1b[K\n'}
[22.875625] (orb_slam3_ros2_wrapper) StderrLine: {'line': b'\x1b[01m\x1b[K/home/orb/ORB_SLAM3/include/CameraModels/KannalaBrandt8.h:\x1b[m\x1b[K In constructor \xe2\x80\x98\x1b[01m\x1b[KORB_SLAM3::KannalaBrandt8::KannalaBrandt8(ORB_SLAM3::KannalaBrandt8*)\x1b[m\x1b[K\xe2\x80\x99:\n'}
[22.875750] (orb_slam3_ros2_wrapper) StderrLine: {'line': b'\x1b[01m\x1b[K/home/orb/ORB_SLAM3/include/CameraModels/KannalaBrandt8.h:102:21:\x1b[m\x1b[K \x1b[01;35m\x1b[Kwarning: \x1b[m\x1b[K\xe2\x80\x98\x1b[01m\x1b[KORB_SLAM3::KannalaBrandt8::precision\x1b[m\x1b[K\xe2\x80\x99 will be initialized after [\x1b[01;35m\x1b[K-Wreorder\x1b[m\x1b[K]\n'}
[22.875884] (orb_slam3_ros2_wrapper) StderrLine: {'line': b'  102 |         const float \x1b[01;35m\x1b[Kprecision\x1b[m\x1b[K;\n'}
[22.875999] (orb_slam3_ros2_wrapper) StderrLine: {'line': b'      |                     \x1b[01;35m\x1b[K^~~~~~~~~\x1b[m\x1b[K\n'}
[22.876108] (orb_slam3_ros2_wrapper) StderrLine: {'line': b'\x1b[01m\x1b[K/home/orb/ORB_SLAM3/include/CameraModels/KannalaBrandt8.h:88:26:\x1b[m\x1b[K \x1b[01;35m\x1b[Kwarning: \x1b[m\x1b[K  \xe2\x80\x98\x1b[01m\x1b[Kstd::vector<int> ORB_SLAM3::KannalaBrandt8::mvLappingArea\x1b[m\x1b[K\xe2\x80\x99 [\x1b[01;35m\x1b[K-Wreorder\x1b[m\x1b[K]\n'}
[22.876224] (orb_slam3_ros2_wrapper) StderrLine: {'line': b'   88 |         std::vector<int> \x1b[01;35m\x1b[KmvLappingArea\x1b[m\x1b[K;\n'}
[22.876337] (orb_slam3_ros2_wrapper) StderrLine: {'line': b'      |                          \x1b[01;35m\x1b[K^~~~~~~~~~~~~\x1b[m\x1b[K\n'}
[22.876443] (orb_slam3_ros2_wrapper) StderrLine: {'line': b'\x1b[01m\x1b[K/home/orb/ORB_SLAM3/include/CameraModels/KannalaBrandt8.h:59:9:\x1b[m\x1b[K \x1b[01;35m\x1b[Kwarning: \x1b[m\x1b[K  when initialized here [\x1b[01;35m\x1b[K-Wreorder\x1b[m\x1b[K]\n'}
[22.876552] (orb_slam3_ros2_wrapper) StderrLine: {'line': b'   59 |         \x1b[01;35m\x1b[KKannalaBrandt8\x1b[m\x1b[K(KannalaBrandt8* pKannala) : GeometricCamera(pKannala->mvParameters), precision(pKannala->precision), mvLappingArea(2,0) ,tvr(nullptr) {\n'}
[22.876663] (orb_slam3_ros2_wrapper) StderrLine: {'line': b'      |         \x1b[01;35m\x1b[K^~~~~~~~~~~~~~\x1b[m\x1b[K\n'}
[22.927463] (-) TimerEvent: {}
[23.028535] (-) TimerEvent: {}
[23.128973] (-) TimerEvent: {}
[23.229769] (-) TimerEvent: {}
[23.330127] (-) TimerEvent: {}
[23.430620] (-) TimerEvent: {}
[23.531050] (-) TimerEvent: {}
[23.631296] (-) TimerEvent: {}
[23.731577] (-) TimerEvent: {}
[23.737320] (orb_slam3_ros2_wrapper) StderrLine: {'line': b'In file included from \x1b[01m\x1b[K/home/orb/ORB_SLAM3/include/Atlas.h:26\x1b[m\x1b[K,\n'}
[23.737525] (orb_slam3_ros2_wrapper) StderrLine: {'line': b'                 from \x1b[01m\x1b[K/home/orb/ORB_SLAM3/include/FrameDrawer.h:25\x1b[m\x1b[K,\n'}
[23.737621] (orb_slam3_ros2_wrapper) StderrLine: {'line': b'                 from \x1b[01m\x1b[K/home/orb/ORB_SLAM3/include/Viewer.h:23\x1b[m\x1b[K,\n'}
[23.737706] (orb_slam3_ros2_wrapper) StderrLine: {'line': b'                 from \x1b[01m\x1b[K/home/orb/ORB_SLAM3/include/Tracking.h:26\x1b[m\x1b[K,\n'}
[23.737820] (orb_slam3_ros2_wrapper) StderrLine: {'line': b'                 from \x1b[01m\x1b[K/home/orb/ORB_SLAM3/include/System.h:31\x1b[m\x1b[K,\n'}
[23.737913] (orb_slam3_ros2_wrapper) StderrLine: {'line': b'                 from \x1b[01m\x1b[K/root/colcon_ws/src/orb_slam3_ros2_wrapper/include/orb_slam3_ros2_wrapper/orb_slam3_interface.hpp:28\x1b[m\x1b[K,\n'}
[23.738005] (orb_slam3_ros2_wrapper) StderrLine: {'line': b'                 from \x1b[01m\x1b[K/root/colcon_ws/src/orb_slam3_ros2_wrapper/src/rgbd/rgbd-slam-node.hpp:41\x1b[m\x1b[K,\n'}
[23.738094] (orb_slam3_ros2_wrapper) StderrLine: {'line': b'                 from \x1b[01m\x1b[K/root/colcon_ws/src/orb_slam3_ros2_wrapper/src/rgbd/rgbd-slam-node.cpp:6\x1b[m\x1b[K:\n'}
[23.738183] (orb_slam3_ros2_wrapper) StderrLine: {'line': b'\x1b[01m\x1b[K/home/orb/ORB_SLAM3/include/CameraModels/Pinhole.h:\x1b[m\x1b[K In member function \xe2\x80\x98\x1b[01m\x1b[Kvirtual bool ORB_SLAM3::Pinhole::matchAndtriangulate(const cv::KeyPoint&, const cv::KeyPoint&, ORB_SLAM3::GeometricCamera*, Sophus::SE3f&, Sophus::SE3f&, float, float, Eigen::Vector3f&)\x1b[m\x1b[K\xe2\x80\x99:\n'}
[23.738350] (orb_slam3_ros2_wrapper) StderrLine: {'line': b'\x1b[01m\x1b[K/home/orb/ORB_SLAM3/include/CameraModels/Pinhole.h:83:54:\x1b[m\x1b[K \x1b[01;35m\x1b[Kwarning: \x1b[m\x1b[Kunused parameter \xe2\x80\x98\x1b[01m\x1b[Kkp1\x1b[m\x1b[K\xe2\x80\x99 [\x1b[01;35m\x1b[K-Wunused-parameter\x1b[m\x1b[K]\n'}
[23.738458] (orb_slam3_ros2_wrapper) StderrLine: {'line': b'   83 |         bool matchAndtriangulate(\x1b[01;35m\x1b[Kconst cv::KeyPoint& kp1\x1b[m\x1b[K, const cv::KeyPoint& kp2, GeometricCamera* pOther,\n'}
[23.738553] (orb_slam3_ros2_wrapper) StderrLine: {'line': b'      |                                  \x1b[01;35m\x1b[K~~~~~~~~~~~~~~~~~~~~^~~\x1b[m\x1b[K\n'}
[23.738754] (orb_slam3_ros2_wrapper) StderrLine: {'line': b'\x1b[01m\x1b[K/home/orb/ORB_SLAM3/include/CameraModels/Pinhole.h:83:79:\x1b[m\x1b[K \x1b[01;35m\x1b[Kwarning: \x1b[m\x1b[Kunused parameter \xe2\x80\x98\x1b[01m\x1b[Kkp2\x1b[m\x1b[K\xe2\x80\x99 [\x1b[01;35m\x1b[K-Wunused-parameter\x1b[m\x1b[K]\n'}
[23.738940] (orb_slam3_ros2_wrapper) StderrLine: {'line': b'   83 |         bool matchAndtriangulate(const cv::KeyPoint& kp1, \x1b[01;35m\x1b[Kconst cv::KeyPoint& kp2\x1b[m\x1b[K, GeometricCamera* pOther,\n'}
[23.739039] (orb_slam3_ros2_wrapper) StderrLine: {'line': b'      |                                                           \x1b[01;35m\x1b[K~~~~~~~~~~~~~~~~~~~~^~~\x1b[m\x1b[K\n'}
[23.739129] (orb_slam3_ros2_wrapper) StderrLine: {'line': b'\x1b[01m\x1b[K/home/orb/ORB_SLAM3/include/CameraModels/Pinhole.h:83:101:\x1b[m\x1b[K \x1b[01;35m\x1b[Kwarning: \x1b[m\x1b[Kunused parameter \xe2\x80\x98\x1b[01m\x1b[KpOther\x1b[m\x1b[K\xe2\x80\x99 [\x1b[01;35m\x1b[K-Wunused-parameter\x1b[m\x1b[K]\n'}
[23.739276] (orb_slam3_ros2_wrapper) StderrLine: {'line': b'   83 |         bool matchAndtriangulate(const cv::KeyPoint& kp1, const cv::KeyPoint& kp2, \x1b[01;35m\x1b[KGeometricCamera* pOther\x1b[m\x1b[K,\n'}
[23.739371] (orb_slam3_ros2_wrapper) StderrLine: {'line': b'      |                                                                                    \x1b[01;35m\x1b[K~~~~~~~~~~~~~~~~~^~~~~~\x1b[m\x1b[K\n'}
[23.739463] (orb_slam3_ros2_wrapper) StderrLine: {'line': b'\x1b[01m\x1b[K/home/orb/ORB_SLAM3/include/CameraModels/Pinhole.h:84:48:\x1b[m\x1b[K \x1b[01;35m\x1b[Kwarning: \x1b[m\x1b[Kunused parameter \xe2\x80\x98\x1b[01m\x1b[KTcw1\x1b[m\x1b[K\xe2\x80\x99 [\x1b[01;35m\x1b[K-Wunused-parameter\x1b[m\x1b[K]\n'}
[23.739554] (orb_slam3_ros2_wrapper) StderrLine: {'line': b'   84 |                                  \x1b[01;35m\x1b[KSophus::SE3f& Tcw1\x1b[m\x1b[K, Sophus::SE3f& Tcw2,\n'}
[23.739643] (orb_slam3_ros2_wrapper) StderrLine: {'line': b'      |                                  \x1b[01;35m\x1b[K~~~~~~~~~~~~~~^~~~\x1b[m\x1b[K\n'}
[23.739740] (orb_slam3_ros2_wrapper) StderrLine: {'line': b'\x1b[01m\x1b[K/home/orb/ORB_SLAM3/include/CameraModels/Pinhole.h:84:68:\x1b[m\x1b[K \x1b[01;35m\x1b[Kwarning: \x1b[m\x1b[Kunused parameter \xe2\x80\x98\x1b[01m\x1b[KTcw2\x1b[m\x1b[K\xe2\x80\x99 [\x1b[01;35m\x1b[K-Wunused-parameter\x1b[m\x1b[K]\n'}
[23.739849] (orb_slam3_ros2_wrapper) StderrLine: {'line': b'   84 |                                  Sophus::SE3f& Tcw1, \x1b[01;35m\x1b[KSophus::SE3f& Tcw2\x1b[m\x1b[K,\n'}
[23.739943] (orb_slam3_ros2_wrapper) StderrLine: {'line': b'      |                                                      \x1b[01;35m\x1b[K~~~~~~~~~~~~~~^~~~\x1b[m\x1b[K\n'}
[23.740035] (orb_slam3_ros2_wrapper) StderrLine: {'line': b'\x1b[01m\x1b[K/home/orb/ORB_SLAM3/include/CameraModels/Pinhole.h:85:46:\x1b[m\x1b[K \x1b[01;35m\x1b[Kwarning: \x1b[m\x1b[Kunused parameter \xe2\x80\x98\x1b[01m\x1b[KsigmaLevel1\x1b[m\x1b[K\xe2\x80\x99 [\x1b[01;35m\x1b[K-Wunused-parameter\x1b[m\x1b[K]\n'}
[23.740127] (orb_slam3_ros2_wrapper) StderrLine: {'line': b'   85 |                                  \x1b[01;35m\x1b[Kconst float sigmaLevel1\x1b[m\x1b[K, const float sigmaLevel2,\n'}
[23.740215] (orb_slam3_ros2_wrapper) StderrLine: {'line': b'      |                                  \x1b[01;35m\x1b[K~~~~~~~~~~~~^~~~~~~~~~~\x1b[m\x1b[K\n'}
[23.740311] (orb_slam3_ros2_wrapper) StderrLine: {'line': b'\x1b[01m\x1b[K/home/orb/ORB_SLAM3/include/CameraModels/Pinhole.h:85:71:\x1b[m\x1b[K \x1b[01;35m\x1b[Kwarning: \x1b[m\x1b[Kunused parameter \xe2\x80\x98\x1b[01m\x1b[KsigmaLevel2\x1b[m\x1b[K\xe2\x80\x99 [\x1b[01;35m\x1b[K-Wunused-parameter\x1b[m\x1b[K]\n'}
[23.740404] (orb_slam3_ros2_wrapper) StderrLine: {'line': b'   85 |                                  const float sigmaLevel1, \x1b[01;35m\x1b[Kconst float sigmaLevel2\x1b[m\x1b[K,\n'}
[23.740495] (orb_slam3_ros2_wrapper) StderrLine: {'line': b'      |                                                           \x1b[01;35m\x1b[K~~~~~~~~~~~~^~~~~~~~~~~\x1b[m\x1b[K\n'}
[23.740581] (orb_slam3_ros2_wrapper) StderrLine: {'line': b'\x1b[01m\x1b[K/home/orb/ORB_SLAM3/include/CameraModels/Pinhole.h:86:51:\x1b[m\x1b[K \x1b[01;35m\x1b[Kwarning: \x1b[m\x1b[Kunused parameter \xe2\x80\x98\x1b[01m\x1b[Kx3Dtriangulated\x1b[m\x1b[K\xe2\x80\x99 [\x1b[01;35m\x1b[K-Wunused-parameter\x1b[m\x1b[K]\n'}
[23.740678] (orb_slam3_ros2_wrapper) StderrLine: {'line': b'   86 |                                  \x1b[01;35m\x1b[KEigen::Vector3f& x3Dtriangulated\x1b[m\x1b[K) { return false;}\n'}
[23.740765] (orb_slam3_ros2_wrapper) StderrLine: {'line': b'      |                                  \x1b[01;35m\x1b[K~~~~~~~~~~~~~~~~~^~~~~~~~~~~~~~~\x1b[m\x1b[K\n'}
[23.740871] (orb_slam3_ros2_wrapper) StderrLine: {'line': b'In file included from \x1b[01m\x1b[K/home/orb/ORB_SLAM3/include/Atlas.h:27\x1b[m\x1b[K,\n'}
[23.740964] (orb_slam3_ros2_wrapper) StderrLine: {'line': b'                 from \x1b[01m\x1b[K/home/orb/ORB_SLAM3/include/FrameDrawer.h:25\x1b[m\x1b[K,\n'}
[23.741052] (orb_slam3_ros2_wrapper) StderrLine: {'line': b'                 from \x1b[01m\x1b[K/home/orb/ORB_SLAM3/include/Viewer.h:23\x1b[m\x1b[K,\n'}
[23.741141] (orb_slam3_ros2_wrapper) StderrLine: {'line': b'                 from \x1b[01m\x1b[K/home/orb/ORB_SLAM3/include/Tracking.h:26\x1b[m\x1b[K,\n'}
[23.741231] (orb_slam3_ros2_wrapper) StderrLine: {'line': b'                 from \x1b[01m\x1b[K/home/orb/ORB_SLAM3/include/System.h:31\x1b[m\x1b[K,\n'}
[23.741320] (orb_slam3_ros2_wrapper) StderrLine: {'line': b'                 from \x1b[01m\x1b[K/root/colcon_ws/src/orb_slam3_ros2_wrapper/include/orb_slam3_ros2_wrapper/orb_slam3_interface.hpp:28\x1b[m\x1b[K,\n'}
[23.741413] (orb_slam3_ros2_wrapper) StderrLine: {'line': b'                 from \x1b[01m\x1b[K/root/colcon_ws/src/orb_slam3_ros2_wrapper/src/rgbd/rgbd-slam-node.hpp:41\x1b[m\x1b[K,\n'}
[23.741503] (orb_slam3_ros2_wrapper) StderrLine: {'line': b'                 from \x1b[01m\x1b[K/root/colcon_ws/src/orb_slam3_ros2_wrapper/src/rgbd/rgbd-slam-node.cpp:6\x1b[m\x1b[K:\n'}
[23.741601] (orb_slam3_ros2_wrapper) StderrLine: {'line': b'\x1b[01m\x1b[K/home/orb/ORB_SLAM3/include/CameraModels/KannalaBrandt8.h:\x1b[m\x1b[K In constructor \xe2\x80\x98\x1b[01m\x1b[KORB_SLAM3::KannalaBrandt8::KannalaBrandt8(std::vector<float>)\x1b[m\x1b[K\xe2\x80\x99:\n'}
[23.741693] (orb_slam3_ros2_wrapper) StderrLine: {'line': b'\x1b[01m\x1b[K/home/orb/ORB_SLAM3/include/CameraModels/KannalaBrandt8.h:102:21:\x1b[m\x1b[K \x1b[01;35m\x1b[Kwarning: \x1b[m\x1b[K\xe2\x80\x98\x1b[01m\x1b[KORB_SLAM3::KannalaBrandt8::precision\x1b[m\x1b[K\xe2\x80\x99 will be initialized after [\x1b[01;35m\x1b[K-Wreorder\x1b[m\x1b[K]\n'}
[23.741798] (orb_slam3_ros2_wrapper) StderrLine: {'line': b'  102 |         const float \x1b[01;35m\x1b[Kprecision\x1b[m\x1b[K;\n'}
[23.741898] (orb_slam3_ros2_wrapper) StderrLine: {'line': b'      |                     \x1b[01;35m\x1b[K^~~~~~~~~\x1b[m\x1b[K\n'}
[23.741989] (orb_slam3_ros2_wrapper) StderrLine: {'line': b'\x1b[01m\x1b[K/home/orb/ORB_SLAM3/include/CameraModels/KannalaBrandt8.h:88:26:\x1b[m\x1b[K \x1b[01;35m\x1b[Kwarning: \x1b[m\x1b[K  \xe2\x80\x98\x1b[01m\x1b[Kstd::vector<int> ORB_SLAM3::KannalaBrandt8::mvLappingArea\x1b[m\x1b[K\xe2\x80\x99 [\x1b[01;35m\x1b[K-Wreorder\x1b[m\x1b[K]\n'}
[23.742084] (orb_slam3_ros2_wrapper) StderrLine: {'line': b'   88 |         std::vector<int> \x1b[01;35m\x1b[KmvLappingArea\x1b[m\x1b[K;\n'}
[23.742180] (orb_slam3_ros2_wrapper) StderrLine: {'line': b'      |                          \x1b[01;35m\x1b[K^~~~~~~~~~~~~\x1b[m\x1b[K\n'}
[23.742267] (orb_slam3_ros2_wrapper) StderrLine: {'line': b'In file included from \x1b[01m\x1b[K/home/orb/ORB_SLAM3/include/Atlas.h:27\x1b[m\x1b[K,\n'}
[23.742355] (orb_slam3_ros2_wrapper) StderrLine: {'line': b'                 from \x1b[01m\x1b[K/home/orb/ORB_SLAM3/include/FrameDrawer.h:25\x1b[m\x1b[K,\n'}
[23.742444] (orb_slam3_ros2_wrapper) StderrLine: {'line': b'                 from \x1b[01m\x1b[K/home/orb/ORB_SLAM3/include/Viewer.h:23\x1b[m\x1b[K,\n'}
[23.742535] (orb_slam3_ros2_wrapper) StderrLine: {'line': b'                 from \x1b[01m\x1b[K/home/orb/ORB_SLAM3/include/Tracking.h:26\x1b[m\x1b[K,\n'}
[23.742624] (orb_slam3_ros2_wrapper) StderrLine: {'line': b'                 from \x1b[01m\x1b[K/home/orb/ORB_SLAM3/include/System.h:31\x1b[m\x1b[K,\n'}
[23.742713] (orb_slam3_ros2_wrapper) StderrLine: {'line': b'                 from \x1b[01m\x1b[K/root/colcon_ws/src/orb_slam3_ros2_wrapper/include/orb_slam3_ros2_wrapper/orb_slam3_interface.hpp:28\x1b[m\x1b[K,\n'}
[23.742814] (orb_slam3_ros2_wrapper) StderrLine: {'line': b'                 from \x1b[01m\x1b[K/root/colcon_ws/src/orb_slam3_ros2_wrapper/src/rgbd/rgbd-slam-node.hpp:41\x1b[m\x1b[K,\n'}
[23.742919] (orb_slam3_ros2_wrapper) StderrLine: {'line': b'                 from \x1b[01m\x1b[K/root/colcon_ws/src/orb_slam3_ros2_wrapper/src/rgbd/rgbd-slam-node.cpp:6\x1b[m\x1b[K:\n'}
[23.743010] (orb_slam3_ros2_wrapper) StderrLine: {'line': b'\x1b[01m\x1b[K/home/orb/ORB_SLAM3/include/CameraModels/KannalaBrandt8.h:47:9:\x1b[m\x1b[K \x1b[01;35m\x1b[Kwarning: \x1b[m\x1b[K  when initialized here [\x1b[01;35m\x1b[K-Wreorder\x1b[m\x1b[K]\n'}
[23.743104] (orb_slam3_ros2_wrapper) StderrLine: {'line': b'   47 |         \x1b[01;35m\x1b[KKannalaBrandt8\x1b[m\x1b[K(const std::vector<float> _vParameters) : GeometricCamera(_vParameters), precision(1e-6), mvLappingArea(2,0) ,tvr(nullptr) {\n'}
[23.743194] (orb_slam3_ros2_wrapper) StderrLine: {'line': b'      |         \x1b[01;35m\x1b[K^~~~~~~~~~~~~~\x1b[m\x1b[K\n'}
[23.743277] (orb_slam3_ros2_wrapper) StderrLine: {'line': b'In file included from \x1b[01m\x1b[K/home/orb/ORB_SLAM3/include/Atlas.h:27\x1b[m\x1b[K,\n'}
[23.743359] (orb_slam3_ros2_wrapper) StderrLine: {'line': b'                 from \x1b[01m\x1b[K/home/orb/ORB_SLAM3/include/FrameDrawer.h:25\x1b[m\x1b[K,\n'}
[23.743449] (orb_slam3_ros2_wrapper) StderrLine: {'line': b'                 from \x1b[01m\x1b[K/home/orb/ORB_SLAM3/include/Viewer.h:23\x1b[m\x1b[K,\n'}
[23.743538] (orb_slam3_ros2_wrapper) StderrLine: {'line': b'                 from \x1b[01m\x1b[K/home/orb/ORB_SLAM3/include/Tracking.h:26\x1b[m\x1b[K,\n'}
[23.743631] (orb_slam3_ros2_wrapper) StderrLine: {'line': b'                 from \x1b[01m\x1b[K/home/orb/ORB_SLAM3/include/System.h:31\x1b[m\x1b[K,\n'}
[23.743745] (orb_slam3_ros2_wrapper) StderrLine: {'line': b'                 from \x1b[01m\x1b[K/root/colcon_ws/src/orb_slam3_ros2_wrapper/include/orb_slam3_ros2_wrapper/orb_slam3_interface.hpp:28\x1b[m\x1b[K,\n'}
[23.743857] (orb_slam3_ros2_wrapper) StderrLine: {'line': b'                 from \x1b[01m\x1b[K/root/colcon_ws/src/orb_slam3_ros2_wrapper/src/rgbd/rgbd-slam-node.hpp:41\x1b[m\x1b[K,\n'}
[23.743957] (orb_slam3_ros2_wrapper) StderrLine: {'line': b'                 from \x1b[01m\x1b[K/root/colcon_ws/src/orb_slam3_ros2_wrapper/src/rgbd/rgbd-slam-node.cpp:6\x1b[m\x1b[K:\n'}
[23.744051] (orb_slam3_ros2_wrapper) StderrLine: {'line': b'\x1b[01m\x1b[K/home/orb/ORB_SLAM3/include/CameraModels/KannalaBrandt8.h:\x1b[m\x1b[K In constructor \xe2\x80\x98\x1b[01m\x1b[KORB_SLAM3::KannalaBrandt8::KannalaBrandt8(std::vector<float>, float)\x1b[m\x1b[K\xe2\x80\x99:\n'}
[23.744144] (orb_slam3_ros2_wrapper) StderrLine: {'line': b'\x1b[01m\x1b[K/home/orb/ORB_SLAM3/include/CameraModels/KannalaBrandt8.h:102:21:\x1b[m\x1b[K \x1b[01;35m\x1b[Kwarning: \x1b[m\x1b[K\xe2\x80\x98\x1b[01m\x1b[KORB_SLAM3::KannalaBrandt8::precision\x1b[m\x1b[K\xe2\x80\x99 will be initialized after [\x1b[01;35m\x1b[K-Wreorder\x1b[m\x1b[K]\n'}
[23.744264] (orb_slam3_ros2_wrapper) StderrLine: {'line': b'  102 |         const float \x1b[01;35m\x1b[Kprecision\x1b[m\x1b[K;\n'}
[23.744330] (orb_slam3_ros2_wrapper) StderrLine: {'line': b'      |                     \x1b[01;35m\x1b[K^~~~~~~~~\x1b[m\x1b[K\n'}
[23.744385] (orb_slam3_ros2_wrapper) StderrLine: {'line': b'\x1b[01m\x1b[K/home/orb/ORB_SLAM3/include/CameraModels/KannalaBrandt8.h:88:26:\x1b[m\x1b[K \x1b[01;35m\x1b[Kwarning: \x1b[m\x1b[K  \xe2\x80\x98\x1b[01m\x1b[Kstd::vector<int> ORB_SLAM3::KannalaBrandt8::mvLappingArea\x1b[m\x1b[K\xe2\x80\x99 [\x1b[01;35m\x1b[K-Wreorder\x1b[m\x1b[K]\n'}
[23.744439] (orb_slam3_ros2_wrapper) StderrLine: {'line': b'   88 |         std::vector<int> \x1b[01;35m\x1b[KmvLappingArea\x1b[m\x1b[K;\n'}
[23.744491] (orb_slam3_ros2_wrapper) StderrLine: {'line': b'      |                          \x1b[01;35m\x1b[K^~~~~~~~~~~~~\x1b[m\x1b[K\n'}
[23.744543] (orb_slam3_ros2_wrapper) StderrLine: {'line': b'\x1b[01m\x1b[K/home/orb/ORB_SLAM3/include/CameraModels/KannalaBrandt8.h:53:9:\x1b[m\x1b[K \x1b[01;35m\x1b[Kwarning: \x1b[m\x1b[K  when initialized here [\x1b[01;35m\x1b[K-Wreorder\x1b[m\x1b[K]\n'}
[23.744594] (orb_slam3_ros2_wrapper) StderrLine: {'line': b'   53 |         \x1b[01;35m\x1b[KKannalaBrandt8\x1b[m\x1b[K(const std::vector<float> _vParameters, const float _precision) : GeometricCamera(_vParameters),\n'}
[23.744646] (orb_slam3_ros2_wrapper) StderrLine: {'line': b'      |         \x1b[01;35m\x1b[K^~~~~~~~~~~~~~\x1b[m\x1b[K\n'}
[23.744697] (orb_slam3_ros2_wrapper) StderrLine: {'line': b'\x1b[01m\x1b[K/home/orb/ORB_SLAM3/include/CameraModels/KannalaBrandt8.h:\x1b[m\x1b[K In constructor \xe2\x80\x98\x1b[01m\x1b[KORB_SLAM3::KannalaBrandt8::KannalaBrandt8(ORB_SLAM3::KannalaBrandt8*)\x1b[m\x1b[K\xe2\x80\x99:\n'}
[23.744777] (orb_slam3_ros2_wrapper) StderrLine: {'line': b'\x1b[01m\x1b[K/home/orb/ORB_SLAM3/include/CameraModels/KannalaBrandt8.h:102:21:\x1b[m\x1b[K \x1b[01;35m\x1b[Kwarning: \x1b[m\x1b[K\xe2\x80\x98\x1b[01m\x1b[KORB_SLAM3::KannalaBrandt8::precision\x1b[m\x1b[K\xe2\x80\x99 will be initialized after [\x1b[01;35m\x1b[K-Wreorder\x1b[m\x1b[K]\n'}
[23.744854] (orb_slam3_ros2_wrapper) StderrLine: {'line': b'  102 |         const float \x1b[01;35m\x1b[Kprecision\x1b[m\x1b[K;\n'}
[23.744906] (orb_slam3_ros2_wrapper) StderrLine: {'line': b'      |                     \x1b[01;35m\x1b[K^~~~~~~~~\x1b[m\x1b[K\n'}
[23.744957] (orb_slam3_ros2_wrapper) StderrLine: {'line': b'\x1b[01m\x1b[K/home/orb/ORB_SLAM3/include/CameraModels/KannalaBrandt8.h:88:26:\x1b[m\x1b[K \x1b[01;35m\x1b[Kwarning: \x1b[m\x1b[K  \xe2\x80\x98\x1b[01m\x1b[Kstd::vector<int> ORB_SLAM3::KannalaBrandt8::mvLappingArea\x1b[m\x1b[K\xe2\x80\x99 [\x1b[01;35m\x1b[K-Wreorder\x1b[m\x1b[K]\n'}
[23.745024] (orb_slam3_ros2_wrapper) StderrLine: {'line': b'   88 |         std::vector<int> \x1b[01;35m\x1b[KmvLappingArea\x1b[m\x1b[K;\n'}
[23.745076] (orb_slam3_ros2_wrapper) StderrLine: {'line': b'      |                          \x1b[01;35m\x1b[K^~~~~~~~~~~~~\x1b[m\x1b[K\n'}
[23.745126] (orb_slam3_ros2_wrapper) StderrLine: {'line': b'\x1b[01m\x1b[K/home/orb/ORB_SLAM3/include/CameraModels/KannalaBrandt8.h:59:9:\x1b[m\x1b[K \x1b[01;35m\x1b[Kwarning: \x1b[m\x1b[K  when initialized here [\x1b[01;35m\x1b[K-Wreorder\x1b[m\x1b[K]\n'}
[23.745177] (orb_slam3_ros2_wrapper) StderrLine: {'line': b'   59 |         \x1b[01;35m\x1b[KKannalaBrandt8\x1b[m\x1b[K(KannalaBrandt8* pKannala) : GeometricCamera(pKannala->mvParameters), precision(pKannala->precision), mvLappingArea(2,0) ,tvr(nullptr) {\n'}
[23.745229] (orb_slam3_ros2_wrapper) StderrLine: {'line': b'      |         \x1b[01;35m\x1b[K^~~~~~~~~~~~~~\x1b[m\x1b[K\n'}
[23.831664] (-) TimerEvent: {}
[23.931979] (-) TimerEvent: {}
[24.032254] (-) TimerEvent: {}
[24.132525] (-) TimerEvent: {}
[24.168182] (orb_slam3_ros2_wrapper) StderrLine: {'line': b'\x1b[01m\x1b[K/root/colcon_ws/src/orb_slam3_ros2_wrapper/src/orb_slam3_interface.cpp:\x1b[m\x1b[K In member function \xe2\x80\x98\x1b[01m\x1b[Kvoid ORB_SLAM3_Wrapper::ORBSLAM3Interface::mapPointsVisibleFromPose(Sophus::SE3f&, std::vector<ORB_SLAM3::MapPoint*>&, int, float, float)\x1b[m\x1b[K\xe2\x80\x99:\n'}
[24.168415] (orb_slam3_ros2_wrapper) StderrLine: {'line': b'\x1b[01m\x1b[K/root/colcon_ws/src/orb_slam3_ros2_wrapper/src/orb_slam3_interface.cpp:197:14:\x1b[m\x1b[K \x1b[01;35m\x1b[Kwarning: \x1b[m\x1b[Kvariable \xe2\x80\x98\x1b[01m\x1b[KmRwc\x1b[m\x1b[K\xe2\x80\x99 set but not used [\x1b[01;35m\x1b[K-Wunused-but-set-variable\x1b[m\x1b[K]\n'}
[24.168528] (orb_slam3_ros2_wrapper) StderrLine: {'line': b'  197 |         auto \x1b[01;35m\x1b[KmRwc\x1b[m\x1b[K = Twc.rotationMatrix();\n'}
[24.168623] (orb_slam3_ros2_wrapper) StderrLine: {'line': b'      |              \x1b[01;35m\x1b[K^~~~\x1b[m\x1b[K\n'}
[24.168805] (orb_slam3_ros2_wrapper) StderrLine: {'line': b'\x1b[01m\x1b[K/root/colcon_ws/src/orb_slam3_ros2_wrapper/src/orb_slam3_interface.cpp:179:166:\x1b[m\x1b[K \x1b[01;35m\x1b[Kwarning: \x1b[m\x1b[Kunused parameter \xe2\x80\x98\x1b[01m\x1b[KmaxAngle\x1b[m\x1b[K\xe2\x80\x99 [\x1b[01;35m\x1b[K-Wunused-parameter\x1b[m\x1b[K]\n'}
[24.168913] (orb_slam3_ros2_wrapper) StderrLine: {'line': b'  179 |     void ORBSLAM3Interface::mapPointsVisibleFromPose(Sophus::SE3f& cameraPose, std::vector<ORB_SLAM3::MapPoint*>& points, int maxLandmarks, float maxDistance, \x1b[01;35m\x1b[Kfloat maxAngle\x1b[m\x1b[K)\n'}
[24.169002] (orb_slam3_ros2_wrapper) StderrLine: {'line': b'      |                                                                                                                                                                \x1b[01;35m\x1b[K~~~~~~^~~~~~~~\x1b[m\x1b[K\n'}
[24.232631] (-) TimerEvent: {}
[24.332946] (-) TimerEvent: {}
[24.433205] (-) TimerEvent: {}
[24.533472] (-) TimerEvent: {}
[24.633721] (-) TimerEvent: {}
[24.734029] (-) TimerEvent: {}
[24.834280] (-) TimerEvent: {}
[24.934626] (-) TimerEvent: {}
[25.035248] (-) TimerEvent: {}
[25.135902] (-) TimerEvent: {}
[25.236473] (-) TimerEvent: {}
[25.337186] (-) TimerEvent: {}
[25.437814] (-) TimerEvent: {}
[25.538464] (-) TimerEvent: {}
[25.639075] (-) TimerEvent: {}
[25.739659] (-) TimerEvent: {}
[25.840248] (-) TimerEvent: {}
[25.940892] (-) TimerEvent: {}
[26.041362] (-) TimerEvent: {}
[26.141606] (-) TimerEvent: {}
[26.241920] (-) TimerEvent: {}
[26.342212] (-) TimerEvent: {}
[26.442589] (-) TimerEvent: {}
[26.543122] (-) TimerEvent: {}
[26.643486] (-) TimerEvent: {}
[27.808063] (-) TimerEvent: {}
[27.908719] (-) TimerEvent: {}
[28.009376] (-) TimerEvent: {}
[28.109937] (-) TimerEvent: {}
[28.210604] (-) TimerEvent: {}
[28.310914] (-) TimerEvent: {}
[28.411291] (-) TimerEvent: {}
[28.511544] (-) TimerEvent: {}
[28.611915] (-) TimerEvent: {}
[28.712521] (-) TimerEvent: {}
[28.813120] (-) TimerEvent: {}
[28.913607] (-) TimerEvent: {}
[29.192106] (-) TimerEvent: {}
[29.292723] (-) TimerEvent: {}
[29.393328] (-) TimerEvent: {}
[29.493933] (-) TimerEvent: {}
[29.594520] (-) TimerEvent: {}
[29.694860] (-) TimerEvent: {}
[29.795527] (-) TimerEvent: {}
[29.896206] (-) TimerEvent: {}
[29.996729] (-) TimerEvent: {}
[30.097108] (-) TimerEvent: {}
[30.197910] (-) TimerEvent: {}
[30.298541] (-) TimerEvent: {}
[30.399215] (-) TimerEvent: {}
[30.500133] (-) TimerEvent: {}
[30.600774] (-) TimerEvent: {}
[30.701427] (-) TimerEvent: {}
[30.801992] (-) TimerEvent: {}
[30.902608] (-) TimerEvent: {}
[31.003162] (-) TimerEvent: {}
[31.103858] (-) TimerEvent: {}
[31.204471] (-) TimerEvent: {}
[31.305048] (-) TimerEvent: {}
[31.405537] (-) TimerEvent: {}
[31.506557] (-) TimerEvent: {}
[31.606809] (-) TimerEvent: {}
[31.707063] (-) TimerEvent: {}
[31.807271] (-) TimerEvent: {}
[31.907518] (-) TimerEvent: {}
[32.007757] (-) TimerEvent: {}
[32.108041] (-) TimerEvent: {}
[32.208387] (-) TimerEvent: {}
[32.309680] (-) TimerEvent: {}
[32.410312] (-) TimerEvent: {}
[32.510915] (-) TimerEvent: {}
[32.611437] (-) TimerEvent: {}
[32.711963] (-) TimerEvent: {}
[32.812608] (-) TimerEvent: {}
[32.913314] (-) TimerEvent: {}
[33.013876] (-) TimerEvent: {}
[33.114310] (-) TimerEvent: {}
[33.214947] (-) TimerEvent: {}
[33.315590] (-) TimerEvent: {}
[33.416270] (-) TimerEvent: {}
[33.516952] (-) TimerEvent: {}
[33.617364] (-) TimerEvent: {}
[33.717971] (-) TimerEvent: {}
[33.818568] (-) TimerEvent: {}
[33.919237] (-) TimerEvent: {}
[34.019912] (-) TimerEvent: {}
[34.120562] (-) TimerEvent: {}
[34.221214] (-) TimerEvent: {}
[34.321924] (-) TimerEvent: {}
[34.422705] (-) TimerEvent: {}
[34.523020] (-) TimerEvent: {}
[34.623663] (-) TimerEvent: {}
[34.724354] (-) TimerEvent: {}
[34.825001] (-) TimerEvent: {}
[34.925642] (-) TimerEvent: {}
[35.026179] (-) TimerEvent: {}
[35.126577] (-) TimerEvent: {}
[35.227014] (-) TimerEvent: {}
[35.327368] (-) TimerEvent: {}
[35.427956] (-) TimerEvent: {}
[35.528390] (-) TimerEvent: {}
[35.628733] (-) TimerEvent: {}
[37.373588] (-) TimerEvent: {}
[37.474251] (-) TimerEvent: {}
[37.574965] (-) TimerEvent: {}
[37.675633] (-) TimerEvent: {}
[37.775920] (-) TimerEvent: {}
[37.876276] (-) TimerEvent: {}
[37.976927] (-) TimerEvent: {}
[38.077539] (-) TimerEvent: {}
[38.178164] (-) TimerEvent: {}
[38.278831] (-) TimerEvent: {}
[38.379397] (-) TimerEvent: {}
[38.479939] (-) TimerEvent: {}
[38.580334] (-) TimerEvent: {}
[38.680859] (-) TimerEvent: {}
[38.781127] (-) TimerEvent: {}
[38.881575] (-) TimerEvent: {}
[38.982311] (-) TimerEvent: {}
[39.082978] (-) TimerEvent: {}
[39.183568] (-) TimerEvent: {}
[39.283981] (-) TimerEvent: {}
[39.384596] (-) TimerEvent: {}
[40.734755] (-) TimerEvent: {}
[40.835112] (-) TimerEvent: {}
[40.935742] (-) TimerEvent: {}
[41.036365] (-) TimerEvent: {}
[41.136856] (-) TimerEvent: {}
[41.237271] (-) TimerEvent: {}
[41.337985] (-) TimerEvent: {}
[41.438343] (-) TimerEvent: {}
[41.539079] (-) TimerEvent: {}
[41.639660] (-) TimerEvent: {}
[41.740393] (-) TimerEvent: {}
[41.841107] (-) TimerEvent: {}
[41.941933] (-) TimerEvent: {}
[42.042584] (-) TimerEvent: {}
[42.143242] (-) TimerEvent: {}
[42.243830] (-) TimerEvent: {}
[42.344536] (-) TimerEvent: {}
[42.445235] (-) TimerEvent: {}
[42.545828] (-) TimerEvent: {}
[42.646234] (-) TimerEvent: {}
[42.747003] (-) TimerEvent: {}
[42.847644] (-) TimerEvent: {}
[42.948083] (-) TimerEvent: {}
[43.048616] (-) TimerEvent: {}
[43.148963] (-) TimerEvent: {}
[43.249501] (-) TimerEvent: {}
[43.350329] (-) TimerEvent: {}
[43.451015] (-) TimerEvent: {}
[43.551439] (-) TimerEvent: {}
[43.651998] (-) TimerEvent: {}
[43.752376] (-) TimerEvent: {}
[43.853076] (-) TimerEvent: {}
[43.953937] (-) TimerEvent: {}
[44.054567] (-) TimerEvent: {}
[44.155154] (-) TimerEvent: {}
[44.255699] (-) TimerEvent: {}
[44.356117] (-) TimerEvent: {}
[44.456920] (-) TimerEvent: {}
[44.557598] (-) TimerEvent: {}
[44.658195] (-) TimerEvent: {}
[44.758646] (-) TimerEvent: {}
[44.859319] (-) TimerEvent: {}
[44.959891] (-) TimerEvent: {}
[45.060355] (-) TimerEvent: {}
[45.161159] (-) TimerEvent: {}
[45.261891] (-) TimerEvent: {}
[48.196287] (-) TimerEvent: {}
[48.296901] (-) TimerEvent: {}
[48.397378] (-) TimerEvent: {}
[48.497902] (-) TimerEvent: {}
[48.598488] (-) TimerEvent: {}
[48.699094] (-) TimerEvent: {}
[48.799659] (-) TimerEvent: {}
[48.900350] (-) TimerEvent: {}
[49.000589] (-) TimerEvent: {}
[49.100854] (-) TimerEvent: {}
[49.198940] (orb_slam3_ros2_wrapper) StderrLine: {'line': b'\x1b[01m\x1b[K/root/colcon_ws/src/orb_slam3_ros2_wrapper/src/rgbd/rgbd-slam-node.cpp:\x1b[m\x1b[K In member function \xe2\x80\x98\x1b[01m\x1b[Kvoid ORB_SLAM3_Wrapper::RgbdSlamNode::publishMapPointCloud(std::shared_ptr<rmw_request_id_s>, std::shared_ptr<slam_msgs::srv::GetAllLandmarksInMap_Request_<std::allocator<void> > >, std::shared_ptr<slam_msgs::srv::GetAllLandmarksInMap_Response_<std::allocator<void> > >)\x1b[m\x1b[K\xe2\x80\x99:\n'}
[49.199189] (orb_slam3_ros2_wrapper) StderrLine: {'line': b'\x1b[01m\x1b[K/root/colcon_ws/src/orb_slam3_ros2_wrapper/src/rgbd/rgbd-slam-node.cpp:184:79:\x1b[m\x1b[K \x1b[01;35m\x1b[Kwarning: \x1b[m\x1b[Kunused parameter \xe2\x80\x98\x1b[01m\x1b[Krequest_header\x1b[m\x1b[K\xe2\x80\x99 [\x1b[01;35m\x1b[K-Wunused-parameter\x1b[m\x1b[K]\n'}
[49.199308] (orb_slam3_ros2_wrapper) StderrLine: {'line': b'  184 |     void RgbdSlamNode::publishMapPointCloud(\x1b[01;35m\x1b[Kstd::shared_ptr<rmw_request_id_t> request_header\x1b[m\x1b[K,\n'}
[49.199434] (orb_slam3_ros2_wrapper) StderrLine: {'line': b'      |                                             \x1b[01;35m\x1b[K~~~~~~~~~~~~~~~~~~~~~~~~~~~~~~~~~~^~~~~~~~~~~~~~\x1b[m\x1b[K\n'}
[49.199549] (orb_slam3_ros2_wrapper) StderrLine: {'line': b'\x1b[01m\x1b[K/root/colcon_ws/src/orb_slam3_ros2_wrapper/src/rgbd/rgbd-slam-node.cpp:185:108:\x1b[m\x1b[K \x1b[01;35m\x1b[Kwarning: \x1b[m\x1b[Kunused parameter \xe2\x80\x98\x1b[01m\x1b[Krequest\x1b[m\x1b[K\xe2\x80\x99 [\x1b[01;35m\x1b[K-Wunused-parameter\x1b[m\x1b[K]\n'}
[49.199666] (orb_slam3_ros2_wrapper) StderrLine: {'line': b'  185 |                                             \x1b[01;35m\x1b[Kstd::shared_ptr<slam_msgs::srv::GetAllLandmarksInMap::Request> request\x1b[m\x1b[K,\n'}
[49.199776] (orb_slam3_ros2_wrapper) StderrLine: {'line': b'      |                                             \x1b[01;35m\x1b[K~~~~~~~~~~~~~~~~~~~~~~~~~~~~~~~~~~~~~~~~~~~~~~~~~~~~~~~~~~~~~~~^~~~~~~\x1b[m\x1b[K\n'}
[49.200969] (-) TimerEvent: {}
[49.212277] (orb_slam3_ros2_wrapper) StderrLine: {'line': b'\x1b[01m\x1b[K/root/colcon_ws/src/orb_slam3_ros2_wrapper/src/rgbd/rgbd-slam-node.cpp:\x1b[m\x1b[K In member function \xe2\x80\x98\x1b[01m\x1b[Kvoid ORB_SLAM3_Wrapper::RgbdSlamNode::resetActiveMapSrv(std::shared_ptr<rmw_request_id_s>, std::shared_ptr<std_srvs::srv::SetBool_Request_<std::allocator<void> > >, std::shared_ptr<std_srvs::srv::SetBool_Response_<std::allocator<void> > >)\x1b[m\x1b[K\xe2\x80\x99:\n'}
[49.212496] (orb_slam3_ros2_wrapper) StderrLine: {'line': b'\x1b[01m\x1b[K/root/colcon_ws/src/orb_slam3_ros2_wrapper/src/rgbd/rgbd-slam-node.cpp:221:76:\x1b[m\x1b[K \x1b[01;35m\x1b[Kwarning: \x1b[m\x1b[Kunused parameter \xe2\x80\x98\x1b[01m\x1b[Krequest_header\x1b[m\x1b[K\xe2\x80\x99 [\x1b[01;35m\x1b[K-Wunused-parameter\x1b[m\x1b[K]\n'}
[49.212612] (orb_slam3_ros2_wrapper) StderrLine: {'line': b'  221 |     void RgbdSlamNode::resetActiveMapSrv(\x1b[01;35m\x1b[Kstd::shared_ptr<rmw_request_id_t> request_header\x1b[m\x1b[K,\n'}
[49.212702] (orb_slam3_ros2_wrapper) StderrLine: {'line': b'      |                                          \x1b[01;35m\x1b[K~~~~~~~~~~~~~~~~~~~~~~~~~~~~~~~~~~^~~~~~~~~~~~~~\x1b[m\x1b[K\n'}
[49.212797] (orb_slam3_ros2_wrapper) StderrLine: {'line': b'\x1b[01m\x1b[K/root/colcon_ws/src/orb_slam3_ros2_wrapper/src/rgbd/rgbd-slam-node.cpp:222:77:\x1b[m\x1b[K \x1b[01;35m\x1b[Kwarning: \x1b[m\x1b[Kunused parameter \xe2\x80\x98\x1b[01m\x1b[Krequest\x1b[m\x1b[K\xe2\x80\x99 [\x1b[01;35m\x1b[K-Wunused-parameter\x1b[m\x1b[K]\n'}
[49.212918] (orb_slam3_ros2_wrapper) StderrLine: {'line': b'  222 |                            \x1b[01;35m\x1b[Kstd::shared_ptr<std_srvs::srv::SetBool::Request> request\x1b[m\x1b[K,\n'}
[49.213007] (orb_slam3_ros2_wrapper) StderrLine: {'line': b'      |                            \x1b[01;35m\x1b[K~~~~~~~~~~~~~~~~~~~~~~~~~~~~~~~~~~~~~~~~~~~~~~~~~^~~~~~~\x1b[m\x1b[K\n'}
[49.213089] (orb_slam3_ros2_wrapper) StderrLine: {'line': b'\x1b[01m\x1b[K/root/colcon_ws/src/orb_slam3_ros2_wrapper/src/rgbd/rgbd-slam-node.cpp:223:78:\x1b[m\x1b[K \x1b[01;35m\x1b[Kwarning: \x1b[m\x1b[Kunused parameter \xe2\x80\x98\x1b[01m\x1b[Kresponse\x1b[m\x1b[K\xe2\x80\x99 [\x1b[01;35m\x1b[K-Wunused-parameter\x1b[m\x1b[K]\n'}
[49.213182] (orb_slam3_ros2_wrapper) StderrLine: {'line': b'  223 |                            \x1b[01;35m\x1b[Kstd::shared_ptr<std_srvs::srv::SetBool::Response> response\x1b[m\x1b[K)\n'}
[49.213273] (orb_slam3_ros2_wrapper) StderrLine: {'line': b'      |                            \x1b[01;35m\x1b[K~~~~~~~~~~~~~~~~~~~~~~~~~~~~~~~~~~~~~~~~~~~~~~~~~~^~~~~~~~\x1b[m\x1b[K\n'}
[49.243030] (orb_slam3_ros2_wrapper) StderrLine: {'line': b'\x1b[01m\x1b[K/root/colcon_ws/src/orb_slam3_ros2_wrapper/src/rgbd/rgbd-slam-node.cpp:\x1b[m\x1b[K In member function \xe2\x80\x98\x1b[01m\x1b[Kvoid ORB_SLAM3_Wrapper::RgbdSlamNode::getMapServer(std::shared_ptr<rmw_request_id_s>, std::shared_ptr<slam_msgs::srv::GetMap_Request_<std::allocator<void> > >, std::shared_ptr<slam_msgs::srv::GetMap_Response_<std::allocator<void> > >)\x1b[m\x1b[K\xe2\x80\x99:\n'}
[49.243766] (orb_slam3_ros2_wrapper) StderrLine: {'line': b'\x1b[01m\x1b[K/root/colcon_ws/src/orb_slam3_ros2_wrapper/src/rgbd/rgbd-slam-node.cpp:254:71:\x1b[m\x1b[K \x1b[01;35m\x1b[Kwarning: \x1b[m\x1b[Kunused parameter \xe2\x80\x98\x1b[01m\x1b[Krequest_header\x1b[m\x1b[K\xe2\x80\x99 [\x1b[01;35m\x1b[K-Wunused-parameter\x1b[m\x1b[K]\n'}
[49.244035] (orb_slam3_ros2_wrapper) StderrLine: {'line': b'  254 |     void RgbdSlamNode::getMapServer(\x1b[01;35m\x1b[Kstd::shared_ptr<rmw_request_id_t> request_header\x1b[m\x1b[K,\n'}
[49.244261] (orb_slam3_ros2_wrapper) StderrLine: {'line': b'      |                                     \x1b[01;35m\x1b[K~~~~~~~~~~~~~~~~~~~~~~~~~~~~~~~~~~^~~~~~~~~~~~~~\x1b[m\x1b[K\n'}
[49.273192] (orb_slam3_ros2_wrapper) StderrLine: {'line': b'\x1b[01m\x1b[K/root/colcon_ws/src/orb_slam3_ros2_wrapper/src/rgbd/rgbd-slam-node.cpp:\x1b[m\x1b[K In member function \xe2\x80\x98\x1b[01m\x1b[Kvoid ORB_SLAM3_Wrapper::RgbdSlamNode::getMapPointsInViewServer(std::shared_ptr<rmw_request_id_s>, std::shared_ptr<slam_msgs::srv::GetLandmarksInView_Request_<std::allocator<void> > >, std::shared_ptr<slam_msgs::srv::GetLandmarksInView_Response_<std::allocator<void> > >)\x1b[m\x1b[K\xe2\x80\x99:\n'}
[49.273442] (orb_slam3_ros2_wrapper) StderrLine: {'line': b'\x1b[01m\x1b[K/root/colcon_ws/src/orb_slam3_ros2_wrapper/src/rgbd/rgbd-slam-node.cpp:264:83:\x1b[m\x1b[K \x1b[01;35m\x1b[Kwarning: \x1b[m\x1b[Kunused parameter \xe2\x80\x98\x1b[01m\x1b[Krequest_header\x1b[m\x1b[K\xe2\x80\x99 [\x1b[01;35m\x1b[K-Wunused-parameter\x1b[m\x1b[K]\n'}
[49.273586] (orb_slam3_ros2_wrapper) StderrLine: {'line': b'  264 |     void RgbdSlamNode::getMapPointsInViewServer(\x1b[01;35m\x1b[Kstd::shared_ptr<rmw_request_id_t> request_header\x1b[m\x1b[K,\n'}
[49.273709] (orb_slam3_ros2_wrapper) StderrLine: {'line': b'      |                                                 \x1b[01;35m\x1b[K~~~~~~~~~~~~~~~~~~~~~~~~~~~~~~~~~~^~~~~~~~~~~~~~\x1b[m\x1b[K\n'}
[49.301095] (-) TimerEvent: {}
[49.402243] (-) TimerEvent: {}
[49.503379] (-) TimerEvent: {}
[49.603761] (-) TimerEvent: {}
[49.745871] (-) TimerEvent: {}
[49.848554] (-) TimerEvent: {}
[49.948856] (-) TimerEvent: {}
[50.049287] (-) TimerEvent: {}
[50.149772] (-) TimerEvent: {}
[50.254374] (-) TimerEvent: {}
[50.357867] (-) TimerEvent: {}
[50.458247] (-) TimerEvent: {}
[50.558867] (-) TimerEvent: {}
[50.659242] (-) TimerEvent: {}
[50.759629] (-) TimerEvent: {}
[50.865302] (-) TimerEvent: {}
[50.967984] (-) TimerEvent: {}
[51.075858] (-) TimerEvent: {}
[51.176216] (-) TimerEvent: {}
[51.276566] (-) TimerEvent: {}
[51.376911] (-) TimerEvent: {}
[51.477403] (-) TimerEvent: {}
[51.579725] (-) TimerEvent: {}
[51.680074] (-) TimerEvent: {}
[51.781054] (-) TimerEvent: {}
[51.881413] (-) TimerEvent: {}
[51.981820] (-) TimerEvent: {}
[52.082357] (-) TimerEvent: {}
[52.182900] (-) TimerEvent: {}
[52.283445] (-) TimerEvent: {}
[52.384104] (-) TimerEvent: {}
[52.484491] (-) TimerEvent: {}
[52.585075] (-) TimerEvent: {}
[52.685314] (-) TimerEvent: {}
[52.785594] (-) TimerEvent: {}
[52.885910] (-) TimerEvent: {}
[52.986173] (-) TimerEvent: {}
[53.086525] (-) TimerEvent: {}
[53.186858] (-) TimerEvent: {}
[53.287554] (-) TimerEvent: {}
[53.388226] (-) TimerEvent: {}
[53.488839] (-) TimerEvent: {}
[53.589264] (-) TimerEvent: {}
[53.689806] (-) TimerEvent: {}
[53.790241] (-) TimerEvent: {}
[53.890718] (-) TimerEvent: {}
[53.991500] (-) TimerEvent: {}
[54.091884] (-) TimerEvent: {}
[54.192428] (-) TimerEvent: {}
[54.292985] (-) TimerEvent: {}
[54.393663] (-) TimerEvent: {}
[54.494382] (-) TimerEvent: {}
[54.594848] (-) TimerEvent: {}
[54.695589] (-) TimerEvent: {}
[54.796186] (-) TimerEvent: {}
[54.896920] (-) TimerEvent: {}
[54.997553] (-) TimerEvent: {}
[55.098140] (-) TimerEvent: {}
[55.198773] (-) TimerEvent: {}
[55.299426] (-) TimerEvent: {}
[55.399959] (-) TimerEvent: {}
[55.500352] (-) TimerEvent: {}
[55.601274] (-) TimerEvent: {}
[56.595650] (-) TimerEvent: {}
[56.696250] (-) TimerEvent: {}
[56.796700] (-) TimerEvent: {}
[56.897056] (-) TimerEvent: {}
[56.997372] (-) TimerEvent: {}
[57.097660] (-) TimerEvent: {}
[57.197960] (-) TimerEvent: {}
[57.298458] (-) TimerEvent: {}
[57.398736] (-) TimerEvent: {}
[57.499088] (-) TimerEvent: {}
[57.599631] (-) TimerEvent: {}
[57.700270] (-) TimerEvent: {}
[57.800846] (-) TimerEvent: {}
[58.977392] (-) TimerEvent: {}
[59.077714] (-) TimerEvent: {}
[59.178152] (-) TimerEvent: {}
[59.278546] (-) TimerEvent: {}
[59.379125] (-) TimerEvent: {}
[59.479684] (-) TimerEvent: {}
[59.580313] (-) TimerEvent: {}
[59.680938] (-) TimerEvent: {}
[59.781562] (-) TimerEvent: {}
[59.882191] (-) TimerEvent: {}
[59.982849] (-) TimerEvent: {}
[60.083474] (-) TimerEvent: {}
[60.184095] (-) TimerEvent: {}
[60.284501] (-) TimerEvent: {}
[60.385159] (-) TimerEvent: {}
[61.453532] (-) TimerEvent: {}
[61.554272] (-) TimerEvent: {}
[61.654739] (-) TimerEvent: {}
[61.755590] (-) TimerEvent: {}
[61.856204] (-) TimerEvent: {}
[61.956804] (-) TimerEvent: {}
[62.057334] (-) TimerEvent: {}
[62.157913] (-) TimerEvent: {}
[62.258526] (-) TimerEvent: {}
[62.359227] (-) TimerEvent: {}
[62.459831] (-) TimerEvent: {}
[62.560331] (-) TimerEvent: {}
[62.660904] (-) TimerEvent: {}
[62.761347] (-) TimerEvent: {}
[62.862320] (-) TimerEvent: {}
[62.962981] (-) TimerEvent: {}
[63.063532] (-) TimerEvent: {}
[63.163980] (-) TimerEvent: {}
[63.264523] (-) TimerEvent: {}
[63.364884] (-) TimerEvent: {}
[63.465332] (-) TimerEvent: {}
[63.565709] (-) TimerEvent: {}
[63.666373] (-) TimerEvent: {}
[63.766977] (-) TimerEvent: {}
[63.867624] (-) TimerEvent: {}
[63.968636] (-) TimerEvent: {}
[64.069554] (-) TimerEvent: {}
[64.170346] (-) TimerEvent: {}
[64.271182] (-) TimerEvent: {}
[64.372172] (-) TimerEvent: {}
[64.472951] (-) TimerEvent: {}
[64.573654] (-) TimerEvent: {}
[64.674363] (-) TimerEvent: {}
[64.774996] (-) TimerEvent: {}
[64.875360] (-) TimerEvent: {}
[64.976302] (-) TimerEvent: {}
[65.076872] (-) TimerEvent: {}
[65.177252] (-) TimerEvent: {}
[65.277933] (-) TimerEvent: {}
[65.378582] (-) TimerEvent: {}
[65.478950] (-) TimerEvent: {}
[65.579911] (-) TimerEvent: {}
[66.891086] (-) TimerEvent: {}
[66.991730] (-) TimerEvent: {}
[67.092570] (-) TimerEvent: {}
[67.193153] (-) TimerEvent: {}
[67.293523] (-) TimerEvent: {}
[67.394234] (-) TimerEvent: {}
[67.494840] (-) TimerEvent: {}
[67.595187] (-) TimerEvent: {}
[67.695951] (-) TimerEvent: {}
[67.796480] (-) TimerEvent: {}
[67.896719] (-) TimerEvent: {}
[67.996989] (-) TimerEvent: {}
[68.097411] (-) TimerEvent: {}
[68.197943] (-) TimerEvent: {}
[68.298602] (-) TimerEvent: {}
[68.399091] (-) TimerEvent: {}
[68.499746] (-) TimerEvent: {}
[68.600421] (-) TimerEvent: {}
[68.701263] (-) TimerEvent: {}
[68.801925] (-) TimerEvent: {}
[68.902484] (-) TimerEvent: {}
[69.002816] (-) TimerEvent: {}
[69.103217] (-) TimerEvent: {}
[69.203869] (-) TimerEvent: {}
[69.304498] (-) TimerEvent: {}
[69.405134] (-) TimerEvent: {}
[69.505667] (-) TimerEvent: {}
[69.606329] (-) TimerEvent: {}
[69.707208] (-) TimerEvent: {}
[69.808339] (-) TimerEvent: {}
[69.908997] (-) TimerEvent: {}
[70.009328] (-) TimerEvent: {}
[70.109973] (-) TimerEvent: {}
[70.210739] (-) TimerEvent: {}
[70.311549] (-) TimerEvent: {}
[70.411967] (-) TimerEvent: {}
[70.512333] (-) TimerEvent: {}
[70.612848] (-) TimerEvent: {}
[72.605556] (-) TimerEvent: {}
[72.706375] (-) TimerEvent: {}
[72.807344] (-) TimerEvent: {}
[72.907995] (-) TimerEvent: {}
[73.008658] (-) TimerEvent: {}
[73.109378] (-) TimerEvent: {}
[73.210005] (-) TimerEvent: {}
[73.310591] (-) TimerEvent: {}
[73.411230] (-) TimerEvent: {}
[73.511948] (-) TimerEvent: {}
[73.612608] (-) TimerEvent: {}
[73.713319] (-) TimerEvent: {}
[73.814058] (-) TimerEvent: {}
[73.914477] (-) TimerEvent: {}
[74.015189] (-) TimerEvent: {}
[74.115737] (-) TimerEvent: {}
[74.216465] (-) TimerEvent: {}
[74.317015] (-) TimerEvent: {}
[74.417440] (-) TimerEvent: {}
[74.518159] (-) TimerEvent: {}
[74.619136] (-) TimerEvent: {}
[74.719989] (-) TimerEvent: {}
[74.820368] (-) TimerEvent: {}
[74.921014] (-) TimerEvent: {}
[75.021661] (-) TimerEvent: {}
[75.122362] (-) TimerEvent: {}
[75.222982] (-) TimerEvent: {}
[75.323664] (-) TimerEvent: {}
[75.424333] (-) TimerEvent: {}
[75.524690] (-) TimerEvent: {}
[75.625636] (-) TimerEvent: {}
[75.726368] (-) TimerEvent: {}
[76.944099] (-) TimerEvent: {}
[77.044354] (-) TimerEvent: {}
[77.144636] (-) TimerEvent: {}
[77.248027] (-) TimerEvent: {}
[77.349739] (-) TimerEvent: {}
[77.451000] (-) TimerEvent: {}
[77.551583] (-) TimerEvent: {}
[77.652882] (-) TimerEvent: {}
[77.753994] (-) TimerEvent: {}
[77.854879] (-) TimerEvent: {}
[77.958249] (-) TimerEvent: {}
[78.058860] (-) TimerEvent: {}
[78.159855] (-) TimerEvent: {}
[78.260170] (-) TimerEvent: {}
[78.360506] (-) TimerEvent: {}
[78.460819] (-) TimerEvent: {}
[78.561064] (-) TimerEvent: {}
[78.661449] (-) TimerEvent: {}
[78.762114] (-) TimerEvent: {}
[78.862641] (-) TimerEvent: {}
[78.962906] (-) TimerEvent: {}
[79.063517] (-) TimerEvent: {}
[79.164069] (-) TimerEvent: {}
[79.264460] (-) TimerEvent: {}
[79.365043] (-) TimerEvent: {}
[79.465598] (-) TimerEvent: {}
[79.566618] (-) TimerEvent: {}
[79.667240] (-) TimerEvent: {}
[79.767882] (-) TimerEvent: {}
[79.868479] (-) TimerEvent: {}
[79.969182] (-) TimerEvent: {}
[80.069644] (-) TimerEvent: {}
[80.170192] (-) TimerEvent: {}
[80.270547] (-) TimerEvent: {}
[80.371191] (-) TimerEvent: {}
[80.471730] (-) TimerEvent: {}
[80.572219] (-) TimerEvent: {}
[80.672758] (-) TimerEvent: {}
[80.773270] (-) TimerEvent: {}
[80.873834] (-) TimerEvent: {}
[80.974090] (-) TimerEvent: {}
[81.074496] (-) TimerEvent: {}
[81.174892] (-) TimerEvent: {}
[81.275597] (-) TimerEvent: {}
[81.376059] (-) TimerEvent: {}
[81.476411] (-) TimerEvent: {}
[81.576991] (-) TimerEvent: {}
[81.677663] (-) TimerEvent: {}
[81.778252] (-) TimerEvent: {}
[81.878647] (-) TimerEvent: {}
[81.979313] (-) TimerEvent: {}
[82.079984] (-) TimerEvent: {}
[82.180567] (-) TimerEvent: {}
[83.117759] (-) TimerEvent: {}
[83.218416] (-) TimerEvent: {}
[83.318990] (-) TimerEvent: {}
[83.419345] (-) TimerEvent: {}
[83.519972] (-) TimerEvent: {}
[83.620229] (-) TimerEvent: {}
[83.720753] (-) TimerEvent: {}
[83.821502] (-) TimerEvent: {}
[83.922081] (-) TimerEvent: {}
[84.022608] (-) TimerEvent: {}
[84.122859] (-) TimerEvent: {}
[84.223089] (-) TimerEvent: {}
[84.323472] (-) TimerEvent: {}
[85.523404] (-) TimerEvent: {}
[85.624091] (-) TimerEvent: {}
[85.724725] (-) TimerEvent: {}
[85.825420] (-) TimerEvent: {}
[85.926199] (-) TimerEvent: {}
[86.026864] (-) TimerEvent: {}
[86.127500] (-) TimerEvent: {}
[86.228315] (-) TimerEvent: {}
[86.329041] (-) TimerEvent: {}
[86.429664] (-) TimerEvent: {}
[86.530310] (-) TimerEvent: {}
[86.630989] (-) TimerEvent: {}
[86.731503] (-) TimerEvent: {}
[86.832032] (-) TimerEvent: {}
[86.932671] (-) TimerEvent: {}
[87.033441] (-) TimerEvent: {}
[87.133833] (-) TimerEvent: {}
[87.234475] (-) TimerEvent: {}
[87.335097] (-) TimerEvent: {}
[87.435745] (-) TimerEvent: {}
[87.536408] (-) TimerEvent: {}
[87.637315] (-) TimerEvent: {}
[87.738119] (-) TimerEvent: {}
[87.838736] (-) TimerEvent: {}
[87.939509] (-) TimerEvent: {}
[88.040345] (-) TimerEvent: {}
[88.140935] (-) TimerEvent: {}
[88.241609] (-) TimerEvent: {}
[88.342486] (-) TimerEvent: {}
[88.443168] (-) TimerEvent: {}
[88.543834] (-) TimerEvent: {}
[88.644375] (-) TimerEvent: {}
[88.744644] (-) TimerEvent: {}
[88.844899] (-) TimerEvent: {}
[88.945163] (-) TimerEvent: {}
[89.045498] (-) TimerEvent: {}
[89.146224] (-) TimerEvent: {}
[89.246648] (-) TimerEvent: {}
[89.347079] (-) TimerEvent: {}
[89.510651] (-) TimerEvent: {}
[89.611018] (-) TimerEvent: {}
[89.711329] (-) TimerEvent: {}
[89.811685] (-) TimerEvent: {}
[89.912040] (-) TimerEvent: {}
[90.012375] (-) TimerEvent: {}
[90.112706] (-) TimerEvent: {}
[90.213101] (-) TimerEvent: {}
[90.313441] (-) TimerEvent: {}
[90.413778] (-) TimerEvent: {}
[90.514127] (-) TimerEvent: {}
[90.614504] (-) TimerEvent: {}
[90.714847] (-) TimerEvent: {}
[90.815895] (-) TimerEvent: {}
[90.916258] (-) TimerEvent: {}
[91.016613] (-) TimerEvent: {}
[91.116978] (-) TimerEvent: {}
[91.217858] (-) TimerEvent: {}
[91.318205] (-) TimerEvent: {}
[91.418553] (-) TimerEvent: {}
[91.518867] (-) TimerEvent: {}
[91.619241] (-) TimerEvent: {}
[91.719571] (-) TimerEvent: {}
[91.819928] (-) TimerEvent: {}
[91.920259] (-) TimerEvent: {}
[92.020578] (-) TimerEvent: {}
[94.287804] (-) TimerEvent: {}
[94.389850] (-) TimerEvent: {}
[94.490184] (-) TimerEvent: {}
[94.590605] (-) TimerEvent: {}
[94.690967] (-) TimerEvent: {}
[94.791341] (-) TimerEvent: {}
[94.891690] (-) TimerEvent: {}
[94.992058] (-) TimerEvent: {}
[95.092421] (-) TimerEvent: {}
[95.192765] (-) TimerEvent: {}
[95.293122] (-) TimerEvent: {}
[95.393455] (-) TimerEvent: {}
[95.493808] (-) TimerEvent: {}
[95.594152] (-) TimerEvent: {}
[95.694515] (-) TimerEvent: {}
[95.795534] (-) TimerEvent: {}
[95.895861] (-) TimerEvent: {}
[95.996187] (-) TimerEvent: {}
[96.096541] (-) TimerEvent: {}
[96.196863] (-) TimerEvent: {}
[96.297227] (-) TimerEvent: {}
[96.397567] (-) TimerEvent: {}
[96.497854] (-) TimerEvent: {}
[98.965153] (-) TimerEvent: {}
[99.065462] (-) TimerEvent: {}
[99.165768] (-) TimerEvent: {}
[99.266056] (-) TimerEvent: {}
[99.366368] (-) TimerEvent: {}
[99.466672] (-) TimerEvent: {}
[99.566964] (-) TimerEvent: {}
[99.667224] (-) TimerEvent: {}
[99.767612] (-) TimerEvent: {}
[99.867936] (-) TimerEvent: {}
[99.968233] (-) TimerEvent: {}
[100.068557] (-) TimerEvent: {}
[100.168853] (-) TimerEvent: {}
[100.269231] (-) TimerEvent: {}
[100.369557] (-) TimerEvent: {}
[100.469816] (-) TimerEvent: {}
[100.570118] (-) TimerEvent: {}
[100.670384] (-) TimerEvent: {}
[100.770666] (-) TimerEvent: {}
[100.870903] (-) TimerEvent: {}
[100.971146] (-) TimerEvent: {}
[100.995959] (orb_slam3_map_generator) StdoutLine: {'line': b'[ 66%] \x1b[32m\x1b[1mLinking CXX executable get_landmarks_simulator\x1b[0m\n'}
[101.238344] (-) TimerEvent: {}
[101.338605] (-) TimerEvent: {}
[101.438866] (-) TimerEvent: {}
[103.566023] (orb_slam3_ros2_wrapper) StdoutLine: {'line': b'[ 92%] \x1b[32m\x1b[1mLinking CXX executable typeconversionTests\x1b[0m\n'}
[103.568654] (-) TimerEvent: {}
[103.668937] (-) TimerEvent: {}
[103.769276] (-) TimerEvent: {}
[103.869600] (-) TimerEvent: {}
[103.970042] (-) TimerEvent: {}
[104.070349] (-) TimerEvent: {}
[104.170622] (-) TimerEvent: {}
[104.270923] (-) TimerEvent: {}
[104.371301] (-) TimerEvent: {}
[104.471643] (-) TimerEvent: {}
[104.571992] (-) TimerEvent: {}
[104.672312] (-) TimerEvent: {}
[104.772621] (-) TimerEvent: {}
[104.872965] (-) TimerEvent: {}
[104.973254] (-) TimerEvent: {}
[105.073617] (-) TimerEvent: {}
[105.173906] (-) TimerEvent: {}
[105.211970] (orb_slam3_map_generator) StdoutLine: {'line': b'[ 66%] Built target get_landmarks_simulator\n'}
[105.274007] (-) TimerEvent: {}
[105.374303] (-) TimerEvent: {}
[105.474604] (-) TimerEvent: {}
[105.575918] (-) TimerEvent: {}
[105.676268] (-) TimerEvent: {}
[105.776525] (-) TimerEvent: {}
[105.876836] (-) TimerEvent: {}
[105.977112] (-) TimerEvent: {}
[106.077380] (-) TimerEvent: {}
[106.129579] (orb_slam3_ros2_wrapper) StdoutLine: {'line': b'[ 92%] Built target typeconversionTests\n'}
[106.177505] (-) TimerEvent: {}
[106.277795] (-) TimerEvent: {}
[106.378109] (-) TimerEvent: {}
[106.478400] (-) TimerEvent: {}
[106.578682] (-) TimerEvent: {}
[106.678935] (-) TimerEvent: {}
[106.779171] (-) TimerEvent: {}
[106.879446] (-) TimerEvent: {}
[106.979725] (-) TimerEvent: {}
[107.080023] (-) TimerEvent: {}
[107.180278] (-) TimerEvent: {}
[107.280574] (-) TimerEvent: {}
[107.291951] (orb_slam3_map_generator) StdoutLine: {'line': b'[ 83%] \x1b[32m\x1b[1mLinking CXX executable pointcloud_stitcher\x1b[0m\n'}
[107.380685] (-) TimerEvent: {}
[107.481091] (-) TimerEvent: {}
[107.581400] (-) TimerEvent: {}
[107.681718] (-) TimerEvent: {}
[107.781989] (-) TimerEvent: {}
[107.882250] (-) TimerEvent: {}
[107.982557] (-) TimerEvent: {}
[108.082845] (-) TimerEvent: {}
[108.143421] (orb_slam3_map_generator) StdoutLine: {'line': b'[ 83%] Built target pointcloud_stitcher\n'}
[108.182933] (-) TimerEvent: {}
[108.283196] (-) TimerEvent: {}
[108.383488] (-) TimerEvent: {}
[108.465299] (orb_slam3_map_generator) StdoutLine: {'line': b'[100%] \x1b[32m\x1b[1mLinking CXX executable depth_image_to_pcl\x1b[0m\n'}
[108.483610] (-) TimerEvent: {}
[108.583848] (-) TimerEvent: {}
[108.684145] (-) TimerEvent: {}
[108.784388] (-) TimerEvent: {}
[108.871713] (orb_slam3_map_generator) StderrLine: {'line': b'/usr/bin/ld: warning: libopencv_imgcodecs.so.4.5d, needed by /opt/ros/humble/lib/libcv_bridge.so, may conflict with libopencv_imgcodecs.so.4.4\n'}
[108.877591] (orb_slam3_map_generator) StderrLine: {'line': b'/usr/bin/ld: warning: libopencv_core.so.4.5d, needed by /opt/ros/humble/lib/libcv_bridge.so, may conflict with libopencv_core.so.4.4\n'}
[108.884501] (-) TimerEvent: {}
[108.984739] (-) TimerEvent: {}
[109.085019] (-) TimerEvent: {}
[109.185319] (-) TimerEvent: {}
[109.285604] (-) TimerEvent: {}
[109.307494] (orb_slam3_map_generator) StdoutLine: {'line': b'[100%] Built target depth_image_to_pcl\n'}
[109.330405] (orb_slam3_map_generator) CommandEnded: {'returncode': 0}
[109.332855] (orb_slam3_map_generator) JobProgress: {'identifier': 'orb_slam3_map_generator', 'progress': 'install'}
[109.334710] (orb_slam3_map_generator) Command: {'cmd': ['/usr/bin/cmake', '--install', '/root/build/orb_slam3_map_generator'], 'cwd': '/root/build/orb_slam3_map_generator', 'env': OrderedDict([('HOSTNAME', 'LP-Boston-12214'), ('SHLVL', '1'), ('LD_LIBRARY_PATH', '/root/install/slam_msgs/lib:/root/colcon_ws/install/slam_msgs/lib:/opt/ros/humble/opt/rviz_ogre_vendor/lib:/opt/ros/humble/lib/x86_64-linux-gnu:/opt/ros/humble/lib'), ('HOME', '/root'), ('CYCLONEDDS_URI', '/root/.ros/cyclonedds.xml'), ('OLDPWD', '/'), ('ROS_PYTHON_VERSION', '3'), ('COLCON_PREFIX_PATH', '/root/colcon_ws/install'), ('ROS_DISTRO', 'humble'), ('_', '/usr/bin/colcon'), ('ROS_VERSION', '2'), ('TERM', 'xterm'), ('ROS_LOCALHOST_ONLY', '0'), ('PATH', '/opt/ros/humble/bin:/usr/local/sbin:/usr/local/bin:/usr/sbin:/usr/bin:/sbin:/bin'), ('XDG_RUNTIME_DIR', '/tmp/runtime-root'), ('DISPLAY', ':1'), ('LANG', 'C.UTF-8'), ('RMW_IMPLEMENTATION', 'rmw_cyclonedds_cpp'), ('LS_COLORS', 'rs=0:di=01;34:ln=01;36:mh=00:pi=40;33:so=01;35:do=01;35:bd=40;33;01:cd=40;33;01:or=40;31;01:mi=00:su=37;41:sg=30;43:ca=30;41:tw=30;42:ow=34;42:st=37;44:ex=01;32:*.tar=01;31:*.tgz=01;31:*.arc=01;31:*.arj=01;31:*.taz=01;31:*.lha=01;31:*.lz4=01;31:*.lzh=01;31:*.lzma=01;31:*.tlz=01;31:*.txz=01;31:*.tzo=01;31:*.t7z=01;31:*.zip=01;31:*.z=01;31:*.dz=01;31:*.gz=01;31:*.lrz=01;31:*.lz=01;31:*.lzo=01;31:*.xz=01;31:*.zst=01;31:*.tzst=01;31:*.bz2=01;31:*.bz=01;31:*.tbz=01;31:*.tbz2=01;31:*.tz=01;31:*.deb=01;31:*.rpm=01;31:*.jar=01;31:*.war=01;31:*.ear=01;31:*.sar=01;31:*.rar=01;31:*.alz=01;31:*.ace=01;31:*.zoo=01;31:*.cpio=01;31:*.7z=01;31:*.rz=01;31:*.cab=01;31:*.wim=01;31:*.swm=01;31:*.dwm=01;31:*.esd=01;31:*.jpg=01;35:*.jpeg=01;35:*.mjpg=01;35:*.mjpeg=01;35:*.gif=01;35:*.bmp=01;35:*.pbm=01;35:*.pgm=01;35:*.ppm=01;35:*.tga=01;35:*.xbm=01;35:*.xpm=01;35:*.tif=01;35:*.tiff=01;35:*.png=01;35:*.svg=01;35:*.svgz=01;35:*.mng=01;35:*.pcx=01;35:*.mov=01;35:*.mpg=01;35:*.mpeg=01;35:*.m2v=01;35:*.mkv=01;35:*.webm=01;35:*.webp=01;35:*.ogm=01;35:*.mp4=01;35:*.m4v=01;35:*.mp4v=01;35:*.vob=01;35:*.qt=01;35:*.nuv=01;35:*.wmv=01;35:*.asf=01;35:*.rm=01;35:*.rmvb=01;35:*.flc=01;35:*.avi=01;35:*.fli=01;35:*.flv=01;35:*.gl=01;35:*.dl=01;35:*.xcf=01;35:*.xwd=01;35:*.yuv=01;35:*.cgm=01;35:*.emf=01;35:*.ogv=01;35:*.ogx=01;35:*.aac=00;36:*.au=00;36:*.flac=00;36:*.m4a=00;36:*.mid=00;36:*.midi=00;36:*.mka=00;36:*.mp3=00;36:*.mpc=00;36:*.ogg=00;36:*.ra=00;36:*.wav=00;36:*.oga=00;36:*.opus=00;36:*.spx=00;36:*.xspf=00;36:'), ('ROS_DOMAIN_ID', '55'), ('AMENT_PREFIX_PATH', '/root/install/slam_msgs:/root/colcon_ws/install/orb_slam3_ros2_wrapper:/root/colcon_ws/install/orb_slam3_planner:/root/colcon_ws/install/orb_slam3_map_generator:/root/colcon_ws/install/map_merger:/root/colcon_ws/install/slam_msgs:/root/colcon_ws/install/color_pose_corrector:/opt/ros/humble'), ('PWD', '/root/build/orb_slam3_map_generator'), ('LC_ALL', 'C.UTF-8'), ('RCUTILS_COLORIZED_OUTPUT', '1'), ('PYTHONPATH', '/root/install/slam_msgs/local/lib/python3.10/dist-packages:/root/colcon_ws/build/orb_slam3_planner:/root/colcon_ws/install/orb_slam3_planner/lib/python3.10/site-packages:/root/colcon_ws/build/map_merger:/root/colcon_ws/install/map_merger/lib/python3.10/site-packages:/root/colcon_ws/install/slam_msgs/local/lib/python3.10/dist-packages:/root/colcon_ws/install/color_pose_corrector/lib/python3.10/site-packages:/opt/ros/humble/lib/python3.10/site-packages:/opt/ros/humble/local/lib/python3.10/dist-packages'), ('COLCON', '1'), ('CMAKE_PREFIX_PATH', '/root/install/slam_msgs:/root/colcon_ws/install/orb_slam3_ros2_wrapper:/root/colcon_ws/install/orb_slam3_map_generator:/root/colcon_ws/install/slam_msgs:/root/colcon_ws/install/orb_slam3_planner:/root/colcon_ws/install/map_merger:/root/colcon_ws/install/color_pose_corrector:/opt/ros/humble')]), 'shell': False}
[109.347553] (orb_slam3_map_generator) StdoutLine: {'line': b'-- Install configuration: "Release"\n'}
[109.349346] (orb_slam3_map_generator) StdoutLine: {'line': b'-- Installing: /root/install/orb_slam3_map_generator/lib/orb_slam3_map_generator/pointcloud_stitcher\n'}
[109.351240] (orb_slam3_map_generator) StdoutLine: {'line': b'-- Set runtime path of "/root/install/orb_slam3_map_generator/lib/orb_slam3_map_generator/pointcloud_stitcher" to ""\n'}
[109.352239] (orb_slam3_map_generator) StdoutLine: {'line': b'-- Installing: /root/install/orb_slam3_map_generator/lib/orb_slam3_map_generator/depth_image_to_pcl\n'}
[109.354050] (orb_slam3_map_generator) StdoutLine: {'line': b'-- Set runtime path of "/root/install/orb_slam3_map_generator/lib/orb_slam3_map_generator/depth_image_to_pcl" to ""\n'}
[109.354946] (orb_slam3_map_generator) StdoutLine: {'line': b'-- Installing: /root/install/orb_slam3_map_generator/lib/orb_slam3_map_generator/get_landmarks_simulator\n'}
[109.356290] (orb_slam3_map_generator) StdoutLine: {'line': b'-- Set runtime path of "/root/install/orb_slam3_map_generator/lib/orb_slam3_map_generator/get_landmarks_simulator" to ""\n'}
[109.356518] (orb_slam3_map_generator) StdoutLine: {'line': b'-- Up-to-date: /root/install/orb_slam3_map_generator/share/orb_slam3_map_generator/launch\n'}
[109.356873] (orb_slam3_map_generator) StdoutLine: {'line': b'-- Up-to-date: /root/install/orb_slam3_map_generator/share/orb_slam3_map_generator/launch/map_generator.launch.py\n'}
[109.357007] (orb_slam3_map_generator) StdoutLine: {'line': b'-- Up-to-date: /root/install/orb_slam3_map_generator/share/orb_slam3_map_generator/param\n'}
[109.357261] (orb_slam3_map_generator) StdoutLine: {'line': b'-- Up-to-date: /root/install/orb_slam3_map_generator/share/orb_slam3_map_generator/param/map_generator_params.yaml\n'}
[109.357733] (orb_slam3_map_generator) StdoutLine: {'line': b'-- Up-to-date: /root/install/orb_slam3_map_generator/share/ament_index/resource_index/package_run_dependencies/orb_slam3_map_generator\n'}
[109.357898] (orb_slam3_map_generator) StdoutLine: {'line': b'-- Installing: /root/install/orb_slam3_map_generator/share/ament_index/resource_index/parent_prefix_path/orb_slam3_map_generator\n'}
[109.358671] (orb_slam3_map_generator) StdoutLine: {'line': b'-- Installing: /root/install/orb_slam3_map_generator/share/orb_slam3_map_generator/environment/ament_prefix_path.sh\n'}
[109.359250] (orb_slam3_map_generator) StdoutLine: {'line': b'-- Installing: /root/install/orb_slam3_map_generator/share/orb_slam3_map_generator/environment/ament_prefix_path.dsv\n'}
[109.359595] (orb_slam3_map_generator) StdoutLine: {'line': b'-- Installing: /root/install/orb_slam3_map_generator/share/orb_slam3_map_generator/environment/path.sh\n'}
[109.359984] (orb_slam3_map_generator) StdoutLine: {'line': b'-- Installing: /root/install/orb_slam3_map_generator/share/orb_slam3_map_generator/environment/path.dsv\n'}
[109.360455] (orb_slam3_map_generator) StdoutLine: {'line': b'-- Up-to-date: /root/install/orb_slam3_map_generator/share/orb_slam3_map_generator/local_setup.bash\n'}
[109.360664] (orb_slam3_map_generator) StdoutLine: {'line': b'-- Up-to-date: /root/install/orb_slam3_map_generator/share/orb_slam3_map_generator/local_setup.sh\n'}
[109.360776] (orb_slam3_map_generator) StdoutLine: {'line': b'-- Up-to-date: /root/install/orb_slam3_map_generator/share/orb_slam3_map_generator/local_setup.zsh\n'}
[109.360915] (orb_slam3_map_generator) StdoutLine: {'line': b'-- Installing: /root/install/orb_slam3_map_generator/share/orb_slam3_map_generator/local_setup.dsv\n'}
[109.361101] (orb_slam3_map_generator) StdoutLine: {'line': b'-- Installing: /root/install/orb_slam3_map_generator/share/orb_slam3_map_generator/package.dsv\n'}
[109.361768] (orb_slam3_map_generator) StdoutLine: {'line': b'-- Up-to-date: /root/install/orb_slam3_map_generator/share/ament_index/resource_index/packages/orb_slam3_map_generator\n'}
[109.362125] (orb_slam3_map_generator) StdoutLine: {'line': b'-- Up-to-date: /root/install/orb_slam3_map_generator/share/orb_slam3_map_generator/cmake/orb_slam3_map_generatorConfig.cmake\n'}
[109.362294] (orb_slam3_map_generator) StdoutLine: {'line': b'-- Up-to-date: /root/install/orb_slam3_map_generator/share/orb_slam3_map_generator/cmake/orb_slam3_map_generatorConfig-version.cmake\n'}
[109.362412] (orb_slam3_map_generator) StdoutLine: {'line': b'-- Up-to-date: /root/install/orb_slam3_map_generator/share/orb_slam3_map_generator/package.xml\n'}
[109.365791] (orb_slam3_map_generator) CommandEnded: {'returncode': 0}
[109.385348] (orb_slam3_map_generator) JobEnded: {'identifier': 'orb_slam3_map_generator', 'rc': 0}
[109.385791] (-) TimerEvent: {}
[109.485978] (-) TimerEvent: {}
[109.586211] (-) TimerEvent: {}
[109.686505] (-) TimerEvent: {}
[109.786777] (-) TimerEvent: {}
[109.887051] (-) TimerEvent: {}
[109.987342] (-) TimerEvent: {}
[110.087643] (-) TimerEvent: {}
[110.187889] (-) TimerEvent: {}
[110.288145] (-) TimerEvent: {}
[110.388413] (-) TimerEvent: {}
[110.488698] (-) TimerEvent: {}
[110.588981] (-) TimerEvent: {}
[110.689261] (-) TimerEvent: {}
[110.789522] (-) TimerEvent: {}
[110.889779] (-) TimerEvent: {}
[110.990070] (-) TimerEvent: {}
[111.090330] (-) TimerEvent: {}
[111.190594] (-) TimerEvent: {}
[111.290871] (-) TimerEvent: {}
[111.391180] (-) TimerEvent: {}
[111.491506] (-) TimerEvent: {}
[111.591819] (-) TimerEvent: {}
[111.692139] (-) TimerEvent: {}
[111.792481] (-) TimerEvent: {}
[111.892807] (-) TimerEvent: {}
[111.993116] (-) TimerEvent: {}
[112.093458] (-) TimerEvent: {}
[112.193775] (-) TimerEvent: {}
[112.294106] (-) TimerEvent: {}
[112.394459] (-) TimerEvent: {}
[112.494792] (-) TimerEvent: {}
[112.595107] (-) TimerEvent: {}
[112.695362] (-) TimerEvent: {}
[112.795634] (-) TimerEvent: {}
[112.895880] (-) TimerEvent: {}
[112.996130] (-) TimerEvent: {}
[113.096377] (-) TimerEvent: {}
[113.196629] (-) TimerEvent: {}
[113.296880] (-) TimerEvent: {}
[113.397122] (-) TimerEvent: {}
[113.497412] (-) TimerEvent: {}
[113.597689] (-) TimerEvent: {}
[113.697948] (-) TimerEvent: {}
[113.798202] (-) TimerEvent: {}
[113.898460] (-) TimerEvent: {}
[113.998709] (-) TimerEvent: {}
[114.099025] (-) TimerEvent: {}
[114.199287] (-) TimerEvent: {}
[114.299531] (-) TimerEvent: {}
[114.399781] (-) TimerEvent: {}
[114.500005] (-) TimerEvent: {}
[114.600260] (-) TimerEvent: {}
[114.700513] (-) TimerEvent: {}
[114.800763] (-) TimerEvent: {}
[114.901071] (-) TimerEvent: {}
[115.001320] (-) TimerEvent: {}
[115.101574] (-) TimerEvent: {}
[115.201833] (-) TimerEvent: {}
[115.302096] (-) TimerEvent: {}
[115.402378] (-) TimerEvent: {}
[115.502633] (-) TimerEvent: {}
[115.602887] (-) TimerEvent: {}
[115.703128] (-) TimerEvent: {}
[115.803346] (-) TimerEvent: {}
[115.903623] (-) TimerEvent: {}
[116.003882] (-) TimerEvent: {}
[116.104145] (-) TimerEvent: {}
[116.204391] (-) TimerEvent: {}
[116.304639] (-) TimerEvent: {}
[116.404895] (-) TimerEvent: {}
[116.505142] (-) TimerEvent: {}
[116.605358] (-) TimerEvent: {}
[116.705610] (-) TimerEvent: {}
[116.805860] (-) TimerEvent: {}
[116.906112] (-) TimerEvent: {}
[117.006363] (-) TimerEvent: {}
[117.106608] (-) TimerEvent: {}
[117.206854] (-) TimerEvent: {}
[117.307103] (-) TimerEvent: {}
[117.407350] (-) TimerEvent: {}
[117.507598] (-) TimerEvent: {}
[117.607845] (-) TimerEvent: {}
[117.708100] (-) TimerEvent: {}
[117.808365] (-) TimerEvent: {}
[117.908625] (-) TimerEvent: {}
[118.008837] (-) TimerEvent: {}
[118.109131] (-) TimerEvent: {}
[118.209382] (-) TimerEvent: {}
[118.309633] (-) TimerEvent: {}
[118.409878] (-) TimerEvent: {}
[118.510207] (-) TimerEvent: {}
[118.610466] (-) TimerEvent: {}
[118.710748] (-) TimerEvent: {}
[118.811037] (-) TimerEvent: {}
[118.911259] (-) TimerEvent: {}
[119.011528] (-) TimerEvent: {}
[119.111794] (-) TimerEvent: {}
[119.212008] (-) TimerEvent: {}
[119.312257] (-) TimerEvent: {}
[119.412510] (-) TimerEvent: {}
[119.512758] (-) TimerEvent: {}
[119.612978] (-) TimerEvent: {}
[119.713226] (-) TimerEvent: {}
[119.813478] (-) TimerEvent: {}
[119.913734] (-) TimerEvent: {}
[120.013976] (-) TimerEvent: {}
[120.114257] (-) TimerEvent: {}
[120.214505] (-) TimerEvent: {}
[120.314762] (-) TimerEvent: {}
[120.415028] (-) TimerEvent: {}
[120.515279] (-) TimerEvent: {}
[120.615536] (-) TimerEvent: {}
[120.715803] (-) TimerEvent: {}
[120.816054] (-) TimerEvent: {}
[120.916305] (-) TimerEvent: {}
[121.016549] (-) TimerEvent: {}
[121.116817] (-) TimerEvent: {}
[121.217073] (-) TimerEvent: {}
[121.317332] (-) TimerEvent: {}
[121.417594] (-) TimerEvent: {}
[121.517853] (-) TimerEvent: {}
[121.618141] (-) TimerEvent: {}
[121.718357] (-) TimerEvent: {}
[121.818610] (-) TimerEvent: {}
[121.918865] (-) TimerEvent: {}
[122.019130] (-) TimerEvent: {}
[122.119382] (-) TimerEvent: {}
[122.219632] (-) TimerEvent: {}
[122.319923] (-) TimerEvent: {}
[122.415855] (orb_slam3_ros2_wrapper) StdoutLine: {'line': b'[100%] \x1b[32m\x1b[1mLinking CXX executable rgbd\x1b[0m\n'}
[122.419984] (-) TimerEvent: {}
[122.520205] (-) TimerEvent: {}
[122.620466] (-) TimerEvent: {}
[122.720737] (-) TimerEvent: {}
[122.821025] (-) TimerEvent: {}
[122.921298] (-) TimerEvent: {}
[123.021570] (-) TimerEvent: {}
[123.032556] (orb_slam3_ros2_wrapper) StderrLine: {'line': b'/usr/bin/ld: warning: libopencv_imgcodecs.so.4.5d, needed by /opt/ros/humble/lib/libcv_bridge.so, may conflict with libopencv_imgcodecs.so.4.4\n'}
[123.121696] (-) TimerEvent: {}
[123.221967] (-) TimerEvent: {}
[123.322258] (-) TimerEvent: {}
[123.422526] (-) TimerEvent: {}
[123.475434] (orb_slam3_ros2_wrapper) StdoutLine: {'line': b'[100%] Built target rgbd\n'}
[123.490498] (orb_slam3_ros2_wrapper) CommandEnded: {'returncode': 0}
[123.491281] (orb_slam3_ros2_wrapper) JobProgress: {'identifier': 'orb_slam3_ros2_wrapper', 'progress': 'install'}
[123.492709] (orb_slam3_ros2_wrapper) Command: {'cmd': ['/usr/bin/cmake', '--install', '/root/build/orb_slam3_ros2_wrapper'], 'cwd': '/root/build/orb_slam3_ros2_wrapper', 'env': OrderedDict([('HOSTNAME', 'LP-Boston-12214'), ('SHLVL', '1'), ('LD_LIBRARY_PATH', '/root/install/slam_msgs/lib:/root/colcon_ws/install/slam_msgs/lib:/opt/ros/humble/opt/rviz_ogre_vendor/lib:/opt/ros/humble/lib/x86_64-linux-gnu:/opt/ros/humble/lib'), ('HOME', '/root'), ('CYCLONEDDS_URI', '/root/.ros/cyclonedds.xml'), ('OLDPWD', '/'), ('ROS_PYTHON_VERSION', '3'), ('COLCON_PREFIX_PATH', '/root/colcon_ws/install'), ('ROS_DISTRO', 'humble'), ('_', '/usr/bin/colcon'), ('ROS_VERSION', '2'), ('TERM', 'xterm'), ('ROS_LOCALHOST_ONLY', '0'), ('PATH', '/opt/ros/humble/bin:/usr/local/sbin:/usr/local/bin:/usr/sbin:/usr/bin:/sbin:/bin'), ('XDG_RUNTIME_DIR', '/tmp/runtime-root'), ('DISPLAY', ':1'), ('LANG', 'C.UTF-8'), ('RMW_IMPLEMENTATION', 'rmw_cyclonedds_cpp'), ('LS_COLORS', 'rs=0:di=01;34:ln=01;36:mh=00:pi=40;33:so=01;35:do=01;35:bd=40;33;01:cd=40;33;01:or=40;31;01:mi=00:su=37;41:sg=30;43:ca=30;41:tw=30;42:ow=34;42:st=37;44:ex=01;32:*.tar=01;31:*.tgz=01;31:*.arc=01;31:*.arj=01;31:*.taz=01;31:*.lha=01;31:*.lz4=01;31:*.lzh=01;31:*.lzma=01;31:*.tlz=01;31:*.txz=01;31:*.tzo=01;31:*.t7z=01;31:*.zip=01;31:*.z=01;31:*.dz=01;31:*.gz=01;31:*.lrz=01;31:*.lz=01;31:*.lzo=01;31:*.xz=01;31:*.zst=01;31:*.tzst=01;31:*.bz2=01;31:*.bz=01;31:*.tbz=01;31:*.tbz2=01;31:*.tz=01;31:*.deb=01;31:*.rpm=01;31:*.jar=01;31:*.war=01;31:*.ear=01;31:*.sar=01;31:*.rar=01;31:*.alz=01;31:*.ace=01;31:*.zoo=01;31:*.cpio=01;31:*.7z=01;31:*.rz=01;31:*.cab=01;31:*.wim=01;31:*.swm=01;31:*.dwm=01;31:*.esd=01;31:*.jpg=01;35:*.jpeg=01;35:*.mjpg=01;35:*.mjpeg=01;35:*.gif=01;35:*.bmp=01;35:*.pbm=01;35:*.pgm=01;35:*.ppm=01;35:*.tga=01;35:*.xbm=01;35:*.xpm=01;35:*.tif=01;35:*.tiff=01;35:*.png=01;35:*.svg=01;35:*.svgz=01;35:*.mng=01;35:*.pcx=01;35:*.mov=01;35:*.mpg=01;35:*.mpeg=01;35:*.m2v=01;35:*.mkv=01;35:*.webm=01;35:*.webp=01;35:*.ogm=01;35:*.mp4=01;35:*.m4v=01;35:*.mp4v=01;35:*.vob=01;35:*.qt=01;35:*.nuv=01;35:*.wmv=01;35:*.asf=01;35:*.rm=01;35:*.rmvb=01;35:*.flc=01;35:*.avi=01;35:*.fli=01;35:*.flv=01;35:*.gl=01;35:*.dl=01;35:*.xcf=01;35:*.xwd=01;35:*.yuv=01;35:*.cgm=01;35:*.emf=01;35:*.ogv=01;35:*.ogx=01;35:*.aac=00;36:*.au=00;36:*.flac=00;36:*.m4a=00;36:*.mid=00;36:*.midi=00;36:*.mka=00;36:*.mp3=00;36:*.mpc=00;36:*.ogg=00;36:*.ra=00;36:*.wav=00;36:*.oga=00;36:*.opus=00;36:*.spx=00;36:*.xspf=00;36:'), ('ROS_DOMAIN_ID', '55'), ('AMENT_PREFIX_PATH', '/root/install/slam_msgs:/root/colcon_ws/install/orb_slam3_ros2_wrapper:/root/colcon_ws/install/orb_slam3_planner:/root/colcon_ws/install/orb_slam3_map_generator:/root/colcon_ws/install/map_merger:/root/colcon_ws/install/slam_msgs:/root/colcon_ws/install/color_pose_corrector:/opt/ros/humble'), ('PWD', '/root/build/orb_slam3_ros2_wrapper'), ('LC_ALL', 'C.UTF-8'), ('RCUTILS_COLORIZED_OUTPUT', '1'), ('PYTHONPATH', '/root/install/slam_msgs/local/lib/python3.10/dist-packages:/root/colcon_ws/build/orb_slam3_planner:/root/colcon_ws/install/orb_slam3_planner/lib/python3.10/site-packages:/root/colcon_ws/build/map_merger:/root/colcon_ws/install/map_merger/lib/python3.10/site-packages:/root/colcon_ws/install/slam_msgs/local/lib/python3.10/dist-packages:/root/colcon_ws/install/color_pose_corrector/lib/python3.10/site-packages:/opt/ros/humble/lib/python3.10/site-packages:/opt/ros/humble/local/lib/python3.10/dist-packages'), ('COLCON', '1'), ('CMAKE_PREFIX_PATH', '/root/install/slam_msgs:/root/colcon_ws/install/orb_slam3_ros2_wrapper:/root/colcon_ws/install/orb_slam3_map_generator:/root/colcon_ws/install/slam_msgs:/root/colcon_ws/install/orb_slam3_planner:/root/colcon_ws/install/map_merger:/root/colcon_ws/install/color_pose_corrector:/opt/ros/humble')]), 'shell': False}
[123.499958] (orb_slam3_ros2_wrapper) StdoutLine: {'line': b'-- Install configuration: "Release"\n'}
[123.501581] (orb_slam3_ros2_wrapper) StdoutLine: {'line': b'-- Installing: /root/install/orb_slam3_ros2_wrapper/lib/orb_slam3_ros2_wrapper/rgbd\n'}
[123.504011] (orb_slam3_ros2_wrapper) StdoutLine: {'line': b'-- Set runtime path of "/root/install/orb_slam3_ros2_wrapper/lib/orb_slam3_ros2_wrapper/rgbd" to ""\n'}
[123.504465] (orb_slam3_ros2_wrapper) StdoutLine: {'line': b'-- Up-to-date: /root/install/orb_slam3_ros2_wrapper/share/orb_slam3_ros2_wrapper/launch\n'}
[123.505018] (orb_slam3_ros2_wrapper) StdoutLine: {'line': b'-- Up-to-date: /root/install/orb_slam3_ros2_wrapper/share/orb_slam3_ros2_wrapper/launch/rgbd.launch.py\n'}
[123.505191] (orb_slam3_ros2_wrapper) StdoutLine: {'line': b'-- Up-to-date: /root/install/orb_slam3_ros2_wrapper/share/orb_slam3_ros2_wrapper/launch/multi_robot.launch.py\n'}
[123.505266] (orb_slam3_ros2_wrapper) StdoutLine: {'line': b'-- Up-to-date: /root/install/orb_slam3_ros2_wrapper/share/orb_slam3_ros2_wrapper/launch/unirobot.launch.py\n'}
[123.505329] (orb_slam3_ros2_wrapper) StdoutLine: {'line': b'-- Up-to-date: /root/install/orb_slam3_ros2_wrapper/share/orb_slam3_ros2_wrapper/params\n'}
[123.505588] (orb_slam3_ros2_wrapper) StdoutLine: {'line': b'-- Up-to-date: /root/install/orb_slam3_ros2_wrapper/share/orb_slam3_ros2_wrapper/params/rgbd-ros-params.yaml\n'}
[123.505754] (orb_slam3_ros2_wrapper) StdoutLine: {'line': b'-- Up-to-date: /root/install/orb_slam3_ros2_wrapper/share/orb_slam3_ros2_wrapper/params/zed2i_kratos.yaml\n'}
[123.505868] (orb_slam3_ros2_wrapper) StdoutLine: {'line': b'-- Up-to-date: /root/install/orb_slam3_ros2_wrapper/share/orb_slam3_ros2_wrapper/params/zed2i.yaml\n'}
[123.505939] (orb_slam3_ros2_wrapper) StdoutLine: {'line': b'-- Up-to-date: /root/install/orb_slam3_ros2_wrapper/share/orb_slam3_ros2_wrapper/params/gazebo_rgbd.yaml\n'}
[123.505986] (orb_slam3_ros2_wrapper) StdoutLine: {'line': b'-- Up-to-date: /root/install/orb_slam3_ros2_wrapper/share/orb_slam3_ros2_wrapper/params/orbbec_astra.yaml\n'}
[123.506252] (orb_slam3_ros2_wrapper) StdoutLine: {'line': b'-- Up-to-date: /root/install/orb_slam3_ros2_wrapper/share/ament_index/resource_index/package_run_dependencies/orb_slam3_ros2_wrapper\n'}
[123.506581] (orb_slam3_ros2_wrapper) StdoutLine: {'line': b'-- Installing: /root/install/orb_slam3_ros2_wrapper/share/ament_index/resource_index/parent_prefix_path/orb_slam3_ros2_wrapper\n'}
[123.507325] (orb_slam3_ros2_wrapper) StdoutLine: {'line': b'-- Installing: /root/install/orb_slam3_ros2_wrapper/share/orb_slam3_ros2_wrapper/environment/ament_prefix_path.sh\n'}
[123.507786] (orb_slam3_ros2_wrapper) StdoutLine: {'line': b'-- Installing: /root/install/orb_slam3_ros2_wrapper/share/orb_slam3_ros2_wrapper/environment/ament_prefix_path.dsv\n'}
[123.508328] (orb_slam3_ros2_wrapper) StdoutLine: {'line': b'-- Installing: /root/install/orb_slam3_ros2_wrapper/share/orb_slam3_ros2_wrapper/environment/path.sh\n'}
[123.508645] (orb_slam3_ros2_wrapper) StdoutLine: {'line': b'-- Installing: /root/install/orb_slam3_ros2_wrapper/share/orb_slam3_ros2_wrapper/environment/path.dsv\n'}
[123.509218] (orb_slam3_ros2_wrapper) StdoutLine: {'line': b'-- Up-to-date: /root/install/orb_slam3_ros2_wrapper/share/orb_slam3_ros2_wrapper/local_setup.bash\n'}
[123.509528] (orb_slam3_ros2_wrapper) StdoutLine: {'line': b'-- Up-to-date: /root/install/orb_slam3_ros2_wrapper/share/orb_slam3_ros2_wrapper/local_setup.sh\n'}
[123.509617] (orb_slam3_ros2_wrapper) StdoutLine: {'line': b'-- Up-to-date: /root/install/orb_slam3_ros2_wrapper/share/orb_slam3_ros2_wrapper/local_setup.zsh\n'}
[123.509669] (orb_slam3_ros2_wrapper) StdoutLine: {'line': b'-- Installing: /root/install/orb_slam3_ros2_wrapper/share/orb_slam3_ros2_wrapper/local_setup.dsv\n'}
[123.509757] (orb_slam3_ros2_wrapper) StdoutLine: {'line': b'-- Installing: /root/install/orb_slam3_ros2_wrapper/share/orb_slam3_ros2_wrapper/package.dsv\n'}
[123.510406] (orb_slam3_ros2_wrapper) StdoutLine: {'line': b'-- Up-to-date: /root/install/orb_slam3_ros2_wrapper/share/ament_index/resource_index/packages/orb_slam3_ros2_wrapper\n'}
[123.510757] (orb_slam3_ros2_wrapper) StdoutLine: {'line': b'-- Up-to-date: /root/install/orb_slam3_ros2_wrapper/share/orb_slam3_ros2_wrapper/cmake/orb_slam3_ros2_wrapperConfig.cmake\n'}
[123.510940] (orb_slam3_ros2_wrapper) StdoutLine: {'line': b'-- Up-to-date: /root/install/orb_slam3_ros2_wrapper/share/orb_slam3_ros2_wrapper/cmake/orb_slam3_ros2_wrapperConfig-version.cmake\n'}
[123.511114] (orb_slam3_ros2_wrapper) StdoutLine: {'line': b'-- Up-to-date: /root/install/orb_slam3_ros2_wrapper/share/orb_slam3_ros2_wrapper/package.xml\n'}
[123.513724] (orb_slam3_ros2_wrapper) CommandEnded: {'returncode': 0}
[123.522686] (-) TimerEvent: {}
[123.525490] (orb_slam3_ros2_wrapper) JobEnded: {'identifier': 'orb_slam3_ros2_wrapper', 'rc': 0}
[123.531375] (-) EventReactorShutdown: {}
